LS|4|8|1|1|3
LT|5|8|1|1|3
LT|5|8|1|1|3
LT|5|8|1|1|3
LT|5|8|1|1|3
LT|5|8|1|1|3
LT|5|8|1|1|3
LZ|6|1|1|1|3
LZ|6|1|1|1|3
LS|4|8|1|1|3
LS|4|8|1|1|3
M3|5|8|1|1|3
M3|5|8|1|1|3
M3|5|8|1|1|3
M3|5|8|1|1|3
M3|5|8|1|1|3
M8|6|1|1|1|3
M8|6|1|1|1|3
LS|4|8|1|1|3
LS|4|8|1|1|3
MC|5|8|1|1|3
MC|5|8|1|1|3
MC|5|8|1|1|3
MC|5|8|1|1|3
MG|6|1|1|1|3
MG|6|1|1|1|3
MG|6|1|1|1|3
MG|6|1|1|1|3
MG|6|1|1|1|3
MG|6|1|1|1|3
MG|6|1|1|1|3
LS|4|8|1|1|3
LR|3|8|1|1|3
MP|5|8|1|1|3
MP|5|8|1|1|3
LR|3|8|1|1|3
MS|5|8|1|1|3
MS|5|8|1|1|3
MU|6|1|1|1|3
MU|6|1|1|1|3
MS|5|8|1|1|3
MS|5|8|1|1|3
MY|6|1|1|1|3
MS|5|8|1|1|3
N0|6|1|1|1|3
MS|5|8|1|1|3
MS|5|8|1|1|3
MS|5|8|1|1|3
N4|6|1|1|1|3
MS|5|8|1|1|3
N6|6|1|1|1|3
MS|5|8|1|1|3
N8|6|1|1|1|3
MS|5|8|1|1|3
1|1|6|1|2|1
NB|3|8|1|1|3
NB|3|8|1|1|3
NB|3|8|1|1|3
NB|3|8|1|1|3
NB|2|7|1|3|1
NG|3|8|1|1|3
NG|3|8|1|1|3
NG|3|8|1|1|3
NB|2|7|1|3|1
NK|3|8|1|1|3
NK|3|8|1|1|3
NK|3|8|1|1|3
NB|2|7|1|3|1
NO|3|8|1|1|3
NO|3|8|1|1|3
NO|3|8|1|1|3
NB|2|7|1|3|1
NS|3|8|1|1|3
NS|3|8|1|1|3
NS|3|8|1|1|3
NS|3|8|1|1|3
NB|2|7|1|3|1
NX|3|8|1|1|3
NX|3|8|1|1|3
NX|3|8|1|1|3
NB|2|7|1|3|1
O1|3|8|1|1|3
O1|3|8|1|1|3
NB|2|7|1|3|1
O4|3|8|1|1|3
O4|3|8|1|1|3
O4|3|8|1|1|3
NB|2|7|1|3|1
O8|3|8|1|1|3
O8|3|8|1|1|3
NB|2|7|1|3|1
OB|3|8|1|1|3
OB|3|8|1|1|3
OB|3|8|1|1|3
OB|3|8|1|1|3
NB|2|7|1|3|1
OG|3|8|1|1|3
OG|3|8|1|1|3
OG|3|8|1|1|3
NB|2|7|1|3|1
OK|3|8|1|1|3
OK|3|8|1|1|3
OK|3|8|1|1|3
NB|2|7|1|3|1
OO|3|8|1|1|3
OO|3|8|1|1|3
NB|2|7|1|3|1
OR|3|8|1|1|3
OR|3|8|1|1|3
OR|3|8|1|1|3
NB|2|8|1|1|1
NB|2|8|1|1|1
NB|2|8|1|1|1
NB|2|8|1|1|1
NB|2|8|1|1|1
NB|2|8|1|1|1
NB|2|8|1|1|1
NB|2|8|1|1|1
NB|2|8|1|1|1
NB|2|8|1|1|1
NB|2|8|1|1|1
NB|2|8|1|1|1
NB|2|8|1|1|1
1|1|6|1|2|1
P8|2|8|1|1|1
P8|2|7|1|3|1
PA|3|8|1|1|3
PA|3|8|1|1|3
PA|3|8|1|1|3
P8|2|7|1|3|1
PE|3|8|1|1|3
PE|3|8|1|1|3
P8|2|7|1|3|1
PH|3|8|1|1|3
PH|3|8|1|1|3
P8|2|7|1|3|1
PK|3|8|1|1|3
PK|3|8|1|1|3
PK|3|8|1|1|3
P8|2|7|1|3|1
PO|3|8|1|1|3
PO|3|8|1|1|3
PO|3|8|1|1|3
P8|2|7|1|3|1
PS|3|8|1|1|3
PS|3|8|1|1|3
PS|3|8|1|1|3
P8|2|7|1|3|1
PW|3|8|1|1|3
PW|3|8|1|1|3
P8|2|7|1|3|1
PZ|3|8|1|1|3
PZ|3|8|1|1|3
P8|2|7|1|3|1
Q2|3|8|1|1|3
Q2|3|8|1|1|3
P8|2|7|1|3|1
Q5|3|8|1|1|3
Q5|3|8|1|1|3
P8|2|7|1|3|1
Q8|3|8|1|1|3
Q8|3|8|1|1|3
P8|2|7|1|3|1
QB|3|8|1|1|3
QB|3|8|1|1|3
P8|2|7|1|3|1
QE|3|8|1|1|3
QE|3|8|1|1|3
P8|2|7|1|3|1
QH|3|8|1|1|3
QH|3|8|1|1|3
QH|3|8|1|1|3
P8|2|8|1|1|1
P8|2|8|1|1|1
P8|2|8|1|1|1
P8|2|8|1|1|1
P8|2|8|1|1|1
P8|2|8|1|1|1
P8|2|8|1|1|1
P8|2|8|1|1|1
P8|2|8|1|1|1
P8|2|8|1|1|1
P8|2|8|1|1|1
P8|2|8|1|1|1
P8|2|8|1|1|1
P8|2|8|1|1|1
1|1|6|1|2|1
QZ|2|8|1|1|1
QZ|2|8|1|1|1
QZ|2|8|1|1|1
QZ|2|7|1|3|1
R3|3|8|1|1|3
R3|3|8|1|1|3
R3|3|8|1|1|3
QZ|2|7|1|3|1
R7|3|8|1|1|3
R7|3|8|1|1|3
R7|3|8|1|1|3
QZ|2|7|1|3|1
RB|3|8|1|1|3
RB|3|8|1|1|3
RB|3|8|1|1|3
QZ|2|7|1|3|1
RF|3|8|1|1|3
RF|3|8|1|1|3
RF|3|8|1|1|3
QZ|2|7|1|3|1
RJ|3|8|1|1|3
RJ|3|8|1|1|3
RJ|3|8|1|1|3
RJ|3|8|1|1|3
QZ|2|7|1|3|1
RO|3|8|1|1|3
RO|3|8|1|1|3
RO|3|8|1|1|3
RO|3|8|1|1|3
RO|3|8|1|1|3
QZ|2|7|1|3|1
RU|3|8|1|1|3
RU|3|8|1|1|3
RU|3|8|1|1|3
QZ|2|7|1|3|1
RY|3|8|1|1|3
RY|3|8|1|1|3
QZ|2|7|1|3|1
S1|3|8|1|1|3
S1|3|8|1|1|3
S1|3|8|1|1|3
QZ|2|7|1|3|1
S5|3|8|1|1|3
S5|3|8|1|1|3
S5|3|8|1|1|3
S5|3|8|1|1|3
QZ|2|7|1|3|1
SA|3|8|1|1|3
SA|3|8|1|1|3
SA|3|8|1|1|3
SA|3|8|1|1|3
SA|3|8|1|1|3
QZ|2|7|1|3|1
SG|3|8|1|1|3
SG|3|8|1|1|3
SG|3|8|1|1|3
SG|3|8|1|1|3
QZ|2|7|1|3|1
SL|3|8|1|1|3
SL|3|8|1|1|3
SL|3|8|1|1|3
QZ|2|7|1|3|1
SP|3|8|1|1|3
SP|3|8|1|1|3
SP|3|8|1|1|3
SP|3|8|1|1|3
QZ|2|8|1|1|1
QZ|2|8|1|1|1
QZ|2|8|1|1|1
QZ|2|8|1|1|1
QZ|2|8|1|1|1
QZ|2|8|1|1|1
QZ|2|8|1|1|1
QZ|2|8|1|1|1
1|1|6|1|2|1
T2|2|8|1|1|1
T2|2|8|1|1|1
T2|2|8|1|1|1
T2|2|8|1|1|1
T2|2|8|1|1|1
T2|2|8|1|1|1
T2|2|8|1|1|1
T2|2|8|1|1|1
T2|2|8|1|1|1
T2|2|8|1|1|1
T2|2|8|1|1|1
T2|2|8|1|1|1
T2|2|8|1|1|1
T2|2|7|1|3|1
TG|3|8|1|1|3
TG|3|8|1|1|3
TG|3|8|1|1|3
TG|3|8|1|1|3
T2|2|7|1|3|1
TL|3|8|1|1|3
TL|3|8|1|1|3
TL|3|8|1|1|3
TL|3|8|1|1|3
T2|2|7|1|3|1
TQ|3|8|1|1|3
TQ|3|8|1|1|3
TQ|3|8|1|1|3
T2|2|7|1|3|1
TU|3|8|1|1|3
TU|3|8|1|1|3
TU|3|8|1|1|3
TU|3|8|1|1|3
TY|5|8|1|1|3
T2|2|7|1|3|1
U0|3|8|1|1|3
U0|3|8|1|1|3
U0|3|8|1|1|3
T2|2|7|1|3|1
U4|3|8|1|1|3
U4|3|8|1|1|3
U4|3|8|1|1|3
T2|2|7|1|3|1
U8|3|8|1|1|3
U8|3|8|1|1|3
U8|3|8|1|1|3
T2|2|7|1|3|1
UC|3|8|1|1|3
UC|3|8|1|1|3
T2|2|7|1|3|1
UF|3|8|1|1|3
UF|3|8|1|1|3
T2|2|7|1|3|1
UI|3|8|1|1|3
UI|3|8|1|1|3
UI|3|8|1|1|3
T2|2|7|1|3|1
UM|3|8|1|1|3
UM|3|8|1|1|3
T2|2|7|1|3|1
UP|3|8|1|1|3
UP|3|8|1|1|3
T2|2|7|1|3|1
US|3|8|1|1|3
US|3|8|1|1|3
T2|2|8|1|1|1
T2|2|8|1|1|1
T2|2|8|1|1|1
T2|2|8|1|1|1
T2|2|8|1|1|1
T2|2|8|1|1|1
T2|2|8|1|1|1
T2|2|8|1|1|1
1|1|6|1|2|1
V3|2|8|1|1|1
V3|2|8|1|1|1
V3|2|8|1|1|1
V3|2|8|1|1|1
V7|4|8|1|1|3
V7|4|8|1|1|3
V7|4|8|1|1|3
V3|2|8|1|1|1
V3|2|8|1|1|1
V3|2|8|1|1|1
V3|2|8|1|1|1
V3|2|7|1|3|1
VF|3|8|1|1|3
VF|3|8|1|1|3
VH|6|4|1|1|3
VF|3|8|1|1|3
VF|3|8|1|1|3
VF|3|8|1|1|3
VL|6|4|1|1|3
VL|6|4|1|1|3
VL|6|4|1|1|3
VL|6|4|1|1|3
VL|6|4|1|1|3
VF|3|8|1|1|3
V3|2|7|1|3|1
VS|3|8|1|1|3
VS|3|8|1|1|3
VU|6|4|1|1|3
VS|3|8|1|1|3
VW|6|4|1|1|3
VW|6|4|1|1|3
VW|6|4|1|1|3
VS|3|8|1|1|3
VS|3|8|1|1|3
VS|3|8|1|1|3
W2|6|4|1|1|3
W2|6|4|1|1|3
VS|3|8|1|1|3
W5|6|4|1|1|3
V3|2|7|1|3|1
W7|3|8|1|1|3
W7|3|8|1|1|3
W9|6|4|1|1|3
W7|3|8|1|1|3
WB|6|4|1|1|3
WB|6|4|1|1|3
WB|6|4|1|1|3
W7|3|8|1|1|3
V3|2|7|1|3|1
WG|3|8|1|1|3
WG|3|8|1|1|3
WI|6|4|1|1|3
WG|3|8|1|1|3
WK|6|4|1|1|3
WK|6|4|1|1|3
WK|6|4|1|1|3
WK|6|4|1|1|3
WK|6|4|1|1|3
WG|3|8|1|1|3
V3|2|7|1|3|1
WR|3|8|1|1|3
WR|3|8|1|1|3
WR|3|8|1|1|3
WU|6|4|1|1|3
WR|3|8|1|1|3
WW|6|4|1|1|3
WW|6|4|1|1|3
WW|6|4|1|1|3
V3|2|7|1|3|1
X0|3|8|1|1|3
X0|3|8|1|1|3
X2|6|4|1|1|3
X0|3|8|1|1|3
X0|3|8|1|1|3
X5|6|4|1|1|3
X5|6|4|1|1|3
X5|6|4|1|1|3
X5|6|4|1|1|3
X0|3|8|1|1|3
V3|2|7|1|3|1
XB|3|8|1|1|3
XB|3|8|1|1|3
XD|6|4|1|1|3
XD|6|4|1|1|3
XD|6|4|1|1|3
XD|6|4|1|1|3
XB|3|8|1|1|3
XB|3|8|1|1|3
V3|2|7|1|3|1
XK|3|8|1|1|3
XK|3|8|1|1|3
XM|6|4|1|1|3
XK|3|8|1|1|3
XO|6|4|1|1|3
XO|6|4|1|1|3
XK|3|8|1|1|3
V3|2|7|1|3|1
XS|3|8|1|1|3
XS|3|8|1|1|3
XU|6|4|1|1|3
XU|6|4|1|1|3
XS|3|8|1|1|3
XX|6|4|1|1|3
XX|6|4|1|1|3
XX|6|4|1|1|3
XS|3|8|1|1|3
Y1|6|4|1|1|3
XS|3|8|1|1|3
Y3|6|4|1|1|3
Y3|6|4|1|1|3
V3|2|7|1|3|1
Y6|3|8|1|1|3
Y6|3|8|1|1|3
Y8|6|4|1|1|3
Y6|3|8|1|1|3
YA|6|4|1|1|3
YA|6|4|1|1|3
YA|6|4|1|1|3
Y6|3|8|1|1|3
V3|2|7|1|3|1
YF|3|8|1|1|3
YF|3|8|1|1|3
YH|6|4|1|1|3
YF|3|8|1|1|3
YJ|6|4|1|1|3
YJ|6|4|1|1|3
YJ|6|4|1|1|3
YF|3|8|1|1|3
YN|6|4|1|1|3
YN|6|4|1|1|3
YN|6|4|1|1|3
V3|2|7|1|3|1
YR|3|8|1|1|3
YR|3|8|1|1|3
YR|3|8|1|1|3
YU|6|4|1|1|3
YR|3|8|1|1|3
YW|6|4|1|1|3
YW|6|4|1|1|3
YR|3|8|1|1|3
V3|2|7|1|3|1
Z0|3|8|1|1|3
Z0|3|8|1|1|3
Z2|6|4|1|1|3
Z2|6|4|1|1|3
Z2|6|4|1|1|3
Z0|3|8|1|1|3
Z6|6|4|1|1|3
Z6|6|4|1|1|3
Z6|6|4|1|1|3
Z0|3|8|1|1|3
V3|2|7|1|3|1
ZB|3|8|1|1|3
ZB|3|8|1|1|3
ZB|3|8|1|1|3
ZE|6|4|1|1|3
ZB|3|8|1|1|3
ZG|6|4|1|1|3
ZG|6|4|1|1|3
ZG|6|4|1|1|3
ZG|6|4|1|1|3
ZB|3|8|1|1|3
ZL|5|5|1|3|3
V3|2|8|1|1|1
V3|2|8|1|1|1
V3|2|8|1|1|1
ZP|5|8|1|1|3
V3|2|8|1|1|1
V3|2|8|1|1|1
ZS|6|4|1|1|3
ZS|6|4|1|1|3
ZS|6|4|1|1|3
ZS|6|4|1|1|3
ZS|6|4|1|1|3
ZS|6|4|1|1|3
ZS|6|4|1|1|3
ZS|6|4|1|1|3
ZS|6|4|1|1|3
ZS|6|4|1|1|3
ZS|6|4|1|1|3
ZS|6|4|1|1|3
ZS|6|4|1|1|3
ZS|6|4|1|1|3
ZS|5|8|1|1|3
V3|2|8|1|1|1
V3|2|8|1|1|1
109|6|4|1|1|3
109|6|4|1|1|3
109|6|4|1|1|3
109|6|4|1|1|3
V3|2|8|1|1|1
10E|6|4|1|1|3
10E|6|4|1|1|3
V3|2|8|1|1|1
10H|6|4|1|1|3
10H|6|4|1|1|3
10H|6|4|1|1|3
10H|6|4|1|1|3
V3|2|8|1|1|1
10M|5|8|1|1|3
V3|2|8|1|1|1
V3|2|8|1|1|1
10P|6|4|1|1|3
10P|6|4|1|1|3
V3|2|8|1|1|1
V3|2|8|1|1|1
V3|2|8|1|1|1
V3|2|8|1|1|1
10V|6|4|1|1|3
10V|6|4|1|1|3
10V|5|8|1|1|3
V3|2|8|1|1|1
V3|2|8|1|1|1
110|6|4|1|1|3
110|6|4|1|1|3
V3|2|8|1|1|1
113|6|4|1|1|3
113|6|4|1|1|3
V3|2|8|1|1|1
V3|2|8|1|1|1
V3|2|8|1|1|1
V3|2|8|1|1|1
119|6|4|1|1|3
119|6|4|1|1|3
119|6|4|1|1|3
119|5|8|1|1|3
V3|2|8|1|1|1
V3|2|8|1|1|1
11F|6|4|1|1|3
11F|6|4|1|1|3
V3|2|8|1|1|1
11I|6|4|1|1|3
11I|6|4|1|1|3
11I|6|4|1|1|3
V3|2|8|1|1|1
V3|2|8|1|1|1
V3|2|8|1|1|1
11O|5|8|1|1|3
V3|2|8|1|1|1
V3|2|8|1|1|1
11R|6|4|1|1|3
11R|6|4|1|1|3
11R|6|4|1|1|3
11R|6|4|1|1|3
V3|2|8|1|1|1
11W|6|4|1|1|3
11W|6|4|1|1|3
11W|6|4|1|1|3
V3|2|8|1|1|1
120|6|4|1|1|3
120|6|4|1|1|3
120|6|4|1|1|3
V3|2|8|1|1|1
124|6|4|1|1|3
124|6|4|1|1|3
124|5|8|1|1|3
V3|2|8|1|1|1
V3|2|8|1|1|1
129|6|4|1|1|3
129|6|4|1|1|3
129|6|4|1|1|3
129|6|4|1|1|3
V3|2|8|1|1|1
12E|6|4|1|1|3
12E|6|4|1|1|3
12E|6|4|1|1|3
12E|6|4|1|1|3
12E|6|4|1|1|3
12E|6|4|1|1|3
V3|2|8|1|1|1
12L|6|4|1|1|3
12L|6|4|1|1|3
V3|2|8|1|1|1
12O|6|4|1|1|3
12O|6|4|1|1|3
1|1|6|1|2|1
12R|2|8|1|1|1
12R|2|8|1|1|1
12R|2|8|1|1|1
12R|2|8|1|1|1
12R|2|8|1|1|1
12R|2|8|1|1|1
12R|2|7|1|3|1
12Y|3|8|1|1|3
12Y|3|8|1|1|3
12Y|3|8|1|1|3
131|6|4|1|1|3
12Y|3|8|1|1|3
133|6|4|1|1|3
12Y|3|8|1|1|3
135|6|4|1|1|3
135|6|4|1|1|3
135|6|4|1|1|3
135|6|4|1|1|3
135|6|4|1|1|3
12Y|3|8|1|1|3
12R|2|7|1|3|1
13C|3|8|1|1|3
13C|3|8|1|1|3
13E|6|4|1|1|3
13E|6|4|1|1|3
13E|6|4|1|1|3
13C|3|8|1|1|3
13I|6|4|1|1|3
13I|6|4|1|1|3
13I|6|4|1|1|3
13C|3|8|1|1|3
12R|2|7|1|3|1
13N|3|8|1|1|3
13N|3|8|1|1|3
13N|3|8|1|1|3
13Q|6|4|1|1|3
13Q|6|4|1|1|3
13Q|6|4|1|1|3
13N|3|8|1|1|3
12R|2|7|1|3|1
13V|3|8|1|1|3
13V|3|8|1|1|3
13X|6|4|1|1|3
13V|3|8|1|1|3
13Z|6|4|1|1|3
13Z|6|4|1|1|3
13Z|6|4|1|1|3
13Z|6|4|1|1|3
13Z|6|4|1|1|3
13V|3|8|1|1|3
12R|2|7|1|3|1
146|3|8|1|1|3
146|3|8|1|1|3
148|6|4|1|1|3
146|3|8|1|1|3
146|3|8|1|1|3
14B|6|4|1|1|3
14B|6|4|1|1|3
14B|6|4|1|1|3
146|3|8|1|1|3
14F|6|4|1|1|3
14F|6|4|1|1|3
12R|2|7|1|3|1
14I|3|8|1|1|3
14I|3|8|1|1|3
14I|3|8|1|1|3
14L|6|4|1|1|3
14L|6|4|1|1|3
14L|6|4|1|1|3
14L|6|4|1|1|3
14L|6|4|1|1|3
14I|3|8|1|1|3
12R|2|7|1|3|1
14S|3|8|1|1|3
14S|3|8|1|1|3
14U|6|4|1|1|3
14S|3|8|1|1|3
14W|6|4|1|1|3
14W|6|4|1|1|3
14W|6|4|1|1|3
14W|6|4|1|1|3
14S|3|8|1|1|3
14S|3|8|1|1|3
14S|3|8|1|1|3
12R|2|7|1|3|1
154|3|8|1|1|3
154|3|8|1|1|3
154|3|8|1|1|3
157|6|4|1|1|3
157|6|4|1|1|3
154|3|8|1|1|3
15A|6|4|1|1|3
154|3|8|1|1|3
15C|6|4|1|1|3
154|3|8|1|1|3
15E|6|4|1|1|3
15E|6|4|1|1|3
15E|6|4|1|1|3
154|3|8|1|1|3
12R|2|7|1|3|1
15J|3|8|1|1|3
15J|3|8|1|1|3
15L|6|4|1|1|3
15J|3|8|1|1|3
15N|6|4|1|1|3
15N|6|4|1|1|3
15J|3|8|1|1|3
15Q|6|4|1|1|3
15Q|6|4|1|1|3
15Q|6|4|1|1|3
15Q|6|4|1|1|3
15Q|6|4|1|1|3
15J|3|8|1|1|3
12R|2|7|1|3|1
15X|3|8|1|1|3
15X|3|8|1|1|3
15Z|6|4|1|1|3
15X|3|8|1|1|3
161|6|4|1|1|3
15X|3|8|1|1|3
163|6|4|1|1|3
163|6|4|1|1|3
15X|3|8|1|1|3
12R|2|7|1|3|1
167|3|8|1|1|3
167|3|8|1|1|3
167|3|8|1|1|3
167|3|8|1|1|3
167|3|8|1|1|3
16C|6|4|1|1|3
16C|6|4|1|1|3
16C|6|4|1|1|3
16C|6|4|1|1|3
16C|6|4|1|1|3
16C|6|4|1|1|3
167|3|8|1|1|3
12R|2|7|1|3|1
16K|3|8|1|1|3
16K|3|8|1|1|3
16K|3|8|1|1|3
16N|6|4|1|1|3
16K|3|8|1|1|3
16P|6|4|1|1|3
16P|6|4|1|1|3
16P|6|4|1|1|3
16K|3|8|1|1|3
16K|3|8|1|1|3
12R|2|7|1|3|1
16V|3|8|1|1|3
16V|3|8|1|1|3
16V|3|8|1|1|3
16V|3|8|1|1|3
16V|3|8|1|1|3
170|6|4|1|1|3
170|6|4|1|1|3
170|6|4|1|1|3
16V|3|8|1|1|3
12R|2|7|1|3|1
175|3|8|1|1|3
175|3|8|1|1|3
177|6|4|1|1|3
177|6|4|1|1|3
175|3|8|1|1|3
17A|6|4|1|1|3
175|3|8|1|1|3
17C|6|4|1|1|3
17C|6|4|1|1|3
17C|6|4|1|1|3
175|3|8|1|1|3
17G|5|8|1|3|3
12R|2|8|1|1|1
12R|2|8|1|1|1
17J|6|4|1|1|3
17J|6|4|1|1|3
12R|2|8|1|1|1
17M|6|4|1|1|3
17M|6|4|1|1|3
12R|2|8|1|1|1
17P|6|4|1|1|3
17P|6|4|1|1|3
17P|6|4|1|1|3
12R|2|8|1|1|1
17T|6|4|1|1|3
17T|6|4|1|1|3
12R|2|8|1|1|1
17W|6|4|1|1|3
17W|6|4|1|1|3
12R|2|8|1|1|1
17Z|6|4|1|1|3
17Z|6|4|1|1|3
12R|2|8|1|1|1
182|6|4|1|1|3
182|6|4|1|1|3
1|1|6|1|2|1
185|2|8|1|1|1
185|2|8|1|1|1
185|2|8|1|1|1
185|2|8|1|1|1
185|2|7|1|3|1
18A|3|8|1|1|3
18A|3|8|1|1|3
18A|3|8|1|1|3
18A|3|8|1|1|3
18A|3|8|1|1|3
18F|6|4|1|1|3
18F|6|4|1|1|3
18F|6|4|1|1|3
18F|6|4|1|1|3
18F|6|4|1|1|3
185|2|7|1|3|1
18L|3|8|1|1|3
18L|3|8|1|1|3
18N|6|4|1|1|3
18L|3|8|1|1|3
18P|6|4|1|1|3
18P|6|4|1|1|3
18P|6|4|1|1|3
18L|3|8|1|1|3
18T|6|4|1|1|3
18T|6|4|1|1|3
18T|6|4|1|1|3
185|2|7|1|3|1
18X|3|8|1|1|3
18X|3|8|1|1|3
18Z|6|4|1|1|3
18X|3|8|1|1|3
18X|3|8|1|1|3
192|6|4|1|1|3
192|6|4|1|1|3
192|6|4|1|1|3
18X|3|8|1|1|3
196|6|4|1|1|3
185|2|7|1|3|1
198|3|8|1|1|3
198|3|8|1|1|3
198|3|8|1|1|3
198|3|8|1|1|3
198|3|8|1|1|3
198|3|8|1|1|3
19E|6|4|1|1|3
19E|6|4|1|1|3
19E|6|4|1|1|3
19E|6|4|1|1|3
19E|6|4|1|1|3
198|3|8|1|1|3
185|2|7|1|3|1
19L|3|8|1|1|3
19L|3|8|1|1|3
19L|3|8|1|1|3
19L|3|8|1|1|3
19P|6|4|1|1|3
19P|6|4|1|1|3
19P|6|4|1|1|3
19L|3|8|1|1|3
185|2|7|1|3|1
19U|3|8|1|1|3
19U|3|8|1|1|3
19U|3|8|1|1|3
19X|6|4|1|1|3
19U|3|8|1|1|3
19Z|6|4|1|1|3
19Z|6|4|1|1|3
19Z|6|4|1|1|3
19Z|6|4|1|1|3
19Z|6|4|1|1|3
19U|3|8|1|1|3
185|2|7|1|3|1
1A6|3|8|1|1|3
1A6|3|8|1|1|3
1A8|6|4|1|1|3
1A6|3|8|1|1|3
1A6|3|8|1|1|3
1A6|3|8|1|1|3
185|2|7|1|3|1
1AD|3|8|1|1|3
1AD|3|8|1|1|3
1AD|3|8|1|1|3
1AG|6|4|1|1|3
1AG|6|4|1|1|3
1AG|6|4|1|1|3
1AD|3|8|1|1|3
1AK|6|4|1|1|3
185|2|7|1|3|1
1AM|3|8|1|1|3
1AM|3|8|1|1|3
1AM|3|8|1|1|3
1AM|3|8|1|1|3
1AQ|6|4|1|1|3
1AM|3|8|1|1|3
185|2|7|1|3|1
1AT|3|8|1|1|3
1AT|3|8|1|1|3
1AT|3|8|1|1|3
1AT|3|8|1|1|3
1AX|6|4|1|1|3
1AX|6|4|1|1|3
1AX|6|4|1|1|3
185|2|7|1|3|1
1B1|3|8|1|1|3
1B1|3|8|1|1|3
1B3|6|4|1|1|3
1B3|6|4|1|1|3
1B1|3|8|1|1|3
1B6|6|4|1|1|3
1B1|3|8|1|1|3
1B8|6|4|1|1|3
1B8|6|4|1|1|3
1B8|6|4|1|1|3
1B1|3|8|1|1|3
185|2|7|1|3|1
1BD|3|8|1|1|3
1BD|3|8|1|1|3
1BF|6|4|1|1|3
1BD|3|8|1|1|3
1BH|6|4|1|1|3
1BH|6|4|1|1|3
1BD|3|8|1|1|3
1BD|3|8|1|1|3
1BD|3|8|1|1|3
185|2|7|1|3|1
1BN|3|8|1|1|3
1BN|3|8|1|1|3
1BP|6|4|1|1|3
1BN|3|8|1|1|3
1BN|3|8|1|1|3
1BS|6|4|1|1|3
1BS|6|4|1|1|3
1BS|6|4|1|1|3
1BS|6|4|1|1|3
185|2|7|1|3|1
1BX|3|8|1|1|3
1BX|3|8|1|1|3
1BZ|6|4|1|1|3
1BX|3|8|1|1|3
1C1|6|4|1|1|3
1C1|6|4|1|1|3
1C1|6|4|1|1|3
1BX|3|8|1|1|3
1C5|6|4|1|1|3
1C5|6|4|1|1|3
1C5|6|4|1|1|3
1BX|3|8|1|1|3
1C9|6|4|1|1|3
1C9|6|4|1|1|3
1C9|5|8|1|3|3
185|2|8|1|1|1
185|2|8|1|1|1
1CE|6|4|1|1|3
1CE|6|4|1|1|3
1CE|6|4|1|1|3
185|2|8|1|1|1
1CI|6|4|1|1|3
1CI|6|4|1|1|3
185|2|8|1|1|1
1CL|6|4|1|1|3
1CL|6|4|1|1|3
185|2|8|1|1|1
1CO|6|4|1|1|3
185|2|8|1|1|1
1CQ|6|4|1|1|3
185|2|8|1|1|1
1CS|6|4|1|1|3
1CS|6|4|1|1|3
1CS|6|4|1|1|3
185|2|8|1|1|1
1CW|6|4|1|1|3
1|1|6|1|2|1
1CY|2|8|1|1|1
1CY|2|8|1|1|1
1D0|6|4|1|1|3
1D0|6|4|1|1|3
1CY|2|8|1|1|1
1CY|2|8|1|1|1
1D4|6|4|1|1|3
1D4|6|4|1|1|3
1D4|6|1|1|1|3
1D4|6|1|1|1|3
1D4|6|4|1|1|3
1D4|6|4|1|1|3
1D4|6|4|1|1|3
1D4|6|4|1|1|3
1CY|2|8|1|1|1
1DD|6|1|1|1|3
1CY|2|7|1|3|1
1DF|3|8|1|1|3
1DG|6|4|1|1|3
1DG|6|1|1|1|3
1DG|6|1|1|1|3
1DG|6|4|1|1|3
1DG|6|1|1|1|3
1DG|6|1|1|1|3
1DF|3|8|1|1|3
1DN|6|4|1|1|3
1DN|6|4|1|1|3
1DN|6|4|1|1|3
1DN|6|4|1|1|3
1DN|6|1|1|1|3
1DN|6|4|1|1|3
1DN|6|1|1|1|3
1DN|6|1|1|1|3
1DF|3|8|1|1|3
1DW|6|4|1|1|3
1DW|6|1|1|1|3
1DW|6|1|1|1|3
1DW|6|1|1|1|3
1DW|6|1|1|1|3
1DW|6|1|1|1|3
1DW|6|1|1|1|3
1DW|6|4|1|1|3
1DW|6|1|1|1|3
1DW|6|1|1|1|3
1DW|6|1|1|1|3
1DW|6|4|1|1|3
1DW|6|1|1|1|3
1DW|6|1|1|1|3
1DW|6|1|1|1|3
1DW|6|1|1|1|3
1DW|6|4|1|1|3
1DW|6|1|1|1|3
1DW|6|1|1|1|3
1DW|6|1|1|1|3
1DW|6|1|1|1|3
1DW|6|1|1|1|3
1DW|6|1|1|1|3
1DW|6|1|1|1|3
1DW|6|1|1|1|3
1DW|6|4|1|1|3
1DW|6|1|1|1|3
1DW|6|1|1|1|3
1DW|6|1|1|1|3
1DW|6|1|1|1|3
1DW|6|1|1|1|3
1DW|6|4|1|1|3
1DW|6|1|1|1|3
1DW|6|1|1|1|3
1DW|6|1|1|1|3
1DW|6|1|1|1|3
1DW|6|1|1|1|3
1DW|6|1|1|1|3
1CY|2|7|1|3|1
1EZ|3|8|1|1|3
1F0|6|4|1|1|3
1F0|6|1|1|1|3
1F0|6|1|1|1|3
1F0|6|4|1|1|3
1F0|6|1|1|1|3
1F0|6|1|1|1|3
1F0|6|4|1|1|3
1F0|6|1|1|1|3
1F0|6|1|1|1|3
1EZ|3|8|1|1|3
1FA|6|4|1|1|3
1FA|6|4|1|1|3
1FA|6|4|1|1|3
1EZ|3|8|1|1|3
1FE|6|4|1|1|3
1FE|6|1|1|1|3
1FE|6|1|1|1|3
1FE|6|1|1|1|3
1FE|6|1|1|1|3
1FE|6|4|1|1|3
1FE|6|1|1|1|3
1FE|6|1|1|1|3
1FE|6|1|1|1|3
1FE|6|1|1|1|3
1FE|6|1|1|1|3
1FE|6|4|1|1|3
1FE|6|1|1|1|3
1FE|6|1|1|1|3
1FE|6|1|1|1|3
1FE|6|4|1|1|3
1FE|6|1|1|1|3
1FE|6|1|1|1|3
1FE|6|1|1|1|3
1FE|6|1|1|1|3
1FE|6|1|1|1|3
1FE|6|4|1|1|3
1FE|6|1|1|1|3
1FE|6|1|1|1|3
1FE|6|1|1|1|3
1FE|6|1|1|1|3
1FE|6|1|1|1|3
1FE|6|4|1|1|3
1FE|6|1|1|1|3
1FE|6|1|1|1|3
1FE|6|1|1|1|3
1FE|6|1|1|1|3
1FE|6|1|1|1|3
1CY|2|7|1|3|1
1GC|3|8|1|1|3
1GD|6|4|1|1|3
1GD|6|1|1|1|3
1GD|6|1|1|1|3
1GD|6|1|1|1|3
1GD|6|4|1|1|3
1GD|6|1|1|1|3
1GD|6|1|1|1|3
1GD|6|4|1|1|3
1GD|6|1|1|1|3
1GC|3|8|1|1|3
1GN|6|4|1|1|3
1GN|6|4|1|1|3
1GN|6|4|1|1|3
1GN|6|1|1|1|3
1GN|6|1|1|1|3
1GN|6|1|1|1|3
1GN|6|1|1|1|3
1GN|6|1|1|1|3
1GC|3|8|1|1|3
1GW|6|4|1|1|3
1GW|6|1|1|1|3
1GW|6|4|1|1|3
1GW|6|1|1|1|3
1GW|6|1|1|1|3
1GW|6|1|1|1|3
1GW|6|1|1|1|3
1GW|6|1|1|1|3
1GW|6|1|1|1|3
1GW|6|1|1|1|3
1GW|6|1|1|1|3
1GW|6|4|1|1|3
1GW|6|1|1|1|3
1GW|6|1|1|1|3
1GW|6|1|1|1|3
1GW|6|1|1|1|3
1GW|6|1|1|1|3
1GW|6|1|1|1|3
1GW|6|1|1|1|3
1GW|6|4|1|1|3
1GW|6|1|1|1|3
1GW|6|4|1|1|3
1GW|6|1|1|1|3
1CY|2|7|1|3|1
1HK|3|8|1|1|3
1HL|6|4|1|1|3
1HL|6|1|1|1|3
1HL|6|1|1|1|3
1HL|6|1|1|1|3
1HL|6|4|1|1|3
1HL|6|1|1|1|3
1HL|6|1|1|1|3
1HL|6|1|1|1|3
1HL|6|4|1|1|3
1HL|6|1|1|1|3
1HK|3|8|1|1|3
1HW|6|4|1|1|3
1HW|6|4|1|1|3
1HW|6|4|1|1|3
1HW|6|4|1|1|3
1HW|6|4|1|1|3
1HK|3|8|1|1|3
1I2|6|4|1|1|3
1I2|6|1|1|1|3
1I2|6|1|1|1|3
1I2|6|1|1|1|3
1I2|6|4|1|1|3
1I2|6|1|1|1|3
1I2|6|1|1|1|3
1I2|6|1|1|1|3
1I2|6|1|1|1|3
1I2|6|1|1|1|3
1I2|6|4|1|1|3
1I2|6|1|1|1|3
1I2|6|1|1|1|3
1I2|6|1|1|1|3
1I2|6|1|1|1|3
1I2|6|1|1|1|3
1I2|6|4|1|1|3
1I2|6|1|1|1|3
1I2|6|1|1|1|3
1I2|6|1|1|1|3
1I2|6|1|1|1|3
1I2|6|4|1|1|3
1I2|6|1|1|1|3
1I2|6|1|1|1|3
1I2|6|1|1|1|3
1I2|6|4|1|1|3
1I2|6|1|1|1|3
1I2|6|1|1|1|3
1I2|6|1|1|1|3
1I2|6|1|1|1|3
1I2|6|1|1|1|3
1I2|6|1|1|1|3
1CY|2|7|1|3|1
1IZ|3|8|1|1|3
1J0|6|4|1|1|3
1J0|6|1|1|1|3
1J0|6|4|1|1|3
1J0|6|1|1|1|3
1J0|6|1|1|1|3
1J0|6|1|1|1|3
1J0|6|1|1|1|3
1J0|6|1|1|1|3
1IZ|3|8|1|1|3
1J9|6|4|1|1|3
1J9|6|4|1|1|3
1J9|6|4|1|1|3
1IZ|3|8|1|1|3
1JD|6|4|1|1|3
1JD|6|1|1|1|3
1JD|6|1|1|1|3
1JD|6|1|1|1|3
1JD|6|1|1|1|3
1JD|6|1|1|1|3
1JD|6|4|1|1|3
1JD|6|1|1|1|3
1JD|6|1|1|1|3
1JD|6|1|1|1|3
1JD|6|1|1|1|3
1JD|6|1|1|1|3
1JD|6|1|1|1|3
1JD|6|4|1|1|3
1JD|6|1|1|1|3
1JD|6|1|1|1|3
1JD|6|1|1|1|3
1JD|6|1|1|1|3
1JD|6|4|1|1|3
1JD|6|1|1|1|3
1JD|6|4|1|1|3
1JD|6|1|1|1|3
1JD|6|4|1|1|3
1JD|6|1|1|1|3
1JD|6|1|1|1|3
1CY|2|7|1|3|1
1K3|3|8|1|1|3
1K4|6|4|1|1|3
1K4|6|4|1|1|3
1K4|6|1|1|1|3
1K4|6|4|1|1|3
1K4|6|1|1|1|3
1K4|6|4|1|1|3
1K4|6|1|1|1|3
1K3|3|8|1|1|3
1KC|6|4|1|1|3
1KC|6|4|1|1|3
1KC|6|4|1|1|3
1KC|6|4|1|1|3
1KC|6|4|1|1|3
1K3|3|8|1|1|3
1KI|6|4|1|1|3
1KI|6|1|1|1|3
1KI|6|1|1|1|3
1KI|6|1|1|1|3
1KI|6|1|1|1|3
1KI|6|4|1|1|3
1KI|6|1|1|1|3
1KI|6|1|1|1|3
1KI|6|1|1|1|3
1KI|6|4|1|1|3
1KI|6|1|1|1|3
1KI|6|1|1|1|3
1KI|6|1|1|1|3
1KI|6|4|1|1|3
1KI|6|1|1|1|3
1KI|6|1|1|1|3
1KI|6|1|1|1|3
1KI|6|1|1|1|3
1KI|6|4|1|1|3
1KI|6|1|1|1|3
1KI|6|1|1|1|3
1KI|6|1|1|1|3
1KI|6|4|1|1|3
1KI|6|1|1|1|3
1KI|6|1|1|1|3
1KI|6|1|1|1|3
1KI|6|1|1|1|3
1KI|6|1|1|1|3
1KI|6|1|1|1|3
1KI|6|1|1|1|3
1KI|6|1|1|1|3
1CY|2|7|1|3|1
1LE|3|8|1|1|3
1LF|6|4|1|1|3
1LF|6|1|1|1|3
1LF|6|1|1|1|3
1LF|6|1|1|1|3
1LF|6|4|1|1|3
1LF|5|3|1|1|3
1LL|6|4|1|1|3
1LL|6|1|1|1|3
1LL|6|1|1|1|3
1LL|6|1|1|1|3
1LE|3|8|1|1|3
1LQ|6|4|1|1|3
1LQ|6|1|1|1|3
1LQ|6|4|1|1|3
1LQ|6|1|1|1|3
1LQ|6|1|1|1|3
1LQ|6|4|1|1|3
1LQ|6|1|1|1|3
1LQ|6|1|1|1|3
1LQ|6|1|1|1|3
1LQ|6|1|1|1|3
1LQ|6|1|1|1|3
1CY|2|7|1|3|1
1M2|3|8|1|1|3
1M3|6|4|1|1|3
1M3|6|1|1|1|3
1M3|6|1|1|1|3
1M3|6|4|1|1|3
1M3|6|1|1|1|3
1M3|6|1|1|1|3
1M3|6|1|1|1|3
1M3|6|1|1|1|3
1M3|6|1|1|1|3
1M3|6|4|1|1|3
1M3|6|1|1|1|3
1M3|6|4|1|1|3
1M3|6|4|1|1|3
1M3|6|1|1|1|3
1M3|6|1|1|1|3
1M3|6|1|1|1|3
1M3|6|1|1|1|3
1M3|6|1|1|1|3
1M3|6|1|1|1|3
1M2|3|8|1|1|3
1MN|6|4|1|1|3
1MN|6|1|1|1|3
1MN|6|1|1|1|3
1MN|6|4|1|1|3
1MN|6|4|1|1|3
1MN|6|1|1|1|3
1MN|6|1|1|1|3
1MN|6|1|1|1|3
1CY|2|7|1|3|1
1MW|3|8|1|1|3
1MX|6|4|1|1|3
1MX|6|1|1|1|3
1MX|6|1|1|1|3
1MX|6|1|1|1|3
1MX|6|1|1|1|3
1MX|6|1|1|1|3
1MX|6|1|1|1|3
1MX|6|1|1|1|3
1MX|6|1|1|1|3
1MX|6|4|1|1|3
1MX|6|1|1|1|3
1MX|6|1|1|1|3
1MX|6|4|1|1|3
1MX|6|1|1|1|3
1MX|6|1|1|1|3
1MX|6|1|1|1|3
1MX|6|1|1|1|3
1MW|3|8|1|1|3
1NF|6|4|1|1|3
1NF|6|1|1|1|3
1NF|6|1|1|1|3
1NF|6|1|1|1|3
1NF|6|1|1|1|3
1NF|6|4|1|1|3
1NF|6|1|1|1|3
1NF|6|1|1|1|3
1NF|6|1|1|1|3
1NF|6|4|1|1|3
1NF|6|1|1|1|3
1NF|6|1|1|1|3
1NF|6|1|1|1|3
1CY|2|7|1|3|1
1NT|3|8|1|1|3
1NU|6|4|1|1|3
1NU|6|1|1|1|3
1NU|6|4|1|1|3
1NU|6|1|1|1|3
1NU|6|4|1|1|3
1NU|6|1|1|1|3
1NU|6|1|1|1|3
1NT|3|8|1|1|3
1O2|6|4|1|1|3
1O2|6|1|1|1|3
1O2|6|1|1|1|3
1O2|6|1|1|1|3
1O2|6|1|1|1|3
1O2|6|4|1|1|3
1O2|6|1|1|1|3
1O2|6|1|1|1|3
1O2|6|1|1|1|3
1O2|6|1|1|1|3
1O2|6|1|1|1|3
1O2|6|4|1|1|3
1O2|6|1|1|1|3
1O2|6|1|1|1|3
1O2|6|1|1|1|3
1O2|6|1|1|1|3
1O2|6|1|1|1|3
1CY|2|7|1|3|1
1OK|3|8|1|1|3
1OL|6|4|1|1|3
1OL|6|1|1|1|3
1OL|6|1|1|1|3
1OL|6|1|1|1|3
1OL|6|4|1|1|3
1OL|6|1|1|1|3
1OL|6|1|1|1|3
1OL|6|1|1|1|3
1OL|6|1|1|1|3
1OL|6|4|1|1|3
1OL|6|1|1|1|3
1OL|6|1|1|1|3
1OL|6|1|1|1|3
1OK|3|8|1|1|3
1OZ|6|4|1|1|3
1OZ|6|1|1|1|3
1OZ|6|4|1|1|3
1OZ|6|1|1|1|3
1OZ|6|1|1|1|3
1OZ|6|1|1|1|3
1OZ|6|1|1|1|3
1OZ|6|4|1|1|3
1OZ|6|1|1|1|3
1OZ|6|1|1|1|3
1OZ|6|1|1|1|3
1CY|2|7|1|3|1
1PB|3|8|1|1|3
1PC|6|4|1|1|3
1PC|6|1|1|1|3
1PC|6|4|1|1|3
1PC|6|1|1|1|3
1PC|6|1|1|1|3
1PC|6|4|1|1|3
1PC|6|1|1|1|3
1PC|6|1|1|1|3
1PC|6|1|1|1|3
1PC|6|4|1|1|3
1PC|6|1|1|1|3
1PB|3|8|1|1|3
1PO|6|4|1|1|3
1PO|6|1|1|1|3
1PO|6|1|1|1|3
1PO|6|4|1|1|3
1PO|6|1|1|1|3
1PO|6|1|1|1|3
1PO|6|1|1|1|3
1PO|6|4|1|1|3
1PO|6|1|1|1|3
1PO|6|1|1|1|3
1CY|2|7|1|3|1
1PZ|3|8|1|1|3
1Q0|6|4|1|1|3
1Q0|6|1|1|1|3
1Q0|6|1|1|1|3
1Q0|6|1|1|1|3
1Q0|6|1|1|1|3
1Q0|6|1|1|1|3
1Q0|6|1|1|1|3
1Q0|6|1|1|1|3
1Q0|6|1|1|1|3
1Q0|6|4|1|1|3
1Q0|6|1|1|1|3
1Q0|6|1|1|1|3
1Q0|6|1|1|1|3
1PZ|3|8|1|1|3
1QE|6|4|1|1|3
1QE|6|1|1|1|3
1QE|6|1|1|1|3
1QE|6|1|1|1|3
1QE|6|4|1|1|3
1QE|6|1|1|1|3
1QE|6|1|1|1|3
1QE|6|4|1|1|3
1QE|6|1|1|1|3
1QE|6|1|1|1|3
1QE|6|1|1|1|3
1QE|6|1|1|1|3
1QE|6|1|1|1|3
1CY|2|7|1|3|1
1QS|3|8|1|1|3
1QT|6|4|1|1|3
1QT|6|1|1|1|3
1QT|6|1|1|1|3
1QT|6|1|1|1|3
1QT|6|1|1|1|3
1QT|6|1|1|1|3
1QT|6|1|1|1|3
1QT|6|1|1|1|3
1QT|6|1|1|1|3
1QT|6|4|1|1|3
1QT|6|4|1|1|3
1QT|6|1|1|1|3
1QT|6|1|1|1|3
1QS|3|8|1|1|3
1R7|6|4|1|1|3
1R7|6|1|1|1|3
1R7|6|1|1|1|3
1R7|6|1|1|1|3
1R7|6|1|1|1|3
1R7|6|4|1|1|3
1R7|6|1|1|1|3
1R7|6|1|1|1|3
1R7|6|1|1|1|3
1R7|6|4|1|1|3
1R7|6|1|1|1|3
1R7|6|1|1|1|3
1R7|6|1|1|1|3
1R7|6|1|1|1|3
1R7|6|1|1|1|3
1R7|6|1|1|1|3
1|1|6|1|2|1
1RO|2|8|1|1|1
1RO|2|8|1|1|1
1RO|2|8|1|1|1
1RO|2|8|1|1|1
1RO|2|8|1|1|1
1RO|2|7|1|3|1
1RU|3|8|1|1|3
1RV|6|4|1|1|3
1RV|6|1|1|1|3
1RV|6|1|1|1|3
1RV|6|1|1|1|3
1RV|6|1|1|1|3
1RV|6|4|1|1|3
1RU|3|8|1|1|3
1S2|6|4|1|1|3
1S2|6|1|1|1|3
1S2|6|4|1|1|3
1S2|6|1|1|1|3
1S2|6|4|1|1|3
1S2|6|1|1|1|3
1S2|6|4|1|1|3
1S2|6|1|1|1|3
1S2|6|4|1|1|3
1S2|6|1|1|1|3
1RU|3|8|1|1|3
1SD|6|4|1|1|3
1SD|6|1|1|1|3
1SD|6|4|1|1|3
1SD|6|4|1|1|3
1SD|6|4|1|1|3
1SD|6|1|1|1|3
1SD|6|1|1|1|3
1RO|2|7|1|3|1
1SL|3|8|1|1|3
1SM|6|4|1|1|3
1SM|6|1|1|1|3
1SM|6|1|1|1|3
1SL|3|8|1|1|3
1SQ|6|4|1|1|3
1SQ|6|1|1|1|3
1SQ|6|1|1|1|3
1SQ|6|4|1|1|3
1SQ|6|1|1|1|3
1SQ|6|1|1|1|3
1SQ|6|4|1|1|3
1SQ|6|1|1|1|3
1SQ|6|1|1|1|3
1SQ|6|1|1|1|3
1SQ|6|1|1|1|3
1SQ|6|1|1|1|3
1SL|3|8|1|1|3
1RO|2|7|1|3|1
1T4|3|8|1|1|3
1T5|6|4|1|1|3
1T5|6|1|1|1|3
1T5|6|1|1|1|3
1T5|6|1|1|1|3
1T5|6|4|1|1|3
1T5|6|4|1|1|3
1T5|6|1|1|1|3
1T4|3|8|1|1|3
1TD|6|4|1|1|3
1TD|6|1|1|1|3
1TD|6|1|1|1|3
1TD|6|1|1|1|3
1TD|6|1|1|1|3
1TD|6|4|1|1|3
1TD|6|1|1|1|3
1TD|6|1|1|1|3
1TD|6|1|1|1|3
1TD|6|1|1|1|3
1TD|6|1|1|1|3
1TD|6|1|1|1|3
1TD|6|4|1|1|3
1TD|6|1|1|1|3
1TD|6|1|1|1|3
1TD|6|1|1|1|3
1TD|6|1|1|1|3
1TD|6|1|1|1|3
1TD|6|1|1|1|3
1TD|6|1|1|1|3
1TD|6|4|1|1|3
1T4|3|8|1|1|3
1TZ|6|1|1|1|3
1TZ|6|1|1|1|3
1RO|2|7|1|3|1
1U2|3|8|1|1|3
1U3|6|4|1|1|3
1U3|6|1|1|1|3
1U3|6|1|1|1|3
1U3|6|4|1|1|3
1U3|6|1|1|1|3
1U3|6|1|1|1|3
1U3|6|1|1|1|3
1U2|3|8|1|1|3
1UB|6|4|1|1|3
1UB|6|1|1|1|3
1UB|6|1|1|1|3
1UB|6|4|1|1|3
1UB|6|1|1|1|3
1UB|6|1|1|1|3
1UB|6|1|1|1|3
1UB|6|4|1|1|3
1UB|6|1|1|1|3
1UB|6|1|1|1|3
1UB|6|1|1|1|3
1UB|6|1|1|1|3
1UB|6|4|1|1|3
1UB|6|1|1|1|3
1UB|6|1|1|1|3
1UB|6|1|1|1|3
1UB|6|4|1|1|3
1UB|6|1|1|1|3
1UB|6|1|1|1|3
1UB|6|1|1|1|3
1U2|3|8|1|1|3
1UW|6|4|1|1|3
1UW|6|1|1|1|3
1UW|6|4|1|1|3
1UW|6|1|1|1|3
1UW|6|1|1|1|3
1RO|2|7|1|3|1
1V2|3|8|1|1|3
1V3|6|4|1|1|3
1V3|6|1|1|1|3
1V3|6|1|1|1|3
1V3|6|1|1|1|3
1V3|6|4|1|1|3
1V3|6|1|1|1|3
1V3|6|1|1|1|3
1V3|6|4|1|1|3
1V3|6|1|1|1|3
1V3|6|4|1|1|3
1V3|6|1|1|1|3
1V3|6|1|1|1|3
1V3|6|4|1|1|3
1V3|6|1|1|1|3
1V2|3|8|1|1|3
1VI|6|4|1|1|3
1VI|6|1|1|1|3
1VI|6|1|1|1|3
1VI|6|1|1|1|3
1VI|6|1|1|1|3
1VI|6|4|1|1|3
1VI|6|1|1|1|3
1VI|6|1|1|1|3
1VI|6|1|1|1|3
1VI|6|4|1|1|3
1VI|6|1|1|1|3
1VI|6|1|1|1|3
1VI|6|1|1|1|3
1VI|6|1|1|1|3
1VI|6|1|1|1|3
1RO|2|7|1|3|1
1VY|3|8|1|1|3
1VZ|6|4|1|1|3
1VZ|6|1|1|1|3
1VZ|6|1|1|1|3
1VZ|6|1|1|1|3
1VZ|6|4|1|1|3
1VZ|6|1|1|1|3
1VZ|6|1|1|1|3
1VZ|6|4|1|1|3
1VY|3|8|1|1|3
1W8|6|4|1|1|3
1W8|6|1|1|1|3
1W8|6|4|1|1|3
1W8|6|1|1|1|3
1W8|6|4|1|1|3
1W8|6|1|1|1|3
1W8|6|1|1|1|3
1W8|6|4|1|1|3
1W8|6|1|1|1|3
1W8|6|4|1|1|3
1W8|6|1|1|1|3
1VY|3|8|1|1|3
1WK|6|4|1|1|3
1WK|6|4|1|1|3
1WK|6|1|1|1|3
1WK|6|4|1|1|3
1WK|6|1|1|1|3
1RO|2|7|1|3|1
1WQ|3|8|1|1|3
1WQ|3|8|1|1|3
1WS|6|4|1|1|3
1WS|6|1|1|1|3
1WS|6|1|1|1|3
1WS|6|4|1|1|3
1WS|6|1|1|1|3
1WS|6|1|1|1|3
1WS|6|1|1|1|3
1WQ|3|8|1|1|3
1WQ|3|8|1|1|3
1X1|6|1|1|1|3
1X1|6|1|1|1|3
1RO|2|7|1|3|1
1X4|3|8|1|1|3
1X4|3|8|1|1|3
1X6|6|4|1|1|3
1X6|6|4|1|1|3
1X6|6|4|1|1|3
1X4|3|8|1|1|3
1X4|3|8|1|1|3
1XB|6|4|1|1|3
1XB|6|4|1|1|3
1XB|6|4|1|1|3
1XB|6|4|1|1|3
1X4|3|8|1|1|3
1XG|6|1|1|1|3
1XG|6|1|1|1|3
1RO|2|7|1|3|1
1XJ|3|8|1|1|3
1XJ|3|8|1|1|3
1XJ|3|8|1|1|3
1XJ|3|8|1|1|3
1XJ|3|8|1|1|3
1XJ|3|8|1|1|3
1RO|2|7|1|3|1
1XQ|3|8|1|1|3
1XQ|3|8|1|1|3
1XQ|3|8|1|1|3
1XT|6|4|1|1|3
1XT|6|4|1|1|3
1XQ|3|8|1|1|3
1XQ|3|8|1|1|3
1XQ|3|8|1|1|3
1RO|2|7|1|3|1
1XZ|3|8|1|1|3
1XZ|3|8|1|1|3
1XZ|3|8|1|1|3
1XZ|3|8|1|1|3
1XZ|3|8|1|1|3
1RO|2|7|1|3|1
1Y5|3|8|1|1|3
1Y5|3|8|1|1|3
1Y7|6|4|1|1|3
1Y7|6|4|1|1|3
1Y7|6|4|1|1|3
1Y7|6|4|1|1|3
1Y5|3|8|1|1|3
1Y5|3|8|1|1|3
1Y5|3|8|1|1|3
1RO|2|7|1|3|1
1YF|3|8|1|1|3
1YF|3|8|1|1|3
1YH|6|1|1|1|3
1YH|6|1|1|1|3
1YF|3|8|1|1|3
1YF|3|8|1|1|3
1YF|3|8|1|1|3
1RO|2|7|1|3|1
1YN|3|8|1|1|3
1YN|3|8|1|1|3
1YN|3|8|1|1|3
1YN|3|8|1|1|3
1YN|3|8|1|1|3
1YS|6|4|1|1|3
1YS|6|4|1|1|3
1YN|3|8|1|1|3
1YN|3|8|1|1|3
1|1|6|1|2|1
1YX|2|8|1|1|1
1YX|2|8|1|1|1
1YX|2|8|1|1|1
1YX|2|8|1|1|1
1YX|2|7|1|3|1
1Z2|3|8|1|1|3
1Z2|3|8|1|1|3
1Z4|6|4|1|1|3
1Z4|6|4|1|1|3
1Z4|6|1|1|1|3
1Z4|6|1|1|1|3
1Z2|3|8|1|1|3
1Z9|6|4|1|1|3
1Z9|6|1|1|1|3
1Z9|6|1|1|1|3
1Z9|6|1|1|1|3
1Z9|6|4|1|1|3
1Z9|6|1|1|1|3
1Z9|6|1|1|1|3
1Z9|6|1|1|1|3
1Z9|6|1|1|1|3
1Z9|6|1|1|1|3
1Z9|6|4|1|1|3
1Z9|6|1|1|1|3
1Z9|6|1|1|1|3
1Z9|6|1|1|1|3
1Z9|6|1|1|1|3
1Z9|6|4|1|1|3
1Z9|6|1|1|1|3
1Z9|6|1|1|1|3
1Z9|6|1|1|1|3
1Z9|6|1|1|1|3
1Z9|6|1|1|1|3
1Z9|6|1|1|1|3
1Z9|6|4|1|1|3
1Z9|6|1|1|1|3
1Z9|6|1|1|1|3
1Z9|6|1|1|1|3
1Z9|6|1|1|1|3
1Z9|6|1|1|1|3
1Z2|3|8|1|1|3
1YX|2|7|1|3|1
203|3|8|1|1|3
204|6|4|1|1|3
204|6|1|1|1|3
204|6|4|1|1|3
204|6|1|1|1|3
204|6|1|1|1|3
204|6|1|1|1|3
204|6|4|1|1|3
203|3|8|1|1|3
20C|6|4|1|1|3
20C|6|1|1|1|3
20C|6|1|1|1|3
20C|6|1|1|1|3
20C|6|1|1|1|3
20C|6|4|1|1|3
20C|6|1|1|1|3
20C|6|1|1|1|3
20C|6|1|1|1|3
20C|6|1|1|1|3
20C|6|1|1|1|3
20C|6|4|1|1|3
20C|6|1|1|1|3
20C|6|1|1|1|3
20C|6|1|1|1|3
20C|6|1|1|1|3
20C|6|1|1|1|3
20C|6|1|1|1|3
20C|6|1|1|1|3
1YX|2|7|1|3|1
20W|3|8|1|1|3
20X|6|4|1|1|3
20X|6|1|1|1|3
20X|6|4|1|1|3
20X|6|1|1|1|3
20X|6|1|1|1|3
20X|6|4|1|1|3
20X|6|1|1|1|3
20X|6|1|1|1|3
20W|3|8|1|1|3
216|6|4|1|1|3
216|6|1|1|1|3
216|6|1|1|1|3
216|6|1|1|1|3
216|6|4|1|1|3
216|6|1|1|1|3
216|6|1|1|1|3
216|6|4|1|1|3
216|6|1|1|1|3
20W|3|8|1|1|3
21G|6|1|1|1|3
21G|6|1|1|1|3
21G|6|1|1|1|3
1YX|2|7|1|3|1
21K|3|8|1|1|3
21L|6|4|1|1|3
21L|6|1|1|1|3
21L|6|4|1|1|3
21L|6|1|1|1|3
21L|6|1|1|1|3
21L|6|1|1|1|3
21L|6|4|1|1|3
21L|6|1|1|1|3
21L|6|1|1|1|3
21K|3|8|1|1|3
21V|6|4|1|1|3
21V|6|1|1|1|3
21V|6|1|1|1|3
21V|6|1|1|1|3
21V|6|4|1|1|3
21V|6|1|1|1|3
21V|6|1|1|1|3
21V|6|1|1|1|3
21V|6|4|1|1|3
21V|6|1|1|1|3
21V|6|1|1|1|3
21V|6|1|1|1|3
21V|6|4|1|1|3
21V|6|1|1|1|3
21V|6|1|1|1|3
21V|6|1|1|1|3
21V|6|4|1|1|3
21V|6|1|1|1|3
21V|6|1|1|1|3
21V|6|1|1|1|3
1YX|2|7|1|3|1
22G|3|8|1|1|3
22H|6|4|1|1|3
22H|6|1|1|1|3
22H|6|1|1|1|3
22H|6|1|1|1|3
22H|6|1|1|1|3
22H|6|4|1|1|3
22H|6|1|1|1|3
22H|6|1|1|1|3
22H|6|1|1|1|3
22G|3|8|1|1|3
22R|6|4|1|1|3
22R|6|1|1|1|3
22R|6|1|1|1|3
22R|6|1|1|1|3
22R|6|1|1|1|3
22R|6|4|1|1|3
22R|6|1|1|1|3
22R|6|1|1|1|3
22R|6|1|1|1|3
22R|6|4|1|1|3
22R|6|1|1|1|3
22R|6|1|1|1|3
22R|6|1|1|1|3
22R|6|1|1|1|3
1YX|2|7|1|3|1
236|3|8|1|1|3
237|6|4|1|1|3
237|6|1|1|1|3
237|6|1|1|1|3
237|6|4|1|1|3
237|6|1|1|1|3
237|6|4|1|1|3
237|6|1|1|1|3
237|6|1|1|1|3
237|6|1|1|1|3
237|6|1|1|1|3
236|3|8|1|1|3
23I|6|4|1|1|3
23I|6|1|1|1|3
23I|6|1|1|1|3
23I|6|4|1|1|3
23I|6|1|1|1|3
23I|6|1|1|1|3
23I|6|1|1|1|3
23I|6|4|1|1|3
23I|6|1|1|1|3
23I|6|1|1|1|3
23I|6|4|1|1|3
23I|6|1|1|1|3
23I|6|1|1|1|3
23I|6|1|1|1|3
23I|6|4|1|1|3
23I|6|1|1|1|3
23I|6|1|1|1|3
23I|6|1|1|1|3
236|3|8|1|1|3
241|6|1|1|1|3
241|6|1|1|1|3
1YX|2|7|1|3|1
244|3|8|1|1|3
245|6|4|1|1|3
245|6|1|1|1|3
245|6|4|1|1|3
245|6|1|1|1|3
245|6|1|1|1|3
245|6|1|1|1|3
245|6|1|1|1|3
245|6|1|1|1|3
245|6|4|1|1|3
245|6|1|1|1|3
245|6|1|1|1|3
245|6|1|1|1|3
244|3|8|1|1|3
24I|6|4|1|1|3
24I|6|1|1|1|3
24I|6|1|1|1|3
24I|6|4|1|1|3
24I|6|1|1|1|3
24I|6|1|1|1|3
24I|6|4|1|1|3
24I|6|1|1|1|3
24I|6|1|1|1|3
1YX|2|7|1|3|1
24S|3|8|1|1|3
24T|6|4|1|1|3
24T|6|1|1|1|3
24T|6|1|1|1|3
24T|6|4|1|1|3
24T|6|1|1|1|3
24T|6|1|1|1|3
24T|6|4|1|1|3
24T|6|1|1|1|3
24S|3|8|1|1|3
252|6|4|1|1|3
252|6|1|1|1|3
252|6|1|1|1|3
252|6|4|1|1|3
252|6|1|1|1|3
252|6|1|1|1|3
252|6|1|1|1|3
252|6|4|1|1|3
252|6|1|1|1|3
24S|3|8|1|1|3
25C|6|1|1|1|3
1YX|2|7|1|3|1
25E|3|8|1|1|3
25F|6|4|1|1|3
25F|6|1|1|1|3
25F|6|1|1|1|3
25F|6|1|1|1|3
25F|6|1|1|1|3
25F|6|4|1|1|3
25F|6|1|1|1|3
25F|6|1|1|1|3
25F|6|1|1|1|3
25F|6|4|1|1|3
25F|6|1|1|1|3
25F|6|1|1|1|3
25F|6|4|1|1|3
25F|6|1|1|1|3
25E|3|8|1|1|3
25U|6|1|1|1|3
25U|6|1|1|1|3
25U|6|1|1|1|3
1YX|2|7|1|3|1
25Y|3|8|1|1|3
25Z|6|4|1|1|3
25Z|6|4|1|1|3
25Z|6|1|1|1|3
25Z|6|1|1|1|3
25Z|6|4|1|1|3
25Z|6|1|1|1|3
25Y|3|8|1|1|3
266|6|1|1|1|3
266|6|1|1|1|3
266|6|1|1|1|3
25Y|3|8|1|1|3
26A|6|4|1|1|3
26A|6|1|1|1|3
26A|6|1|1|1|3
26A|6|4|1|1|3
26A|6|1|1|1|3
26A|6|4|1|1|3
26A|6|1|1|1|3
1YX|2|7|1|3|1
26I|3|8|1|1|3
26I|3|8|1|1|3
26K|6|4|1|1|3
26K|6|4|1|1|3
26K|6|4|1|1|3
26I|3|8|1|1|3
26I|3|8|1|1|3
26I|3|8|1|1|3
1YX|2|7|1|3|1
26R|3|8|1|1|3
26R|3|8|1|1|3
26R|3|8|1|1|3
26U|6|4|1|1|3
26U|6|4|1|1|3
26U|6|4|1|1|3
26R|3|8|1|1|3
1YX|2|7|1|3|1
26Z|3|8|1|1|3
26Z|3|8|1|1|3
271|6|4|1|1|3
271|6|4|1|1|3
271|6|4|1|1|3
26Z|3|8|1|1|3
26Z|3|8|1|1|3
26Z|3|8|1|1|3
1YX|2|7|1|3|1
278|3|8|1|1|3
278|3|8|1|1|3
27A|6|4|1|1|3
27A|6|4|1|1|3
278|3|8|1|1|3
27D|6|4|1|1|3
27D|6|4|1|1|3
27D|6|4|1|1|3
27D|6|4|1|1|3
27D|6|4|1|1|3
278|3|8|1|1|3
278|3|8|1|1|3
27K|6|4|1|1|3
27K|6|4|1|1|3
27K|6|4|1|1|3
27K|6|4|1|1|3
1|1|6|1|2|1
27P|2|8|1|1|1
27P|2|8|1|1|1
27P|2|8|1|1|1
27P|2|8|1|1|1
27T|6|4|1|1|3
27T|6|4|1|1|3
27T|6|4|1|1|3
27T|6|4|1|1|3
27T|6|4|1|1|3
27T|6|4|1|1|3
27P|2|8|1|1|1
27P|2|7|1|3|1
281|3|8|1|1|3
281|3|8|1|1|3
281|3|8|1|1|3
284|6|4|1|1|3
284|6|4|1|1|3
284|6|4|1|1|3
284|6|4|1|1|3
284|6|4|1|1|3
281|3|8|1|1|3
27P|2|7|1|3|1
28B|3|8|1|1|3
28B|3|8|1|1|3
28B|3|8|1|1|3
28E|6|4|1|1|3
28E|6|4|1|1|3
28E|6|4|1|1|3
28B|3|8|1|1|3
28I|6|4|1|1|3
28I|6|4|1|1|3
28I|6|4|1|1|3
27P|2|7|1|3|1
28M|3|8|1|1|3
28M|3|8|1|1|3
28M|3|8|1|1|3
28M|3|8|1|1|3
28M|3|8|1|1|3
27P|2|7|1|3|1
28S|3|8|1|1|3
28S|3|8|1|1|3
28S|3|8|1|1|3
28V|6|4|1|1|3
28V|6|4|1|1|3
28V|6|4|1|1|3
28V|6|4|1|1|3
28V|6|4|1|1|3
28S|3|8|1|1|3
27P|2|7|1|3|1
292|3|8|1|1|3
292|3|8|1|1|3
292|3|8|1|1|3
292|3|8|1|1|3
296|6|4|1|1|3
296|6|4|1|1|3
296|6|4|1|1|3
292|3|8|1|1|3
292|3|8|1|1|3
292|3|8|1|1|3
27P|2|7|1|3|1
29D|3|8|1|1|3
29D|3|8|1|1|3
29F|6|4|1|1|3
29F|6|4|1|1|3
29D|3|8|1|1|3
29D|3|8|1|1|3
29D|3|8|1|1|3
29K|6|4|1|1|3
29K|6|4|1|1|3
29D|3|8|1|1|3
27P|2|7|1|3|1
29O|3|8|1|1|3
29O|3|8|1|1|3
29O|3|8|1|1|3
29O|3|8|1|1|3
29O|3|8|1|1|3
29O|3|8|1|1|3
29O|3|8|1|1|3
27P|2|7|1|3|1
29W|3|8|1|1|3
29W|3|8|1|1|3
29W|3|8|1|1|3
29W|3|8|1|1|3
29W|3|8|1|1|3
2A1|6|4|1|1|3
2A1|6|4|1|1|3
2A1|6|4|1|1|3
29W|3|8|1|1|3
27P|2|7|1|3|1
2A6|3|8|1|1|3
2A6|3|8|1|1|3
2A6|3|8|1|1|3
2A6|3|8|1|1|3
2AA|6|4|1|1|3
2AA|6|4|1|1|3
2AA|6|4|1|1|3
2AA|6|4|1|1|3
27P|2|7|1|3|1
2AF|3|8|1|1|3
2AF|3|8|1|1|3
2AF|3|8|1|1|3
2AI|6|4|1|1|3
2AI|6|4|1|1|3
2AI|6|4|1|1|3
2AF|3|8|1|1|3
27P|2|7|1|3|1
2AN|3|8|1|1|3
2AN|3|8|1|1|3
2AN|3|8|1|1|3
2AN|3|8|1|1|3
2AN|3|8|1|1|3
2AN|3|8|1|1|3
27P|2|7|1|3|1
2AU|3|8|1|1|3
2AU|3|8|1|1|3
2AU|3|8|1|1|3
2AX|6|4|1|1|3
2AX|6|4|1|1|3
2AU|3|8|1|1|3
27P|2|7|1|3|1
2B1|3|8|1|1|3
2B1|3|8|1|1|3
2B1|3|8|1|1|3
2B1|3|8|1|1|3
2B1|3|8|1|1|3
2B1|3|8|1|1|3
27P|2|7|1|3|1
2B8|3|8|1|1|3
2B8|3|8|1|1|3
2B8|3|8|1|1|3
2B8|3|8|1|1|3
2B8|3|8|1|1|3
```

## 十六点六点一、SECTION_HIERARCHY_REVIEW_ENTITY

SECTION_STATUS_CODE=3的章节必须绑定本实体逐条证明章节父链、上下文继承和来源结构闭合；未完成显式复核的章节使用SECTION_STATUS_CODE=2并保持UNKNOWN_ONLY。比较、例外、否定、因果及指代仍由CLAUSE_GROUP、CLAUSE_RELATION和EFFECTIVE_ATOM_SCOPE逐原子控制。

```text
SECTION_HIERARCHY_DIRECT_PROVEN_COUNT=333
SECTION_HIERARCHY_REVIEW_ENTITY_COUNT=2668
SECTION_HIERARCHY_REVIEW_PASS_COUNT=2668
SECTION_HIERARCHY_UNKNOWN_COUNT=0
SECTION_HIERARCHY_CONFLICT_COUNT=0
SECTION_HIERARCHY_FAIL_CLOSED_COUNT=0
SECTION_HIERARCHY_REVIEW_RECORD_HASH=8b47a14bdd1eecf9e92e973caaaa6c625d37d3313fdb51e68eb91c30af665e2a
```

SCHEMA_TSV=SECTION_ID|PARENT_SECTION_ID|RESET_CODE|SECTION_SCOPE_STATUS_CODE|PARENT_ORDER_STATUS|ACYCLIC_STATUS|PALACE_INHERITANCE_STATUS|STAR_SYSTEM_INHERITANCE_STATUS|BRANCH_INHERITANCE_STATUS|TEMPORAL_INHERITANCE_STATUS|POSITION_INHERITANCE_STATUS|BRIGHTNESS_INHERITANCE_STATUS|LOCAL_OVERRIDE_STATUS|CLAUSE_SCOPE_DELEGATION_STATUS|SOURCE_SPAN_STATUS|ATOM_MEMBERSHIP_STATUS|REVIEW_STATUS|UNKNOWN_COUNT|CONFLICT_COUNT
```text
2|1|1|3|P|P|P|P|P|P|P|P|P|D|P|P|P|0|0
4|3|1|3|P|P|P|P|P|P|P|P|P|D|P|P|P|0|0
5|3|1|3|P|P|P|P|P|P|P|P|P|D|P|P|P|0|0
6|3|1|3|P|P|P|P|P|P|P|P|P|D|P|P|P|0|0
7|6|1|3|P|P|P|P|P|P|P|P|P|D|P|P|P|0|0
8|3|1|3|P|P|P|P|P|P|P|P|P|D|P|P|P|0|0
9|3|1|3|P|P|P|P|P|P|P|P|P|D|P|P|P|0|0
B|A|1|3|P|P|P|P|P|P|P|P|P|D|P|P|P|0|0
C|B|1|3|P|P|P|P|P|P|P|P|P|D|P|P|P|0|0
D|B|1|3|P|P|P|P|P|P|P|P|P|D|P|P|P|0|0
E|B|1|3|P|P|P|P|P|P|P|P|P|D|P|P|P|0|0
F|A|1|3|P|P|P|P|P|P|P|P|P|D|P|P|P|0|0
G|F|1|3|P|P|P|P|P|P|P|P|P|D|P|P|P|0|0
I|H|1|3|P|P|P|P|P|P|P|P|P|D|P|P|P|0|0
J|H|1|1|P|P|P|P|P|P|P|P|P|D|P|P|P|0|0
K|H|1|3|P|P|P|P|P|P|P|P|P|D|P|P|P|0|0
M|L|1|2|P|P|P|P|P|P|P|P|P|D|P|P|P|0|0
N|L|1|2|P|P|P|P|P|P|P|P|P|D|P|P|P|0|0
O|L|1|2|P|P|P|P|P|P|P|P|P|D|P|P|P|0|0
P|L|1|2|P|P|P|P|P|P|P|P|P|D|P|P|P|0|0
Q|L|1|2|P|P|P|P|P|P|P|P|P|D|P|P|P|0|0
R|L|1|2|P|P|P|P|P|P|P|P|P|D|P|P|P|0|0
S|L|1|1|P|P|P|P|P|P|P|P|P|D|P|P|P|0|0
T|S|1|2|P|P|P|P|P|P|P|P|P|D|P|P|P|0|0
U|S|1|2|P|P|P|P|P|P|P|P|P|D|P|P|P|0|0
V|S|1|2|P|P|P|P|P|P|P|P|P|D|P|P|P|0|0
W|S|1|2|P|P|P|P|P|P|P|P|P|D|P|P|P|0|0
X|L|1|1|P|P|P|P|P|P|P|P|P|D|P|P|P|0|0
Y|X|1|2|P|P|P|P|P|P|P|P|P|D|P|P|P|0|0
Z|X|1|2|P|P|P|P|P|P|P|P|P|D|P|P|P|0|0
10|X|1|2|P|P|P|P|P|P|P|P|P|D|P|P|P|0|0
11|X|1|2|P|P|P|P|P|P|P|P|P|D|P|P|P|0|0
12|X|1|2|P|P|P|P|P|P|P|P|P|D|P|P|P|0|0
13|X|1|2|P|P|P|P|P|P|P|P|P|D|P|P|P|0|0
14|L|1|1|P|P|P|P|P|P|P|P|P|D|P|P|P|0|0
15|14|1|2|P|P|P|P|P|P|P|P|P|D|P|P|P|0|0
16|14|1|2|P|P|P|P|P|P|P|P|P|D|P|P|P|0|0
17|14|1|2|P|P|P|P|P|P|P|P|P|D|P|P|P|0|0
18|14|1|2|P|P|P|P|P|P|P|P|P|D|P|P|P|0|0
19|14|1|2|P|P|P|P|P|P|P|P|P|D|P|P|P|0|0
1A|L|1|1|P|P|P|P|P|P|P|P|P|D|P|P|P|0|0
1B|1A|1|2|P|P|P|P|P|P|P|P|P|D|P|P|P|0|0
1C|1A|1|2|P|P|P|P|P|P|P|P|P|D|P|P|P|0|0
1D|1A|1|2|P|P|P|P|P|P|P|P|P|D|P|P|P|0|0
1E|1A|1|2|P|P|P|P|P|P|P|P|P|D|P|P|P|0|0
1F|1A|1|2|P|P|P|P|P|P|P|P|P|D|P|P|P|0|0
1G|L|1|1|P|P|P|P|P|P|P|P|P|D|P|P|P|0|0
1H|1G|1|2|P|P|P|P|P|P|P|P|P|D|P|P|P|0|0
1I|1G|1|2|P|P|P|P|P|P|P|P|P|D|P|P|P|0|0
1J|1G|1|2|P|P|P|P|P|P|P|P|P|D|P|P|P|0|0
1K|1G|1|2|P|P|P|P|P|P|P|P|P|D|P|P|P|0|0
1L|L|1|2|P|P|P|P|P|P|P|P|P|D|P|P|P|0|0
1M|1L|1|1|P|P|P|P|P|P|P|P|P|D|P|P|P|0|0
1N|1M|1|1|P|P|P|P|P|P|P|P|P|D|P|P|P|0|0
1O|1M|1|1|P|P|P|P|P|P|P|P|P|D|P|P|P|0|0
1P|1M|1|2|P|P|P|P|P|P|P|P|P|D|P|P|P|0|0
1Q|1M|1|2|P|P|P|P|P|P|P|P|P|D|P|P|P|0|0
1R|1M|1|1|P|P|P|P|P|P|P|P|P|D|P|P|P|0|0
1S|1M|1|1|P|P|P|P|P|P|P|P|P|D|P|P|P|0|0
1T|1L|1|2|P|P|P|P|P|P|P|P|P|D|P|P|P|0|0
1U|1T|1|2|P|P|P|P|P|P|P|P|P|D|P|P|P|0|0
1V|1T|1|2|P|P|P|P|P|P|P|P|P|D|P|P|P|0|0
1W|1T|1|1|P|P|P|P|P|P|P|P|P|D|P|P|P|0|0
1X|1T|1|2|P|P|P|P|P|P|P|P|P|D|P|P|P|0|0
1Y|1T|1|1|P|P|P|P|P|P|P|P|P|D|P|P|P|0|0
1Z|1L|1|2|P|P|P|P|P|P|P|P|P|D|P|P|P|0|0
20|1Z|1|1|P|P|P|P|P|P|P|P|P|D|P|P|P|0|0
21|1Z|1|1|P|P|P|P|P|P|P|P|P|D|P|P|P|0|0
22|1Z|1|2|P|P|P|P|P|P|P|P|P|D|P|P|P|0|0
23|1Z|1|1|P|P|P|P|P|P|P|P|P|D|P|P|P|0|0
24|1Z|1|1|P|P|P|P|P|P|P|P|P|D|P|P|P|0|0
25|1Z|1|1|P|P|P|P|P|P|P|P|P|D|P|P|P|0|0
26|1L|1|2|P|P|P|P|P|P|P|P|P|D|P|P|P|0|0
27|26|1|2|P|P|P|P|P|P|P|P|P|D|P|P|P|0|0
28|26|1|2|P|P|P|P|P|P|P|P|P|D|P|P|P|0|0
29|26|1|2|P|P|P|P|P|P|P|P|P|D|P|P|P|0|0
2A|26|1|2|P|P|P|P|P|P|P|P|P|D|P|P|P|0|0
2B|26|1|1|P|P|P|P|P|P|P|P|P|D|P|P|P|0|0
2C|26|1|1|P|P|P|P|P|P|P|P|P|D|P|P|P|0|0
2D|26|1|2|P|P|P|P|P|P|P|P|P|D|P|P|P|0|0
2E|1L|1|2|P|P|P|P|P|P|P|P|P|D|P|P|P|0|0
2F|2E|1|1|P|P|P|P|P|P|P|P|P|D|P|P|P|0|0
2G|2E|1|1|P|P|P|P|P|P|P|P|P|D|P|P|P|0|0
2H|2E|1|1|P|P|P|P|P|P|P|P|P|D|P|P|P|0|0
2I|2E|1|1|P|P|P|P|P|P|P|P|P|D|P|P|P|0|0
2J|2E|1|1|P|P|P|P|P|P|P|P|P|D|P|P|P|0|0
2K|2E|1|1|P|P|P|P|P|P|P|P|P|D|P|P|P|0|0
2L|2E|1|2|P|P|P|P|P|P|P|P|P|D|P|P|P|0|0
2M|1L|1|2|P|P|P|P|P|P|P|P|P|D|P|P|P|0|0
2N|2M|1|2|P|P|P|P|P|P|P|P|P|D|P|P|P|0|0
2O|2M|1|2|P|P|P|P|P|P|P|P|P|D|P|P|P|0|0
2P|2M|1|2|P|P|P|P|P|P|P|P|P|D|P|P|P|0|0
2Q|2M|1|1|P|P|P|P|P|P|P|P|P|D|P|P|P|0|0
2R|2M|1|2|P|P|P|P|P|P|P|P|P|D|P|P|P|0|0
2S|2M|1|1|P|P|P|P|P|P|P|P|P|D|P|P|P|0|0
2U|2T|1|1|P|P|P|P|P|P|P|P|P|D|P|P|P|0|0
2V|2U|1|2|P|P|P|P|P|P|P|P|P|D|P|P|P|0|0
2W|2U|1|2|P|P|P|P|P|P|P|P|P|D|P|P|P|0|0
2X|2U|1|2|P|P|P|P|P|P|P|P|P|D|P|P|P|0|0
2Y|2U|1|2|P|P|P|P|P|P|P|P|P|D|P|P|P|0|0
2Z|2T|1|1|P|P|P|P|P|P|P|P|P|D|P|P|P|0|0
30|2Z|1|2|P|P|P|P|P|P|P|P|P|D|P|P|P|0|0
31|2Z|1|2|P|P|P|P|P|P|P|P|P|D|P|P|P|0|0
32|2Z|1|2|P|P|P|P|P|P|P|P|P|D|P|P|P|0|0
33|2Z|1|2|P|P|P|P|P|P|P|P|P|D|P|P|P|0|0
34|2T|1|1|P|P|P|P|P|P|P|P|P|D|P|P|P|0|0
35|34|1|2|P|P|P|P|P|P|P|P|P|D|P|P|P|0|0
36|34|1|2|P|P|P|P|P|P|P|P|P|D|P|P|P|0|0
37|34|1|2|P|P|P|P|P|P|P|P|P|D|P|P|P|0|0
38|34|1|2|P|P|P|P|P|P|P|P|P|D|P|P|P|0|0
39|34|1|2|P|P|P|P|P|P|P|P|P|D|P|P|P|0|0
3A|2T|1|1|P|P|P|P|P|P|P|P|P|D|P|P|P|0|0
3B|3A|1|2|P|P|P|P|P|P|P|P|P|D|P|P|P|0|0
3C|3A|1|2|P|P|P|P|P|P|P|P|P|D|P|P|P|0|0
3D|3A|1|2|P|P|P|P|P|P|P|P|P|D|P|P|P|0|0
3E|3A|1|2|P|P|P|P|P|P|P|P|P|D|P|P|P|0|0
3F|3A|1|2|P|P|P|P|P|P|P|P|P|D|P|P|P|0|0
3G|3A|1|2|P|P|P|P|P|P|P|P|P|D|P|P|P|0|0
3H|3A|1|2|P|P|P|P|P|P|P|P|P|D|P|P|P|0|0
3I|2T|1|1|P|P|P|P|P|P|P|P|P|D|P|P|P|0|0
3J|3I|1|2|P|P|P|P|P|P|P|P|P|D|P|P|P|0|0
3K|3I|1|2|P|P|P|P|P|P|P|P|P|D|P|P|P|0|0
3L|3I|1|2|P|P|P|P|P|P|P|P|P|D|P|P|P|0|0
3M|3I|1|2|P|P|P|P|P|P|P|P|P|D|P|P|P|0|0
3N|3I|1|2|P|P|P|P|P|P|P|P|P|D|P|P|P|0|0
3O|3I|1|2|P|P|P|P|P|P|P|P|P|D|P|P|P|0|0
3P|3I|1|2|P|P|P|P|P|P|P|P|P|D|P|P|P|0|0
3Q|2T|1|1|P|P|P|P|P|P|P|P|P|D|P|P|P|0|0
3R|3Q|1|2|P|P|P|P|P|P|P|P|P|D|P|P|P|0|0
3S|3Q|1|2|P|P|P|P|P|P|P|P|P|D|P|P|P|0|0
3T|3Q|1|2|P|P|P|P|P|P|P|P|P|D|P|P|P|0|0
3U|3Q|1|2|P|P|P|P|P|P|P|P|P|D|P|P|P|0|0
3V|3Q|1|2|P|P|P|P|P|P|P|P|P|D|P|P|P|0|0
3W|3Q|1|2|P|P|P|P|P|P|P|P|P|D|P|P|P|0|0
3X|2T|1|3|P|P|P|P|P|P|P|P|P|D|P|P|P|0|0
3Y|3X|1|1|P|P|P|P|P|P|P|P|P|D|P|P|P|0|0
3Z|3Y|1|2|P|P|P|P|P|P|P|P|P|D|P|P|P|0|0
40|3Y|1|1|P|P|P|P|P|P|P|P|P|D|P|P|P|0|0
41|3Y|1|1|P|P|P|P|P|P|P|P|P|D|P|P|P|0|0
42|3Y|1|1|P|P|P|P|P|P|P|P|P|D|P|P|P|0|0
43|3Y|1|1|P|P|P|P|P|P|P|P|P|D|P|P|P|0|0
44|3Y|1|2|P|P|P|P|P|P|P|P|P|D|P|P|P|0|0
45|3X|1|1|P|P|P|P|P|P|P|P|P|D|P|P|P|0|0
46|45|1|2|P|P|P|P|P|P|P|P|P|D|P|P|P|0|0
47|45|1|1|P|P|P|P|P|P|P|P|P|D|P|P|P|0|0
48|45|1|1|P|P|P|P|P|P|P|P|P|D|P|P|P|0|0
49|45|1|1|P|P|P|P|P|P|P|P|P|D|P|P|P|0|0
4A|45|1|1|P|P|P|P|P|P|P|P|P|D|P|P|P|0|0
4B|3X|1|1|P|P|P|P|P|P|P|P|P|D|P|P|P|0|0
4C|4B|1|1|P|P|P|P|P|P|P|P|P|D|P|P|P|0|0
4D|4B|1|1|P|P|P|P|P|P|P|P|P|D|P|P|P|0|0
4E|4B|1|1|P|P|P|P|P|P|P|P|P|D|P|P|P|0|0
4F|4B|1|1|P|P|P|P|P|P|P|P|P|D|P|P|P|0|0
4G|3X|1|1|P|P|P|P|P|P|P|P|P|D|P|P|P|0|0
4H|4G|1|2|P|P|P|P|P|P|P|P|P|D|P|P|P|0|0
4I|4G|1|1|P|P|P|P|P|P|P|P|P|D|P|P|P|0|0
4J|4G|1|1|P|P|P|P|P|P|P|P|P|D|P|P|P|0|0
4K|4G|1|2|P|P|P|P|P|P|P|P|P|D|P|P|P|0|0
4L|4G|1|1|P|P|P|P|P|P|P|P|P|D|P|P|P|0|0
4M|4G|1|1|P|P|P|P|P|P|P|P|P|D|P|P|P|0|0
4N|3X|1|1|P|P|P|P|P|P|P|P|P|D|P|P|P|0|0
4O|4N|1|2|P|P|P|P|P|P|P|P|P|D|P|P|P|0|0
4P|4N|1|2|P|P|P|P|P|P|P|P|P|D|P|P|P|0|0
4Q|4N|1|2|P|P|P|P|P|P|P|P|P|D|P|P|P|0|0
4R|4N|1|1|P|P|P|P|P|P|P|P|P|D|P|P|P|0|0
4S|4N|1|1|P|P|P|P|P|P|P|P|P|D|P|P|P|0|0
4T|3X|1|1|P|P|P|P|P|P|P|P|P|D|P|P|P|0|0
4U|4T|1|1|P|P|P|P|P|P|P|P|P|D|P|P|P|0|0
4V|4T|1|1|P|P|P|P|P|P|P|P|P|D|P|P|P|0|0
4W|4T|1|2|P|P|P|P|P|P|P|P|P|D|P|P|P|0|0
4X|4T|1|1|P|P|P|P|P|P|P|P|P|D|P|P|P|0|0
4Y|4T|1|2|P|P|P|P|P|P|P|P|P|D|P|P|P|0|0
4Z|4T|1|1|P|P|P|P|P|P|P|P|P|D|P|P|P|0|0
51|50|1|3|P|P|P|P|P|P|P|P|P|D|P|P|P|0|0
52|51|1|1|P|P|P|P|P|P|P|P|P|D|P|P|P|0|0
53|52|1|1|P|P|P|P|P|P|P|P|P|D|P|P|P|0|0
54|52|1|1|P|P|P|P|P|P|P|P|P|D|P|P|P|0|0
55|52|1|2|P|P|P|P|P|P|P|P|P|D|P|P|P|0|0
56|52|1|2|P|P|P|P|P|P|P|P|P|D|P|P|P|0|0
57|51|1|1|P|P|P|P|P|P|P|P|P|D|P|P|P|0|0
58|57|1|2|P|P|P|P|P|P|P|P|P|D|P|P|P|0|0
59|57|1|2|P|P|P|P|P|P|P|P|P|D|P|P|P|0|0
5A|57|1|2|P|P|P|P|P|P|P|P|P|D|P|P|P|0|0
5B|57|1|2|P|P|P|P|P|P|P|P|P|D|P|P|P|0|0
5C|57|1|1|P|P|P|P|P|P|P|P|P|D|P|P|P|0|0
5D|57|1|2|P|P|P|P|P|P|P|P|P|D|P|P|P|0|0
5E|5D|1|1|P|P|P|P|P|P|P|P|P|D|P|P|P|0|0
5F|51|1|1|P|P|P|P|P|P|P|P|P|D|P|P|P|0|0
5G|5F|1|2|P|P|P|P|P|P|P|P|P|D|P|P|P|0|0
5H|5F|1|2|P|P|P|P|P|P|P|P|P|D|P|P|P|0|0
5I|5F|1|2|P|P|P|P|P|P|P|P|P|D|P|P|P|0|0
5J|5F|1|2|P|P|P|P|P|P|P|P|P|D|P|P|P|0|0
5K|5F|1|1|P|P|P|P|P|P|P|P|P|D|P|P|P|0|0
5L|5F|1|2|P|P|P|P|P|P|P|P|P|D|P|P|P|0|0
5M|5F|1|2|P|P|P|P|P|P|P|P|P|D|P|P|P|0|0
5N|51|1|1|P|P|P|P|P|P|P|P|P|D|P|P|P|0|0
5O|5N|1|1|P|P|P|P|P|P|P|P|P|D|P|P|P|0|0
5P|5N|1|1|P|P|P|P|P|P|P|P|P|D|P|P|P|0|0
5Q|5N|1|2|P|P|P|P|P|P|P|P|P|D|P|P|P|0|0
5R|5N|1|2|P|P|P|P|P|P|P|P|P|D|P|P|P|0|0
5S|5N|1|2|P|P|P|P|P|P|P|P|P|D|P|P|P|0|0
5T|5N|1|2|P|P|P|P|P|P|P|P|P|D|P|P|P|0|0
5U|5T|1|1|P|P|P|P|P|P|P|P|P|D|P|P|P|0|0
5V|5T|1|2|P|P|P|P|P|P|P|P|P|D|P|P|P|0|0
5W|5T|1|1|P|P|P|P|P|P|P|P|P|D|P|P|P|0|0
5X|5T|1|1|P|P|P|P|P|P|P|P|P|D|P|P|P|0|0
5Y|5N|1|1|P|P|P|P|P|P|P|P|P|D|P|P|P|0|0
5Z|51|1|1|P|P|P|P|P|P|P|P|P|D|P|P|P|0|0
60|5Z|1|1|P|P|P|P|P|P|P|P|P|D|P|P|P|0|0
61|5Z|1|1|P|P|P|P|P|P|P|P|P|D|P|P|P|0|0
62|5Z|1|2|P|P|P|P|P|P|P|P|P|D|P|P|P|0|0
63|5Z|1|2|P|P|P|P|P|P|P|P|P|D|P|P|P|0|0
64|5Z|1|1|P|P|P|P|P|P|P|P|P|D|P|P|P|0|0
65|5Z|1|2|P|P|P|P|P|P|P|P|P|D|P|P|P|0|0
66|65|1|2|P|P|P|P|P|P|P|P|P|D|P|P|P|0|0
67|65|1|1|P|P|P|P|P|P|P|P|P|D|P|P|P|0|0
68|65|1|1|P|P|P|P|P|P|P|P|P|D|P|P|P|0|0
69|65|1|1|P|P|P|P|P|P|P|P|P|D|P|P|P|0|0
6A|65|1|1|P|P|P|P|P|P|P|P|P|D|P|P|P|0|0
6B|51|1|1|P|P|P|P|P|P|P|P|P|D|P|P|P|0|0
6C|6B|1|1|P|P|P|P|P|P|P|P|P|D|P|P|P|0|0
6D|6B|1|1|P|P|P|P|P|P|P|P|P|D|P|P|P|0|0
6E|6B|1|2|P|P|P|P|P|P|P|P|P|D|P|P|P|0|0
6F|6B|1|1|P|P|P|P|P|P|P|P|P|D|P|P|P|0|0
6G|50|1|3|P|P|P|P|P|P|P|P|P|D|P|P|P|0|0
6H|6G|1|3|P|P|P|P|P|P|P|P|P|D|P|P|P|0|0
6I|6H|1|1|P|P|P|P|P|P|P|P|P|D|P|P|P|0|0
6J|6G|1|3|P|P|P|P|P|P|P|P|P|D|P|P|P|0|0
6K|6J|1|3|P|P|P|P|P|P|P|P|P|D|P|P|P|0|0
6L|6G|1|3|P|P|P|P|P|P|P|P|P|D|P|P|P|0|0
6M|6G|1|3|P|P|P|P|P|P|P|P|P|D|P|P|P|0|0
6N|6M|1|1|P|P|P|P|P|P|P|P|P|D|P|P|P|0|0
6O|6M|1|3|P|P|P|P|P|P|P|P|P|D|P|P|P|0|0
6Q|6P|1|3|P|P|P|P|P|P|P|P|P|D|P|P|P|0|0
6R|6Q|1|1|P|P|P|P|P|P|P|P|P|D|P|P|P|0|0
6S|6R|1|2|P|P|P|P|P|P|P|P|P|D|P|P|P|0|0
6T|6S|1|1|P|P|P|P|P|P|P|P|P|D|P|P|P|0|0
6U|6R|1|2|P|P|P|P|P|P|P|P|P|D|P|P|P|0|0
6V|6R|1|2|P|P|P|P|P|P|P|P|P|D|P|P|P|0|0
6W|6R|1|2|P|P|P|P|P|P|P|P|P|D|P|P|P|0|0
6X|6R|1|1|P|P|P|P|P|P|P|P|P|D|P|P|P|0|0
6Y|6R|1|2|P|P|P|P|P|P|P|P|P|D|P|P|P|0|0
6Z|6Y|1|1|P|P|P|P|P|P|P|P|P|D|P|P|P|0|0
70|6Y|1|2|P|P|P|P|P|P|P|P|P|D|P|P|P|0|0
71|6Y|1|2|P|P|P|P|P|P|P|P|P|D|P|P|P|0|0
72|6Y|1|1|P|P|P|P|P|P|P|P|P|D|P|P|P|0|0
73|6Q|1|1|P|P|P|P|P|P|P|P|P|D|P|P|P|0|0
74|73|1|2|P|P|P|P|P|P|P|P|P|D|P|P|P|0|0
75|73|1|2|P|P|P|P|P|P|P|P|P|D|P|P|P|0|0
76|73|1|2|P|P|P|P|P|P|P|P|P|D|P|P|P|0|0
77|73|1|2|P|P|P|P|P|P|P|P|P|D|P|P|P|0|0
78|73|1|2|P|P|P|P|P|P|P|P|P|D|P|P|P|0|0
79|73|1|2|P|P|P|P|P|P|P|P|P|D|P|P|P|0|0
7A|73|1|2|P|P|P|P|P|P|P|P|P|D|P|P|P|0|0
7B|73|1|1|P|P|P|P|P|P|P|P|P|D|P|P|P|0|0
7C|73|1|2|P|P|P|P|P|P|P|P|P|D|P|P|P|0|0
7D|7C|1|1|P|P|P|P|P|P|P|P|P|D|P|P|P|0|0
7E|7C|1|1|P|P|P|P|P|P|P|P|P|D|P|P|P|0|0
7F|7C|1|2|P|P|P|P|P|P|P|P|P|D|P|P|P|0|0
7G|7C|1|2|P|P|P|P|P|P|P|P|P|D|P|P|P|0|0
7H|7C|1|1|P|P|P|P|P|P|P|P|P|D|P|P|P|0|0
7I|7C|1|1|P|P|P|P|P|P|P|P|P|D|P|P|P|0|0
7J|6Q|1|1|P|P|P|P|P|P|P|P|P|D|P|P|P|0|0
7K|7J|1|2|P|P|P|P|P|P|P|P|P|D|P|P|P|0|0
7L|7J|1|2|P|P|P|P|P|P|P|P|P|D|P|P|P|0|0
7M|7J|1|1|P|P|P|P|P|P|P|P|P|D|P|P|P|0|0
7N|7J|1|2|P|P|P|P|P|P|P|P|P|D|P|P|P|0|0
7O|7J|1|2|P|P|P|P|P|P|P|P|P|D|P|P|P|0|0
7P|7J|1|2|P|P|P|P|P|P|P|P|P|D|P|P|P|0|0
7Q|7P|1|2|P|P|P|P|P|P|P|P|P|D|P|P|P|0|0
7R|7P|1|2|P|P|P|P|P|P|P|P|P|D|P|P|P|0|0
7S|7P|1|1|P|P|P|P|P|P|P|P|P|D|P|P|P|0|0
7T|7P|1|1|P|P|P|P|P|P|P|P|P|D|P|P|P|0|0
7U|7P|1|2|P|P|P|P|P|P|P|P|P|D|P|P|P|0|0
7V|7P|1|1|P|P|P|P|P|P|P|P|P|D|P|P|P|0|0
7W|7P|1|1|P|P|P|P|P|P|P|P|P|D|P|P|P|0|0
7X|6Q|1|1|P|P|P|P|P|P|P|P|P|D|P|P|P|0|0
7Y|7X|1|2|P|P|P|P|P|P|P|P|P|D|P|P|P|0|0
7Z|7X|1|1|P|P|P|P|P|P|P|P|P|D|P|P|P|0|0
80|7X|1|1|P|P|P|P|P|P|P|P|P|D|P|P|P|0|0
81|7X|1|2|P|P|P|P|P|P|P|P|P|D|P|P|P|0|0
82|7X|1|2|P|P|P|P|P|P|P|P|P|D|P|P|P|0|0
83|7X|1|2|P|P|P|P|P|P|P|P|P|D|P|P|P|0|0
84|7X|1|2|P|P|P|P|P|P|P|P|P|D|P|P|P|0|0
85|7X|1|1|P|P|P|P|P|P|P|P|P|D|P|P|P|0|0
86|7X|1|2|P|P|P|P|P|P|P|P|P|D|P|P|P|0|0
87|86|1|2|P|P|P|P|P|P|P|P|P|D|P|P|P|0|0
88|86|1|1|P|P|P|P|P|P|P|P|P|D|P|P|P|0|0
89|86|1|1|P|P|P|P|P|P|P|P|P|D|P|P|P|0|0
8A|86|1|1|P|P|P|P|P|P|P|P|P|D|P|P|P|0|0
8B|6Q|1|1|P|P|P|P|P|P|P|P|P|D|P|P|P|0|0
8C|8B|1|2|P|P|P|P|P|P|P|P|P|D|P|P|P|0|0
8D|8B|1|2|P|P|P|P|P|P|P|P|P|D|P|P|P|0|0
8E|8B|1|2|P|P|P|P|P|P|P|P|P|D|P|P|P|0|0
8F|8B|1|2|P|P|P|P|P|P|P|P|P|D|P|P|P|0|0
8G|8B|1|2|P|P|P|P|P|P|P|P|P|D|P|P|P|0|0
8H|8B|1|2|P|P|P|P|P|P|P|P|P|D|P|P|P|0|0
8I|8B|1|1|P|P|P|P|P|P|P|P|P|D|P|P|P|0|0
8J|8B|1|2|P|P|P|P|P|P|P|P|P|D|P|P|P|0|0
8K|8J|1|2|P|P|P|P|P|P|P|P|P|D|P|P|P|0|0
8L|8J|1|1|P|P|P|P|P|P|P|P|P|D|P|P|P|0|0
8M|8J|1|1|P|P|P|P|P|P|P|P|P|D|P|P|P|0|0
8N|6Q|1|1|P|P|P|P|P|P|P|P|P|D|P|P|P|0|0
8O|8N|1|2|P|P|P|P|P|P|P|P|P|D|P|P|P|0|0
8P|8N|1|2|P|P|P|P|P|P|P|P|P|D|P|P|P|0|0
8Q|8N|1|2|P|P|P|P|P|P|P|P|P|D|P|P|P|0|0
8R|8N|1|1|P|P|P|P|P|P|P|P|P|D|P|P|P|0|0
8S|8N|1|2|P|P|P|P|P|P|P|P|P|D|P|P|P|0|0
8T|8S|1|1|P|P|P|P|P|P|P|P|P|D|P|P|P|0|0
8U|8S|1|2|P|P|P|P|P|P|P|P|P|D|P|P|P|0|0
8V|8S|1|1|P|P|P|P|P|P|P|P|P|D|P|P|P|0|0
8W|6P|1|3|P|P|P|P|P|P|P|P|P|D|P|P|P|0|0
8X|8W|1|3|P|P|P|P|P|P|P|P|P|D|P|P|P|0|0
8Y|8W|1|3|P|P|P|P|P|P|P|P|P|D|P|P|P|0|0
90|8Z|1|3|P|P|P|P|P|P|P|P|P|D|P|P|P|0|0
91|90|1|1|P|P|P|P|P|P|P|P|P|D|P|P|P|0|0
92|91|1|1|P|P|P|P|P|P|P|P|P|D|P|P|P|0|0
93|91|1|1|P|P|P|P|P|P|P|P|P|D|P|P|P|0|0
94|91|1|2|P|P|P|P|P|P|P|P|P|D|P|P|P|0|0
95|91|1|2|P|P|P|P|P|P|P|P|P|D|P|P|P|0|0
96|91|1|1|P|P|P|P|P|P|P|P|P|D|P|P|P|0|0
97|91|1|2|P|P|P|P|P|P|P|P|P|D|P|P|P|0|0
98|97|1|1|P|P|P|P|P|P|P|P|P|D|P|P|P|0|0
99|97|1|2|P|P|P|P|P|P|P|P|P|D|P|P|P|0|0
9A|90|1|1|P|P|P|P|P|P|P|P|P|D|P|P|P|0|0
9B|9A|1|2|P|P|P|P|P|P|P|P|P|D|P|P|P|0|0
9C|9A|1|2|P|P|P|P|P|P|P|P|P|D|P|P|P|0|0
9D|9A|1|2|P|P|P|P|P|P|P|P|P|D|P|P|P|0|0
9E|9A|1|2|P|P|P|P|P|P|P|P|P|D|P|P|P|0|0
9F|9A|1|1|P|P|P|P|P|P|P|P|P|D|P|P|P|0|0
9G|9A|1|2|P|P|P|P|P|P|P|P|P|D|P|P|P|0|0
9H|9G|1|2|P|P|P|P|P|P|P|P|P|D|P|P|P|0|0
9I|9G|1|2|P|P|P|P|P|P|P|P|P|D|P|P|P|0|0
9J|9G|1|2|P|P|P|P|P|P|P|P|P|D|P|P|P|0|0
9K|9G|1|1|P|P|P|P|P|P|P|P|P|D|P|P|P|0|0
9L|90|1|1|P|P|P|P|P|P|P|P|P|D|P|P|P|0|0
9M|9L|1|2|P|P|P|P|P|P|P|P|P|D|P|P|P|0|0
9N|9L|1|2|P|P|P|P|P|P|P|P|P|D|P|P|P|0|0
9O|9L|1|1|P|P|P|P|P|P|P|P|P|D|P|P|P|0|0
9P|9L|1|2|P|P|P|P|P|P|P|P|P|D|P|P|P|0|0
9Q|9P|1|1|P|P|P|P|P|P|P|P|P|D|P|P|P|0|0
9R|9P|1|2|P|P|P|P|P|P|P|P|P|D|P|P|P|0|0
9S|9P|1|2|P|P|P|P|P|P|P|P|P|D|P|P|P|0|0
9T|9P|1|1|P|P|P|P|P|P|P|P|P|D|P|P|P|0|0
9U|90|1|1|P|P|P|P|P|P|P|P|P|D|P|P|P|0|0
9V|9U|1|2|P|P|P|P|P|P|P|P|P|D|P|P|P|0|0
9W|9U|1|2|P|P|P|P|P|P|P|P|P|D|P|P|P|0|0
9X|9U|1|2|P|P|P|P|P|P|P|P|P|D|P|P|P|0|0
9Y|9U|1|1|P|P|P|P|P|P|P|P|P|D|P|P|P|0|0
9Z|9U|1|2|P|P|P|P|P|P|P|P|P|D|P|P|P|0|0
A0|9Z|1|1|P|P|P|P|P|P|P|P|P|D|P|P|P|0|0
A1|9Z|1|1|P|P|P|P|P|P|P|P|P|D|P|P|P|0|0
A2|9Z|1|1|P|P|P|P|P|P|P|P|P|D|P|P|P|0|0
A3|9Z|1|2|P|P|P|P|P|P|P|P|P|D|P|P|P|0|0
A4|90|1|1|P|P|P|P|P|P|P|P|P|D|P|P|P|0|0
A5|A4|1|2|P|P|P|P|P|P|P|P|P|D|P|P|P|0|0
A6|A4|1|2|P|P|P|P|P|P|P|P|P|D|P|P|P|0|0
A7|A4|1|1|P|P|P|P|P|P|P|P|P|D|P|P|P|0|0
A8|A4|1|2|P|P|P|P|P|P|P|P|P|D|P|P|P|0|0
A9|A8|1|1|P|P|P|P|P|P|P|P|P|D|P|P|P|0|0
AA|A8|1|1|P|P|P|P|P|P|P|P|P|D|P|P|P|0|0
AB|A8|1|2|P|P|P|P|P|P|P|P|P|D|P|P|P|0|0
AC|A8|1|2|P|P|P|P|P|P|P|P|P|D|P|P|P|0|0
AD|90|1|1|P|P|P|P|P|P|P|P|P|D|P|P|P|0|0
AE|AD|1|2|P|P|P|P|P|P|P|P|P|D|P|P|P|0|0
AF|AD|1|2|P|P|P|P|P|P|P|P|P|D|P|P|P|0|0
AG|AD|1|2|P|P|P|P|P|P|P|P|P|D|P|P|P|0|0
AH|AD|1|1|P|P|P|P|P|P|P|P|P|D|P|P|P|0|0
AI|AD|1|2|P|P|P|P|P|P|P|P|P|D|P|P|P|0|0
AJ|AI|1|1|P|P|P|P|P|P|P|P|P|D|P|P|P|0|0
AK|AI|1|2|P|P|P|P|P|P|P|P|P|D|P|P|P|0|0
AL|AI|1|1|P|P|P|P|P|P|P|P|P|D|P|P|P|0|0
AM|AI|1|2|P|P|P|P|P|P|P|P|P|D|P|P|P|0|0
AN|AI|1|2|P|P|P|P|P|P|P|P|P|D|P|P|P|0|0
AO|8Z|1|3|P|P|P|P|P|P|P|P|P|D|P|P|P|0|0
AP|AO|1|3|P|P|P|P|P|P|P|P|P|D|P|P|P|0|0
AQ|AO|1|3|P|P|P|P|P|P|P|P|P|D|P|P|P|0|0
AS|AR|1|3|P|P|P|P|P|P|P|P|P|D|P|P|P|0|0
AT|AS|1|1|P|P|P|P|P|P|P|P|P|D|P|P|P|0|0
AU|AT|1|2|P|P|P|P|P|P|P|P|P|D|P|P|P|0|0
AV|AT|1|2|P|P|P|P|P|P|P|P|P|D|P|P|P|0|0
AW|AT|1|2|P|P|P|P|P|P|P|P|P|D|P|P|P|0|0
AX|AT|1|2|P|P|P|P|P|P|P|P|P|D|P|P|P|0|0
AY|AT|1|1|P|P|P|P|P|P|P|P|P|D|P|P|P|0|0
AZ|AT|1|2|P|P|P|P|P|P|P|P|P|D|P|P|P|0|0
B0|AZ|1|1|P|P|P|P|P|P|P|P|P|D|P|P|P|0|0
B1|AZ|1|1|P|P|P|P|P|P|P|P|P|D|P|P|P|0|0
B2|AZ|1|1|P|P|P|P|P|P|P|P|P|D|P|P|P|0|0
B3|AZ|1|1|P|P|P|P|P|P|P|P|P|D|P|P|P|0|0
B4|AZ|1|1|P|P|P|P|P|P|P|P|P|D|P|P|P|0|0
B5|AS|1|1|P|P|P|P|P|P|P|P|P|D|P|P|P|0|0
B6|B5|1|2|P|P|P|P|P|P|P|P|P|D|P|P|P|0|0
B7|B5|1|2|P|P|P|P|P|P|P|P|P|D|P|P|P|0|0
B8|B5|1|2|P|P|P|P|P|P|P|P|P|D|P|P|P|0|0
B9|B5|1|2|P|P|P|P|P|P|P|P|P|D|P|P|P|0|0
BA|B5|1|1|P|P|P|P|P|P|P|P|P|D|P|P|P|0|0
BB|B5|1|2|P|P|P|P|P|P|P|P|P|D|P|P|P|0|0
BC|BB|1|1|P|P|P|P|P|P|P|P|P|D|P|P|P|0|0
BD|BB|1|2|P|P|P|P|P|P|P|P|P|D|P|P|P|0|0
BE|BB|1|1|P|P|P|P|P|P|P|P|P|D|P|P|P|0|0
BF|AS|1|1|P|P|P|P|P|P|P|P|P|D|P|P|P|0|0
BG|BF|1|2|P|P|P|P|P|P|P|P|P|D|P|P|P|0|0
BH|BF|1|1|P|P|P|P|P|P|P|P|P|D|P|P|P|0|0
BI|BF|1|2|P|P|P|P|P|P|P|P|P|D|P|P|P|0|0
BJ|BF|1|2|P|P|P|P|P|P|P|P|P|D|P|P|P|0|0
BK|BF|1|1|P|P|P|P|P|P|P|P|P|D|P|P|P|0|0
BL|BF|1|2|P|P|P|P|P|P|P|P|P|D|P|P|P|0|0
BM|BL|1|1|P|P|P|P|P|P|P|P|P|D|P|P|P|0|0
BN|BL|1|1|P|P|P|P|P|P|P|P|P|D|P|P|P|0|0
BO|BL|1|1|P|P|P|P|P|P|P|P|P|D|P|P|P|0|0
BP|AS|1|1|P|P|P|P|P|P|P|P|P|D|P|P|P|0|0
BQ|BP|1|2|P|P|P|P|P|P|P|P|P|D|P|P|P|0|0
BR|BP|1|2|P|P|P|P|P|P|P|P|P|D|P|P|P|0|0
BS|BP|1|2|P|P|P|P|P|P|P|P|P|D|P|P|P|0|0
BT|BP|1|1|P|P|P|P|P|P|P|P|P|D|P|P|P|0|0
BU|BP|1|2|P|P|P|P|P|P|P|P|P|D|P|P|P|0|0
BV|BP|1|2|P|P|P|P|P|P|P|P|P|D|P|P|P|0|0
BW|BV|1|2|P|P|P|P|P|P|P|P|P|D|P|P|P|0|0
BX|BV|1|1|P|P|P|P|P|P|P|P|P|D|P|P|P|0|0
BY|BV|1|1|P|P|P|P|P|P|P|P|P|D|P|P|P|0|0
BZ|BV|1|2|P|P|P|P|P|P|P|P|P|D|P|P|P|0|0
C0|AS|1|1|P|P|P|P|P|P|P|P|P|D|P|P|P|0|0
C1|C0|1|2|P|P|P|P|P|P|P|P|P|D|P|P|P|0|0
C2|C0|1|2|P|P|P|P|P|P|P|P|P|D|P|P|P|0|0
C3|C0|1|1|P|P|P|P|P|P|P|P|P|D|P|P|P|0|0
C4|C0|1|2|P|P|P|P|P|P|P|P|P|D|P|P|P|0|0
C5|C4|1|2|P|P|P|P|P|P|P|P|P|D|P|P|P|0|0
C6|C4|1|2|P|P|P|P|P|P|P|P|P|D|P|P|P|0|0
C7|C4|1|1|P|P|P|P|P|P|P|P|P|D|P|P|P|0|0
C8|C4|1|1|P|P|P|P|P|P|P|P|P|D|P|P|P|0|0
C9|AS|1|1|P|P|P|P|P|P|P|P|P|D|P|P|P|0|0
CA|C9|1|2|P|P|P|P|P|P|P|P|P|D|P|P|P|0|0
CB|C9|1|2|P|P|P|P|P|P|P|P|P|D|P|P|P|0|0
CC|C9|1|2|P|P|P|P|P|P|P|P|P|D|P|P|P|0|0
CD|C9|1|2|P|P|P|P|P|P|P|P|P|D|P|P|P|0|0
CE|C9|1|2|P|P|P|P|P|P|P|P|P|D|P|P|P|0|0
CF|C9|1|2|P|P|P|P|P|P|P|P|P|D|P|P|P|0|0
CG|C9|1|1|P|P|P|P|P|P|P|P|P|D|P|P|P|0|0
CH|C9|1|2|P|P|P|P|P|P|P|P|P|D|P|P|P|0|0
CI|CH|1|2|P|P|P|P|P|P|P|P|P|D|P|P|P|0|0
CJ|CH|1|1|P|P|P|P|P|P|P|P|P|D|P|P|P|0|0
CK|CH|1|1|P|P|P|P|P|P|P|P|P|D|P|P|P|0|0
CL|CH|1|2|P|P|P|P|P|P|P|P|P|D|P|P|P|0|0
CM|CH|1|1|P|P|P|P|P|P|P|P|P|D|P|P|P|0|0
CN|AR|1|3|P|P|P|P|P|P|P|P|P|D|P|P|P|0|0
CO|CN|1|3|P|P|P|P|P|P|P|P|P|D|P|P|P|0|0
CP|CN|1|3|P|P|P|P|P|P|P|P|P|D|P|P|P|0|0
CQ|CN|1|3|P|P|P|P|P|P|P|P|P|D|P|P|P|0|0
CS|CR|1|3|P|P|P|P|P|P|P|P|P|D|P|P|P|0|0
CT|CS|1|1|P|P|P|P|P|P|P|P|P|D|P|P|P|0|0
CU|CS|1|1|P|P|P|P|P|P|P|P|P|D|P|P|P|0|0
CV|CU|1|1|P|P|P|P|P|P|P|P|P|D|P|P|P|0|0
CW|CU|1|2|P|P|P|P|P|P|P|P|P|D|P|P|P|0|0
CX|CU|1|2|P|P|P|P|P|P|P|P|P|D|P|P|P|0|0
CY|CU|1|2|P|P|P|P|P|P|P|P|P|D|P|P|P|0|0
CZ|CU|1|2|P|P|P|P|P|P|P|P|P|D|P|P|P|0|0
D0|CZ|1|1|P|P|P|P|P|P|P|P|P|D|P|P|P|0|0
D1|CZ|1|1|P|P|P|P|P|P|P|P|P|D|P|P|P|0|0
D2|CZ|1|1|P|P|P|P|P|P|P|P|P|D|P|P|P|0|0
D3|CS|1|1|P|P|P|P|P|P|P|P|P|D|P|P|P|0|0
D4|CS|1|1|P|P|P|P|P|P|P|P|P|D|P|P|P|0|0
D5|D4|1|1|P|P|P|P|P|P|P|P|P|D|P|P|P|0|0
D6|D4|1|2|P|P|P|P|P|P|P|P|P|D|P|P|P|0|0
D7|D4|1|2|P|P|P|P|P|P|P|P|P|D|P|P|P|0|0
D8|D4|1|2|P|P|P|P|P|P|P|P|P|D|P|P|P|0|0
D9|D4|1|2|P|P|P|P|P|P|P|P|P|D|P|P|P|0|0
DA|D9|1|1|P|P|P|P|P|P|P|P|P|D|P|P|P|0|0
DB|D9|1|1|P|P|P|P|P|P|P|P|P|D|P|P|P|0|0
DC|D9|1|1|P|P|P|P|P|P|P|P|P|D|P|P|P|0|0
DD|CS|1|1|P|P|P|P|P|P|P|P|P|D|P|P|P|0|0
DE|CS|1|1|P|P|P|P|P|P|P|P|P|D|P|P|P|0|0
DF|DE|1|1|P|P|P|P|P|P|P|P|P|D|P|P|P|0|0
DG|DE|1|2|P|P|P|P|P|P|P|P|P|D|P|P|P|0|0
DH|DE|1|2|P|P|P|P|P|P|P|P|P|D|P|P|P|0|0
DI|DE|1|2|P|P|P|P|P|P|P|P|P|D|P|P|P|0|0
DJ|DE|1|2|P|P|P|P|P|P|P|P|P|D|P|P|P|0|0
DK|DJ|1|1|P|P|P|P|P|P|P|P|P|D|P|P|P|0|0
DL|DJ|1|1|P|P|P|P|P|P|P|P|P|D|P|P|P|0|0
DM|DJ|1|1|P|P|P|P|P|P|P|P|P|D|P|P|P|0|0
DN|DJ|1|2|P|P|P|P|P|P|P|P|P|D|P|P|P|0|0
DO|DJ|1|1|P|P|P|P|P|P|P|P|P|D|P|P|P|0|0
DP|CR|1|1|P|P|P|P|P|P|P|P|P|D|P|P|P|0|0
DQ|DP|1|2|P|P|P|P|P|P|P|P|P|D|P|P|P|0|0
DR|CR|1|3|P|P|P|P|P|P|P|P|P|D|P|P|P|0|0
DS|DR|1|1|P|P|P|P|P|P|P|P|P|D|P|P|P|0|0
DT|DR|1|3|P|P|P|P|P|P|P|P|P|D|P|P|P|0|0
DU|DR|1|3|P|P|P|P|P|P|P|P|P|D|P|P|P|0|0
DV|DR|1|1|P|P|P|P|P|P|P|P|P|D|P|P|P|0|0
DW|DR|1|1|P|P|P|P|P|P|P|P|P|D|P|P|P|0|0
DX|DR|1|1|P|P|P|P|P|P|P|P|P|D|P|P|P|0|0
DZ|DY|1|3|P|P|P|P|P|P|P|P|P|D|P|P|P|0|0
E0|DY|1|3|P|P|P|P|P|P|P|P|P|D|P|P|P|0|0
E1|E0|1|3|P|P|P|P|P|P|P|P|P|D|P|P|P|0|0
E2|E0|1|3|P|P|P|P|P|P|P|P|P|D|P|P|P|0|0
E3|E0|1|3|P|P|P|P|P|P|P|P|P|D|P|P|P|0|0
E4|E0|1|3|P|P|P|P|P|P|P|P|P|D|P|P|P|0|0
E5|E0|1|3|P|P|P|P|P|P|P|P|P|D|P|P|P|0|0
E6|E0|1|3|P|P|P|P|P|P|P|P|P|D|P|P|P|0|0
E7|DY|1|1|P|P|P|P|P|P|P|P|P|D|P|P|P|0|0
E8|E7|1|1|P|P|P|P|P|P|P|P|P|D|P|P|P|0|0
E9|E7|1|1|P|P|P|P|P|P|P|P|P|D|P|P|P|0|0
EA|E7|1|1|P|P|P|P|P|P|P|P|P|D|P|P|P|0|0
EB|E7|1|1|P|P|P|P|P|P|P|P|P|D|P|P|P|0|0
EC|E7|1|1|P|P|P|P|P|P|P|P|P|D|P|P|P|0|0
ED|E7|1|1|P|P|P|P|P|P|P|P|P|D|P|P|P|0|0
EE|DY|1|3|P|P|P|P|P|P|P|P|P|D|P|P|P|0|0
EF|EE|1|3|P|P|P|P|P|P|P|P|P|D|P|P|P|0|0
EG|EF|1|1|P|P|P|P|P|P|P|P|P|D|P|P|P|0|0
EH|EE|1|3|P|P|P|P|P|P|P|P|P|D|P|P|P|0|0
EI|EE|1|3|P|P|P|P|P|P|P|P|P|D|P|P|P|0|0
EJ|EE|1|3|P|P|P|P|P|P|P|P|P|D|P|P|P|0|0
EK|EJ|1|3|P|P|P|P|P|P|P|P|P|D|P|P|P|0|0
EL|EE|1|3|P|P|P|P|P|P|P|P|P|D|P|P|P|0|0
EM|EE|1|3|P|P|P|P|P|P|P|P|P|D|P|P|P|0|0
EN|EE|1|1|P|P|P|P|P|P|P|P|P|D|P|P|P|0|0
EO|EN|1|1|P|P|P|P|P|P|P|P|P|D|P|P|P|0|0
EP|EE|1|3|P|P|P|P|P|P|P|P|P|D|P|P|P|0|0
EQ|EE|1|3|P|P|P|P|P|P|P|P|P|D|P|P|P|0|0
ER|EQ|1|1|P|P|P|P|P|P|P|P|P|D|P|P|P|0|0
ES|EE|1|3|P|P|P|P|P|P|P|P|P|D|P|P|P|0|0
ET|ES|1|1|P|P|P|P|P|P|P|P|P|D|P|P|P|0|0
EU|EE|1|3|P|P|P|P|P|P|P|P|P|D|P|P|P|0|0
EV|EU|1|3|P|P|P|P|P|P|P|P|P|D|P|P|P|0|0
EW|EE|1|3|P|P|P|P|P|P|P|P|P|D|P|P|P|0|0
EX|EW|1|1|P|P|P|P|P|P|P|P|P|D|P|P|P|0|0
EY|EW|1|1|P|P|P|P|P|P|P|P|P|D|P|P|P|0|0
EZ|EW|1|1|P|P|P|P|P|P|P|P|P|D|P|P|P|0|0
F0|EW|1|1|P|P|P|P|P|P|P|P|P|D|P|P|P|0|0
F1|EW|1|1|P|P|P|P|P|P|P|P|P|D|P|P|P|0|0
F2|EW|1|1|P|P|P|P|P|P|P|P|P|D|P|P|P|0|0
F4|F3|1|3|P|P|P|P|P|P|P|P|P|D|P|P|P|0|0
F5|F4|1|1|P|P|P|P|P|P|P|P|P|D|P|P|P|0|0
F6|F5|1|2|P|P|P|P|P|P|P|P|P|D|P|P|P|0|0
F7|F5|1|1|P|P|P|P|P|P|P|P|P|D|P|P|P|0|0
F8|F5|1|1|P|P|P|P|P|P|P|P|P|D|P|P|P|0|0
F9|F5|1|2|P|P|P|P|P|P|P|P|P|D|P|P|P|0|0
FA|F5|1|1|P|P|P|P|P|P|P|P|P|D|P|P|P|0|0
FB|F4|1|1|P|P|P|P|P|P|P|P|P|D|P|P|P|0|0
FC|F4|1|1|P|P|P|P|P|P|P|P|P|D|P|P|P|0|0
FD|FC|1|1|P|P|P|P|P|P|P|P|P|D|P|P|P|0|0
FE|FC|1|1|P|P|P|P|P|P|P|P|P|D|P|P|P|0|0
FF|FC|1|2|P|P|P|P|P|P|P|P|P|D|P|P|P|0|0
FG|FC|1|2|P|P|P|P|P|P|P|P|P|D|P|P|P|0|0
FH|FC|1|2|P|P|P|P|P|P|P|P|P|D|P|P|P|0|0
FI|F4|1|1|P|P|P|P|P|P|P|P|P|D|P|P|P|0|0
FJ|F4|1|1|P|P|P|P|P|P|P|P|P|D|P|P|P|0|0
FK|FJ|1|2|P|P|P|P|P|P|P|P|P|D|P|P|P|0|0
FL|FJ|1|2|P|P|P|P|P|P|P|P|P|D|P|P|P|0|0
FM|FJ|1|2|P|P|P|P|P|P|P|P|P|D|P|P|P|0|0
FN|FJ|1|2|P|P|P|P|P|P|P|P|P|D|P|P|P|0|0
FO|F4|1|1|P|P|P|P|P|P|P|P|P|D|P|P|P|0|0
FP|F3|1|3|P|P|P|P|P|P|P|P|P|D|P|P|P|0|0
FQ|FP|1|3|P|P|P|P|P|P|P|P|P|D|P|P|P|0|0
FR|FQ|1|3|P|P|P|P|P|P|P|P|P|D|P|P|P|0|0
FS|FP|1|3|P|P|P|P|P|P|P|P|P|D|P|P|P|0|0
FT|FP|1|3|P|P|P|P|P|P|P|P|P|D|P|P|P|0|0
FU|FT|1|3|P|P|P|P|P|P|P|P|P|D|P|P|P|0|0
FV|FP|1|3|P|P|P|P|P|P|P|P|P|D|P|P|P|0|0
FW|FV|1|3|P|P|P|P|P|P|P|P|P|D|P|P|P|0|0
FX|FP|1|3|P|P|P|P|P|P|P|P|P|D|P|P|P|0|0
FY|FX|1|1|P|P|P|P|P|P|P|P|P|D|P|P|P|0|0
FZ|FP|1|3|P|P|P|P|P|P|P|P|P|D|P|P|P|0|0
G0|FZ|1|1|P|P|P|P|P|P|P|P|P|D|P|P|P|0|0
G1|FZ|1|3|P|P|P|P|P|P|P|P|P|D|P|P|P|0|0
G2|FZ|1|3|P|P|P|P|P|P|P|P|P|D|P|P|P|0|0
G3|FP|1|3|P|P|P|P|P|P|P|P|P|D|P|P|P|0|0
G4|G3|1|1|P|P|P|P|P|P|P|P|P|D|P|P|P|0|0
G5|FP|1|3|P|P|P|P|P|P|P|P|P|D|P|P|P|0|0
G6|G5|1|3|P|P|P|P|P|P|P|P|P|D|P|P|P|0|0
G7|FP|1|3|P|P|P|P|P|P|P|P|P|D|P|P|P|0|0
G8|G7|1|3|P|P|P|P|P|P|P|P|P|D|P|P|P|0|0
G9|FP|1|3|P|P|P|P|P|P|P|P|P|D|P|P|P|0|0
GA|G9|1|3|P|P|P|P|P|P|P|P|P|D|P|P|P|0|0
GB|FP|1|1|P|P|P|P|P|P|P|P|P|D|P|P|P|0|0
GC|FP|1|1|P|P|P|P|P|P|P|P|P|D|P|P|P|0|0
GD|FP|1|1|P|P|P|P|P|P|P|P|P|D|P|P|P|0|0
GE|GD|1|1|P|P|P|P|P|P|P|P|P|D|P|P|P|0|0
GF|FP|1|1|P|P|P|P|P|P|P|P|P|D|P|P|P|0|0
GG|GF|1|2|P|P|P|P|P|P|P|P|P|D|P|P|P|0|0
GH|FP|1|1|P|P|P|P|P|P|P|P|P|D|P|P|P|0|0
GI|GH|1|1|P|P|P|P|P|P|P|P|P|D|P|P|P|0|0
GJ|FP|1|1|P|P|P|P|P|P|P|P|P|D|P|P|P|0|0
GK|FP|1|3|P|P|P|P|P|P|P|P|P|D|P|P|P|0|0
GL|GK|1|1|P|P|P|P|P|P|P|P|P|D|P|P|P|0|0
GM|FP|1|1|P|P|P|P|P|P|P|P|P|D|P|P|P|0|0
GN|GM|1|1|P|P|P|P|P|P|P|P|P|D|P|P|P|0|0
GO|GM|1|2|P|P|P|P|P|P|P|P|P|D|P|P|P|0|0
GP|GM|1|2|P|P|P|P|P|P|P|P|P|D|P|P|P|0|0
GQ|GM|1|1|P|P|P|P|P|P|P|P|P|D|P|P|P|0|0
GR|GM|1|1|P|P|P|P|P|P|P|P|P|D|P|P|P|0|0
GS|FP|1|3|P|P|P|P|P|P|P|P|P|D|P|P|P|0|0
GT|GS|1|3|P|P|P|P|P|P|P|P|P|D|P|P|P|0|0
GU|GS|1|3|P|P|P|P|P|P|P|P|P|D|P|P|P|0|0
GW|GV|1|3|P|P|P|P|P|P|P|P|P|D|P|P|P|0|0
GX|GW|1|1|P|P|P|P|P|P|P|P|P|D|P|P|P|0|0
GY|GX|1|2|P|P|P|P|P|P|P|P|P|D|P|P|P|0|0
GZ|GX|1|2|P|P|P|P|P|P|P|P|P|D|P|P|P|0|0
H0|GX|1|2|P|P|P|P|P|P|P|P|P|D|P|P|P|0|0
H1|GX|1|2|P|P|P|P|P|P|P|P|P|D|P|P|P|0|0
H2|GW|1|1|P|P|P|P|P|P|P|P|P|D|P|P|P|0|0
H3|GW|1|1|P|P|P|P|P|P|P|P|P|D|P|P|P|0|0
H4|GW|1|1|P|P|P|P|P|P|P|P|P|D|P|P|P|0|0
H5|GW|1|1|P|P|P|P|P|P|P|P|P|D|P|P|P|0|0
H6|H5|1|2|P|P|P|P|P|P|P|P|P|D|P|P|P|0|0
H7|H5|1|2|P|P|P|P|P|P|P|P|P|D|P|P|P|0|0
H8|H5|1|2|P|P|P|P|P|P|P|P|P|D|P|P|P|0|0
H9|H5|1|2|P|P|P|P|P|P|P|P|P|D|P|P|P|0|0
HA|H5|1|2|P|P|P|P|P|P|P|P|P|D|P|P|P|0|0
HB|GW|1|1|P|P|P|P|P|P|P|P|P|D|P|P|P|0|0
HC|HB|1|1|P|P|P|P|P|P|P|P|P|D|P|P|P|0|0
HD|HB|1|1|P|P|P|P|P|P|P|P|P|D|P|P|P|0|0
HE|HB|1|1|P|P|P|P|P|P|P|P|P|D|P|P|P|0|0
HF|HB|1|1|P|P|P|P|P|P|P|P|P|D|P|P|P|0|0
HG|GV|1|3|P|P|P|P|P|P|P|P|P|D|P|P|P|0|0
HH|HG|1|3|P|P|P|P|P|P|P|P|P|D|P|P|P|0|0
HI|HH|1|3|P|P|P|P|P|P|P|P|P|D|P|P|P|0|0
HJ|HH|1|1|P|P|P|P|P|P|P|P|P|D|P|P|P|0|0
HK|HG|1|3|P|P|P|P|P|P|P|P|P|D|P|P|P|0|0
HL|HG|1|3|P|P|P|P|P|P|P|P|P|D|P|P|P|0|0
HM|HG|1|3|P|P|P|P|P|P|P|P|P|D|P|P|P|0|0
HN|HM|1|1|P|P|P|P|P|P|P|P|P|D|P|P|P|0|0
HO|HM|1|1|P|P|P|P|P|P|P|P|P|D|P|P|P|0|0
HP|HG|1|1|P|P|P|P|P|P|P|P|P|D|P|P|P|0|0
HQ|HP|1|1|P|P|P|P|P|P|P|P|P|D|P|P|P|0|0
HR|HP|1|1|P|P|P|P|P|P|P|P|P|D|P|P|P|0|0
HS|HP|1|2|P|P|P|P|P|P|P|P|P|D|P|P|P|0|0
HT|HG|1|1|P|P|P|P|P|P|P|P|P|D|P|P|P|0|0
HU|HT|1|1|P|P|P|P|P|P|P|P|P|D|P|P|P|0|0
HV|HT|1|1|P|P|P|P|P|P|P|P|P|D|P|P|P|0|0
HW|HT|1|1|P|P|P|P|P|P|P|P|P|D|P|P|P|0|0
HX|HG|1|1|P|P|P|P|P|P|P|P|P|D|P|P|P|0|0
HY|HX|1|1|P|P|P|P|P|P|P|P|P|D|P|P|P|0|0
HZ|HG|1|3|P|P|P|P|P|P|P|P|P|D|P|P|P|0|0
I0|HZ|1|1|P|P|P|P|P|P|P|P|P|D|P|P|P|0|0
I1|HZ|1|1|P|P|P|P|P|P|P|P|P|D|P|P|P|0|0
I2|HZ|1|1|P|P|P|P|P|P|P|P|P|D|P|P|P|0|0
I4|I3|1|3|P|P|P|P|P|P|P|P|P|D|P|P|P|0|0
I5|I4|1|1|P|P|P|P|P|P|P|P|P|D|P|P|P|0|0
I6|I4|1|1|P|P|P|P|P|P|P|P|P|D|P|P|P|0|0
I7|I6|1|2|P|P|P|P|P|P|P|P|P|D|P|P|P|0|0
I8|I6|1|1|P|P|P|P|P|P|P|P|P|D|P|P|P|0|0
I9|I6|1|2|P|P|P|P|P|P|P|P|P|D|P|P|P|0|0
IA|I4|1|1|P|P|P|P|P|P|P|P|P|D|P|P|P|0|0
IB|I4|1|1|P|P|P|P|P|P|P|P|P|D|P|P|P|0|0
IC|IB|1|2|P|P|P|P|P|P|P|P|P|D|P|P|P|0|0
ID|IB|1|1|P|P|P|P|P|P|P|P|P|D|P|P|P|0|0
IE|I4|1|1|P|P|P|P|P|P|P|P|P|D|P|P|P|0|0
IF|I4|1|1|P|P|P|P|P|P|P|P|P|D|P|P|P|0|0
IG|IF|1|2|P|P|P|P|P|P|P|P|P|D|P|P|P|0|0
IH|IF|1|2|P|P|P|P|P|P|P|P|P|D|P|P|P|0|0
II|I3|1|3|P|P|P|P|P|P|P|P|P|D|P|P|P|0|0
IJ|II|1|1|P|P|P|P|P|P|P|P|P|D|P|P|P|0|0
IK|II|1|1|P|P|P|P|P|P|P|P|P|D|P|P|P|0|0
IL|I3|1|3|P|P|P|P|P|P|P|P|P|D|P|P|P|0|0
IM|I3|1|1|P|P|P|P|P|P|P|P|P|D|P|P|P|0|0
IN|I3|1|3|P|P|P|P|P|P|P|P|P|D|P|P|P|0|0
IO|IN|1|3|P|P|P|P|P|P|P|P|P|D|P|P|P|0|0
IP|IN|1|1|P|P|P|P|P|P|P|P|P|D|P|P|P|0|0
IQ|IP|1|1|P|P|P|P|P|P|P|P|P|D|P|P|P|0|0
IR|IN|1|3|P|P|P|P|P|P|P|P|P|D|P|P|P|0|0
IS|IR|1|3|P|P|P|P|P|P|P|P|P|D|P|P|P|0|0
IT|IN|1|1|P|P|P|P|P|P|P|P|P|D|P|P|P|0|0
IU|IN|1|3|P|P|P|P|P|P|P|P|P|D|P|P|P|0|0
IV|IU|1|1|P|P|P|P|P|P|P|P|P|D|P|P|P|0|0
IW|IN|1|3|P|P|P|P|P|P|P|P|P|D|P|P|P|0|0
IX|IN|1|3|P|P|P|P|P|P|P|P|P|D|P|P|P|0|0
IY|IX|1|3|P|P|P|P|P|P|P|P|P|D|P|P|P|0|0
IZ|IN|1|3|P|P|P|P|P|P|P|P|P|D|P|P|P|0|0
J0|IN|1|1|P|P|P|P|P|P|P|P|P|D|P|P|P|0|0
J1|J0|1|1|P|P|P|P|P|P|P|P|P|D|P|P|P|0|0
J2|IN|1|3|P|P|P|P|P|P|P|P|P|D|P|P|P|0|0
J3|J2|1|1|P|P|P|P|P|P|P|P|P|D|P|P|P|0|0
J4|IN|1|3|P|P|P|P|P|P|P|P|P|D|P|P|P|0|0
J5|J4|1|1|P|P|P|P|P|P|P|P|P|D|P|P|P|0|0
J6|J4|1|3|P|P|P|P|P|P|P|P|P|D|P|P|P|0|0
J7|IN|1|3|P|P|P|P|P|P|P|P|P|D|P|P|P|0|0
J9|J8|1|3|P|P|P|P|P|P|P|P|P|D|P|P|P|0|0
JA|J9|1|1|P|P|P|P|P|P|P|P|P|D|P|P|P|0|0
JB|JA|1|2|P|P|P|P|P|P|P|P|P|D|P|P|P|0|0
JC|JA|1|2|P|P|P|P|P|P|P|P|P|D|P|P|P|0|0
JD|JA|1|2|P|P|P|P|P|P|P|P|P|D|P|P|P|0|0
JE|JA|1|2|P|P|P|P|P|P|P|P|P|D|P|P|P|0|0
JF|JA|1|2|P|P|P|P|P|P|P|P|P|D|P|P|P|0|0
JG|JF|1|1|P|P|P|P|P|P|P|P|P|D|P|P|P|0|0
JH|JF|1|2|P|P|P|P|P|P|P|P|P|D|P|P|P|0|0
JI|JF|1|2|P|P|P|P|P|P|P|P|P|D|P|P|P|0|0
JJ|JF|1|2|P|P|P|P|P|P|P|P|P|D|P|P|P|0|0
JK|J9|1|1|P|P|P|P|P|P|P|P|P|D|P|P|P|0|0
JL|JK|1|1|P|P|P|P|P|P|P|P|P|D|P|P|P|0|0
JM|JK|1|1|P|P|P|P|P|P|P|P|P|D|P|P|P|0|0
JN|JK|1|2|P|P|P|P|P|P|P|P|P|D|P|P|P|0|0
JO|JK|1|2|P|P|P|P|P|P|P|P|P|D|P|P|P|0|0
JP|JO|1|1|P|P|P|P|P|P|P|P|P|D|P|P|P|0|0
JQ|JO|1|1|P|P|P|P|P|P|P|P|P|D|P|P|P|0|0
JR|JO|1|2|P|P|P|P|P|P|P|P|P|D|P|P|P|0|0
JS|JO|1|2|P|P|P|P|P|P|P|P|P|D|P|P|P|0|0
JT|JO|1|1|P|P|P|P|P|P|P|P|P|D|P|P|P|0|0
JU|J9|1|1|P|P|P|P|P|P|P|P|P|D|P|P|P|0|0
JV|J9|1|1|P|P|P|P|P|P|P|P|P|D|P|P|P|0|0
JW|J9|1|1|P|P|P|P|P|P|P|P|P|D|P|P|P|0|0
JX|J9|1|1|P|P|P|P|P|P|P|P|P|D|P|P|P|0|0
JY|JX|1|2|P|P|P|P|P|P|P|P|P|D|P|P|P|0|0
JZ|JX|1|2|P|P|P|P|P|P|P|P|P|D|P|P|P|0|0
K0|JX|1|1|P|P|P|P|P|P|P|P|P|D|P|P|P|0|0
K1|JX|1|2|P|P|P|P|P|P|P|P|P|D|P|P|P|0|0
K2|J8|1|3|P|P|P|P|P|P|P|P|P|D|P|P|P|0|0
K3|J8|1|1|P|P|P|P|P|P|P|P|P|D|P|P|P|0|0
K4|J8|1|3|P|P|P|P|P|P|P|P|P|D|P|P|P|0|0
K5|K4|1|3|P|P|P|P|P|P|P|P|P|D|P|P|P|0|0
K6|K4|1|3|P|P|P|P|P|P|P|P|P|D|P|P|P|0|0
K7|K4|1|3|P|P|P|P|P|P|P|P|P|D|P|P|P|0|0
K8|K4|1|3|P|P|P|P|P|P|P|P|P|D|P|P|P|0|0
K9|K8|1|3|P|P|P|P|P|P|P|P|P|D|P|P|P|0|0
KA|K4|1|3|P|P|P|P|P|P|P|P|P|D|P|P|P|0|0
KB|KA|1|1|P|P|P|P|P|P|P|P|P|D|P|P|P|0|0
KC|KA|1|3|P|P|P|P|P|P|P|P|P|D|P|P|P|0|0
KD|KA|1|3|P|P|P|P|P|P|P|P|P|D|P|P|P|0|0
KE|KA|1|1|P|P|P|P|P|P|P|P|P|D|P|P|P|0|0
KF|KA|1|1|P|P|P|P|P|P|P|P|P|D|P|P|P|0|0
KH|KG|1|3|P|P|P|P|P|P|P|P|P|D|P|P|P|0|0
KI|KH|1|1|P|P|P|P|P|P|P|P|P|D|P|P|P|0|0
KJ|KI|1|2|P|P|P|P|P|P|P|P|P|D|P|P|P|0|0
KK|KI|1|2|P|P|P|P|P|P|P|P|P|D|P|P|P|0|0
KL|KK|1|1|P|P|P|P|P|P|P|P|P|D|P|P|P|0|0
KM|KI|1|1|P|P|P|P|P|P|P|P|P|D|P|P|P|0|0
KN|KM|1|1|P|P|P|P|P|P|P|P|P|D|P|P|P|0|0
KO|KM|1|1|P|P|P|P|P|P|P|P|P|D|P|P|P|0|0
KP|KM|1|1|P|P|P|P|P|P|P|P|P|D|P|P|P|0|0
KQ|KM|1|1|P|P|P|P|P|P|P|P|P|D|P|P|P|0|0
KR|KH|1|1|P|P|P|P|P|P|P|P|P|D|P|P|P|0|0
KS|KH|1|1|P|P|P|P|P|P|P|P|P|D|P|P|P|0|0
KT|KS|1|2|P|P|P|P|P|P|P|P|P|D|P|P|P|0|0
KU|KS|1|2|P|P|P|P|P|P|P|P|P|D|P|P|P|0|0
KV|KS|1|2|P|P|P|P|P|P|P|P|P|D|P|P|P|0|0
KW|KS|1|2|P|P|P|P|P|P|P|P|P|D|P|P|P|0|0
KX|KW|1|2|P|P|P|P|P|P|P|P|P|D|P|P|P|0|0
KY|KW|1|2|P|P|P|P|P|P|P|P|P|D|P|P|P|0|0
KZ|KW|1|1|P|P|P|P|P|P|P|P|P|D|P|P|P|0|0
L0|KH|1|1|P|P|P|P|P|P|P|P|P|D|P|P|P|0|0
L1|KH|1|1|P|P|P|P|P|P|P|P|P|D|P|P|P|0|0
L2|L1|1|2|P|P|P|P|P|P|P|P|P|D|P|P|P|0|0
L3|L1|1|2|P|P|P|P|P|P|P|P|P|D|P|P|P|0|0
L4|L1|1|2|P|P|P|P|P|P|P|P|P|D|P|P|P|0|0
L5|L1|1|2|P|P|P|P|P|P|P|P|P|D|P|P|P|0|0
L6|L5|1|2|P|P|P|P|P|P|P|P|P|D|P|P|P|0|0
L7|L5|1|1|P|P|P|P|P|P|P|P|P|D|P|P|P|0|0
L8|L5|1|2|P|P|P|P|P|P|P|P|P|D|P|P|P|0|0
L9|KH|1|1|P|P|P|P|P|P|P|P|P|D|P|P|P|0|0
LA|KG|1|3|P|P|P|P|P|P|P|P|P|D|P|P|P|0|0
LB|KG|1|1|P|P|P|P|P|P|P|P|P|D|P|P|P|0|0
LC|KG|1|3|P|P|P|P|P|P|P|P|P|D|P|P|P|0|0
LD|LC|1|3|P|P|P|P|P|P|P|P|P|D|P|P|P|0|0
LE|LC|1|3|P|P|P|P|P|P|P|P|P|D|P|P|P|0|0
LF|LC|1|3|P|P|P|P|P|P|P|P|P|D|P|P|P|0|0
LG|LC|1|3|P|P|P|P|P|P|P|P|P|D|P|P|P|0|0
LH|LC|1|3|P|P|P|P|P|P|P|P|P|D|P|P|P|0|0
LI|LC|1|3|P|P|P|P|P|P|P|P|P|D|P|P|P|0|0
LJ|LI|1|1|P|P|P|P|P|P|P|P|P|D|P|P|P|0|0
LK|LI|1|3|P|P|P|P|P|P|P|P|P|D|P|P|P|0|0
LL|LC|1|3|P|P|P|P|P|P|P|P|P|D|P|P|P|0|0
LM|LL|1|3|P|P|P|P|P|P|P|P|P|D|P|P|P|0|0
LN|LL|1|3|P|P|P|P|P|P|P|P|P|D|P|P|P|0|0
LO|LL|1|3|P|P|P|P|P|P|P|P|P|D|P|P|P|0|0
LP|LC|1|3|P|P|P|P|P|P|P|P|P|D|P|P|P|0|0
LQ|LC|1|3|P|P|P|P|P|P|P|P|P|D|P|P|P|0|0
LS|LR|1|3|P|P|P|P|P|P|P|P|P|D|P|P|P|0|0
LT|LS|1|1|P|P|P|P|P|P|P|P|P|D|P|P|P|0|0
LU|LT|1|2|P|P|P|P|P|P|P|P|P|D|P|P|P|0|0
LV|LT|1|2|P|P|P|P|P|P|P|P|P|D|P|P|P|0|0
LW|LT|1|2|P|P|P|P|P|P|P|P|P|D|P|P|P|0|0
LX|LT|1|2|P|P|P|P|P|P|P|P|P|D|P|P|P|0|0
LY|LT|1|2|P|P|P|P|P|P|P|P|P|D|P|P|P|0|0
LZ|LT|1|2|P|P|P|P|P|P|P|P|P|D|P|P|P|0|0
M0|LZ|1|1|P|P|P|P|P|P|P|P|P|D|P|P|P|0|0
M1|LZ|1|1|P|P|P|P|P|P|P|P|P|D|P|P|P|0|0
M2|LS|1|1|P|P|P|P|P|P|P|P|P|D|P|P|P|0|0
M3|LS|1|1|P|P|P|P|P|P|P|P|P|D|P|P|P|0|0
M4|M3|1|2|P|P|P|P|P|P|P|P|P|D|P|P|P|0|0
M5|M3|1|2|P|P|P|P|P|P|P|P|P|D|P|P|P|0|0
M6|M3|1|2|P|P|P|P|P|P|P|P|P|D|P|P|P|0|0
M7|M3|1|2|P|P|P|P|P|P|P|P|P|D|P|P|P|0|0
M8|M3|1|2|P|P|P|P|P|P|P|P|P|D|P|P|P|0|0
M9|M8|1|2|P|P|P|P|P|P|P|P|P|D|P|P|P|0|0
MA|M8|1|1|P|P|P|P|P|P|P|P|P|D|P|P|P|0|0
MB|LS|1|1|P|P|P|P|P|P|P|P|P|D|P|P|P|0|0
MC|LS|1|1|P|P|P|P|P|P|P|P|P|D|P|P|P|0|0
MD|MC|1|2|P|P|P|P|P|P|P|P|P|D|P|P|P|0|0
ME|MC|1|2|P|P|P|P|P|P|P|P|P|D|P|P|P|0|0
MF|MC|1|2|P|P|P|P|P|P|P|P|P|D|P|P|P|0|0
MG|MC|1|2|P|P|P|P|P|P|P|P|P|D|P|P|P|0|0
MH|MG|1|1|P|P|P|P|P|P|P|P|P|D|P|P|P|0|0
MI|MG|1|2|P|P|P|P|P|P|P|P|P|D|P|P|P|0|0
MJ|MG|1|1|P|P|P|P|P|P|P|P|P|D|P|P|P|0|0
MK|MG|1|2|P|P|P|P|P|P|P|P|P|D|P|P|P|0|0
ML|MG|1|2|P|P|P|P|P|P|P|P|P|D|P|P|P|0|0
MM|MG|1|2|P|P|P|P|P|P|P|P|P|D|P|P|P|0|0
MN|MG|1|1|P|P|P|P|P|P|P|P|P|D|P|P|P|0|0
MO|LS|1|1|P|P|P|P|P|P|P|P|P|D|P|P|P|0|0
MP|LR|1|1|P|P|P|P|P|P|P|P|P|D|P|P|P|0|0
MQ|MP|1|2|P|P|P|P|P|P|P|P|P|D|P|P|P|0|0
MR|MP|1|1|P|P|P|P|P|P|P|P|P|D|P|P|P|0|0
MS|LR|1|3|P|P|P|P|P|P|P|P|P|D|P|P|P|0|0
MT|MS|1|3|P|P|P|P|P|P|P|P|P|D|P|P|P|0|0
MU|MS|1|3|P|P|P|P|P|P|P|P|P|D|P|P|P|0|0
MV|MU|1|3|P|P|P|P|P|P|P|P|P|D|P|P|P|0|0
MW|MU|1|1|P|P|P|P|P|P|P|P|P|D|P|P|P|0|0
MX|MS|1|3|P|P|P|P|P|P|P|P|P|D|P|P|P|0|0
MY|MS|1|3|P|P|P|P|P|P|P|P|P|D|P|P|P|0|0
MZ|MY|1|3|P|P|P|P|P|P|P|P|P|D|P|P|P|0|0
N0|MS|1|3|P|P|P|P|P|P|P|P|P|D|P|P|P|0|0
N1|N0|1|3|P|P|P|P|P|P|P|P|P|D|P|P|P|0|0
N2|MS|1|3|P|P|P|P|P|P|P|P|P|D|P|P|P|0|0
N3|MS|1|3|P|P|P|P|P|P|P|P|P|D|P|P|P|0|0
N4|MS|1|3|P|P|P|P|P|P|P|P|P|D|P|P|P|0|0
N5|N4|1|3|P|P|P|P|P|P|P|P|P|D|P|P|P|0|0
N6|MS|1|3|P|P|P|P|P|P|P|P|P|D|P|P|P|0|0
N7|N6|1|3|P|P|P|P|P|P|P|P|P|D|P|P|P|0|0
N8|MS|1|3|P|P|P|P|P|P|P|P|P|D|P|P|P|0|0
N9|N8|1|3|P|P|P|P|P|P|P|P|P|D|P|P|P|0|0
NA|MS|1|3|P|P|P|P|P|P|P|P|P|D|P|P|P|0|0
NC|NB|1|3|P|P|P|P|P|P|P|P|P|D|P|P|P|0|0
ND|NB|1|3|P|P|P|P|P|P|P|P|P|D|P|P|P|0|0
NE|NB|1|3|P|P|P|P|P|P|P|P|P|D|P|P|P|0|0
NF|NB|1|3|P|P|P|P|P|P|P|P|P|D|P|P|P|0|0
NH|NG|1|3|P|P|P|P|P|P|P|P|P|D|P|P|P|0|0
NI|NG|1|3|P|P|P|P|P|P|P|P|P|D|P|P|P|0|0
NJ|NG|1|3|P|P|P|P|P|P|P|P|P|D|P|P|P|0|0
NL|NK|1|3|P|P|P|P|P|P|P|P|P|D|P|P|P|0|0
NM|NK|1|3|P|P|P|P|P|P|P|P|P|D|P|P|P|0|0
NN|NK|1|3|P|P|P|P|P|P|P|P|P|D|P|P|P|0|0
NP|NO|1|3|P|P|P|P|P|P|P|P|P|D|P|P|P|0|0
NQ|NO|1|3|P|P|P|P|P|P|P|P|P|D|P|P|P|0|0
NR|NO|1|3|P|P|P|P|P|P|P|P|P|D|P|P|P|0|0
NT|NS|1|3|P|P|P|P|P|P|P|P|P|D|P|P|P|0|0
NU|NS|1|3|P|P|P|P|P|P|P|P|P|D|P|P|P|0|0
NV|NS|1|3|P|P|P|P|P|P|P|P|P|D|P|P|P|0|0
NW|NS|1|3|P|P|P|P|P|P|P|P|P|D|P|P|P|0|0
NY|NX|1|3|P|P|P|P|P|P|P|P|P|D|P|P|P|0|0
NZ|NX|1|3|P|P|P|P|P|P|P|P|P|D|P|P|P|0|0
O0|NX|1|3|P|P|P|P|P|P|P|P|P|D|P|P|P|0|0
O2|O1|1|3|P|P|P|P|P|P|P|P|P|D|P|P|P|0|0
O3|O1|1|1|P|P|P|P|P|P|P|P|P|D|P|P|P|0|0
O5|O4|1|3|P|P|P|P|P|P|P|P|P|D|P|P|P|0|0
O6|O4|1|3|P|P|P|P|P|P|P|P|P|D|P|P|P|0|0
O7|O4|1|3|P|P|P|P|P|P|P|P|P|D|P|P|P|0|0
O9|O8|1|3|P|P|P|P|P|P|P|P|P|D|P|P|P|0|0
OA|O8|1|3|P|P|P|P|P|P|P|P|P|D|P|P|P|0|0
OC|OB|1|3|P|P|P|P|P|P|P|P|P|D|P|P|P|0|0
OD|OB|1|3|P|P|P|P|P|P|P|P|P|D|P|P|P|0|0
OE|OB|1|3|P|P|P|P|P|P|P|P|P|D|P|P|P|0|0
OF|OB|1|3|P|P|P|P|P|P|P|P|P|D|P|P|P|0|0
OH|OG|1|3|P|P|P|P|P|P|P|P|P|D|P|P|P|0|0
OI|OG|1|3|P|P|P|P|P|P|P|P|P|D|P|P|P|0|0
OJ|OG|1|3|P|P|P|P|P|P|P|P|P|D|P|P|P|0|0
OL|OK|1|3|P|P|P|P|P|P|P|P|P|D|P|P|P|0|0
OM|OK|1|3|P|P|P|P|P|P|P|P|P|D|P|P|P|0|0
ON|OK|1|3|P|P|P|P|P|P|P|P|P|D|P|P|P|0|0
OP|OO|1|3|P|P|P|P|P|P|P|P|P|D|P|P|P|0|0
OQ|OO|1|3|P|P|P|P|P|P|P|P|P|D|P|P|P|0|0
OS|OR|1|3|P|P|P|P|P|P|P|P|P|D|P|P|P|0|0
OT|OR|1|3|P|P|P|P|P|P|P|P|P|D|P|P|P|0|0
OU|OR|1|3|P|P|P|P|P|P|P|P|P|D|P|P|P|0|0
PB|PA|1|3|P|P|P|P|P|P|P|P|P|D|P|P|P|0|0
PC|PA|1|1|P|P|P|P|P|P|P|P|P|D|P|P|P|0|0
PD|PA|1|3|P|P|P|P|P|P|P|P|P|D|P|P|P|0|0
PF|PE|1|3|P|P|P|P|P|P|P|P|P|D|P|P|P|0|0
PG|PE|1|1|P|P|P|P|P|P|P|P|P|D|P|P|P|0|0
PI|PH|1|3|P|P|P|P|P|P|P|P|P|D|P|P|P|0|0
PJ|PH|1|3|P|P|P|P|P|P|P|P|P|D|P|P|P|0|0
PL|PK|1|3|P|P|P|P|P|P|P|P|P|D|P|P|P|0|0
PM|PK|1|3|P|P|P|P|P|P|P|P|P|D|P|P|P|0|0
PN|PK|1|3|P|P|P|P|P|P|P|P|P|D|P|P|P|0|0
PP|PO|1|3|P|P|P|P|P|P|P|P|P|D|P|P|P|0|0
PQ|PO|1|3|P|P|P|P|P|P|P|P|P|D|P|P|P|0|0
PR|PO|1|3|P|P|P|P|P|P|P|P|P|D|P|P|P|0|0
PT|PS|1|3|P|P|P|P|P|P|P|P|P|D|P|P|P|0|0
PU|PS|1|3|P|P|P|P|P|P|P|P|P|D|P|P|P|0|0
PV|PS|1|3|P|P|P|P|P|P|P|P|P|D|P|P|P|0|0
PX|PW|1|3|P|P|P|P|P|P|P|P|P|D|P|P|P|0|0
PY|PW|1|1|P|P|P|P|P|P|P|P|P|D|P|P|P|0|0
Q0|PZ|1|3|P|P|P|P|P|P|P|P|P|D|P|P|P|0|0
Q1|PZ|1|1|P|P|P|P|P|P|P|P|P|D|P|P|P|0|0
Q3|Q2|1|3|P|P|P|P|P|P|P|P|P|D|P|P|P|0|0
Q4|Q2|1|1|P|P|P|P|P|P|P|P|P|D|P|P|P|0|0
Q6|Q5|1|3|P|P|P|P|P|P|P|P|P|D|P|P|P|0|0
Q7|Q5|1|1|P|P|P|P|P|P|P|P|P|D|P|P|P|0|0
Q9|Q8|1|3|P|P|P|P|P|P|P|P|P|D|P|P|P|0|0
QA|Q8|1|3|P|P|P|P|P|P|P|P|P|D|P|P|P|0|0
QC|QB|1|3|P|P|P|P|P|P|P|P|P|D|P|P|P|0|0
QD|QB|1|1|P|P|P|P|P|P|P|P|P|D|P|P|P|0|0
QF|QE|1|3|P|P|P|P|P|P|P|P|P|D|P|P|P|0|0
QG|QE|1|1|P|P|P|P|P|P|P|P|P|D|P|P|P|0|0
QI|QH|1|3|P|P|P|P|P|P|P|P|P|D|P|P|P|0|0
QJ|QH|1|3|P|P|P|P|P|P|P|P|P|D|P|P|P|0|0
QK|QH|1|1|P|P|P|P|P|P|P|P|P|D|P|P|P|0|0
R4|R3|1|3|P|P|P|P|P|P|P|P|P|D|P|P|P|0|0
R5|R3|1|3|P|P|P|P|P|P|P|P|P|D|P|P|P|0|0
R6|R3|1|3|P|P|P|P|P|P|P|P|P|D|P|P|P|0|0
R8|R7|1|3|P|P|P|P|P|P|P|P|P|D|P|P|P|0|0
R9|R7|1|3|P|P|P|P|P|P|P|P|P|D|P|P|P|0|0
RA|R7|1|3|P|P|P|P|P|P|P|P|P|D|P|P|P|0|0
RC|RB|1|3|P|P|P|P|P|P|P|P|P|D|P|P|P|0|0
RD|RB|1|3|P|P|P|P|P|P|P|P|P|D|P|P|P|0|0
RE|RB|1|3|P|P|P|P|P|P|P|P|P|D|P|P|P|0|0
RG|RF|1|3|P|P|P|P|P|P|P|P|P|D|P|P|P|0|0
RH|RF|1|3|P|P|P|P|P|P|P|P|P|D|P|P|P|0|0
RI|RF|1|3|P|P|P|P|P|P|P|P|P|D|P|P|P|0|0
RK|RJ|1|3|P|P|P|P|P|P|P|P|P|D|P|P|P|0|0
RL|RJ|1|3|P|P|P|P|P|P|P|P|P|D|P|P|P|0|0
RM|RJ|1|3|P|P|P|P|P|P|P|P|P|D|P|P|P|0|0
RN|RJ|1|3|P|P|P|P|P|P|P|P|P|D|P|P|P|0|0
RP|RO|1|3|P|P|P|P|P|P|P|P|P|D|P|P|P|0|0
RQ|RO|1|3|P|P|P|P|P|P|P|P|P|D|P|P|P|0|0
RR|RO|1|3|P|P|P|P|P|P|P|P|P|D|P|P|P|0|0
RS|RO|1|3|P|P|P|P|P|P|P|P|P|D|P|P|P|0|0
RT|RO|1|3|P|P|P|P|P|P|P|P|P|D|P|P|P|0|0
RV|RU|1|3|P|P|P|P|P|P|P|P|P|D|P|P|P|0|0
RW|RU|1|3|P|P|P|P|P|P|P|P|P|D|P|P|P|0|0
RX|RU|1|3|P|P|P|P|P|P|P|P|P|D|P|P|P|0|0
RZ|RY|1|3|P|P|P|P|P|P|P|P|P|D|P|P|P|0|0
S0|RY|1|3|P|P|P|P|P|P|P|P|P|D|P|P|P|0|0
S2|S1|1|3|P|P|P|P|P|P|P|P|P|D|P|P|P|0|0
S3|S1|1|3|P|P|P|P|P|P|P|P|P|D|P|P|P|0|0
S4|S1|1|3|P|P|P|P|P|P|P|P|P|D|P|P|P|0|0
S6|S5|1|3|P|P|P|P|P|P|P|P|P|D|P|P|P|0|0
S7|S5|1|3|P|P|P|P|P|P|P|P|P|D|P|P|P|0|0
S8|S5|1|3|P|P|P|P|P|P|P|P|P|D|P|P|P|0|0
S9|S5|1|1|P|P|P|P|P|P|P|P|P|D|P|P|P|0|0
SB|SA|1|3|P|P|P|P|P|P|P|P|P|D|P|P|P|0|0
SC|SA|1|3|P|P|P|P|P|P|P|P|P|D|P|P|P|0|0
SD|SA|1|1|P|P|P|P|P|P|P|P|P|D|P|P|P|0|0
SE|SA|1|3|P|P|P|P|P|P|P|P|P|D|P|P|P|0|0
SF|SA|1|1|P|P|P|P|P|P|P|P|P|D|P|P|P|0|0
SH|SG|1|3|P|P|P|P|P|P|P|P|P|D|P|P|P|0|0
SI|SG|1|3|P|P|P|P|P|P|P|P|P|D|P|P|P|0|0
SJ|SG|1|3|P|P|P|P|P|P|P|P|P|D|P|P|P|0|0
SK|SG|1|1|P|P|P|P|P|P|P|P|P|D|P|P|P|0|0
SM|SL|1|3|P|P|P|P|P|P|P|P|P|D|P|P|P|0|0
SN|SL|1|3|P|P|P|P|P|P|P|P|P|D|P|P|P|0|0
SO|SL|1|1|P|P|P|P|P|P|P|P|P|D|P|P|P|0|0
SQ|SP|1|3|P|P|P|P|P|P|P|P|P|D|P|P|P|0|0
SR|SP|1|3|P|P|P|P|P|P|P|P|P|D|P|P|P|0|0
SS|SP|1|3|P|P|P|P|P|P|P|P|P|D|P|P|P|0|0
ST|SP|1|1|P|P|P|P|P|P|P|P|P|D|P|P|P|0|0
TH|TG|1|3|P|P|P|P|P|P|P|P|P|D|P|P|P|0|0
TI|TG|1|3|P|P|P|P|P|P|P|P|P|D|P|P|P|0|0
TJ|TG|1|3|P|P|P|P|P|P|P|P|P|D|P|P|P|0|0
TK|TG|1|3|P|P|P|P|P|P|P|P|P|D|P|P|P|0|0
TM|TL|1|3|P|P|P|P|P|P|P|P|P|D|P|P|P|0|0
TN|TL|1|3|P|P|P|P|P|P|P|P|P|D|P|P|P|0|0
TO|TL|1|3|P|P|P|P|P|P|P|P|P|D|P|P|P|0|0
TP|TL|1|3|P|P|P|P|P|P|P|P|P|D|P|P|P|0|0
TR|TQ|1|3|P|P|P|P|P|P|P|P|P|D|P|P|P|0|0
TS|TQ|1|3|P|P|P|P|P|P|P|P|P|D|P|P|P|0|0
TT|TQ|1|3|P|P|P|P|P|P|P|P|P|D|P|P|P|0|0
TV|TU|1|3|P|P|P|P|P|P|P|P|P|D|P|P|P|0|0
TW|TU|1|3|P|P|P|P|P|P|P|P|P|D|P|P|P|0|0
TX|TU|1|3|P|P|P|P|P|P|P|P|P|D|P|P|P|0|0
TY|TU|1|3|P|P|P|P|P|P|P|P|P|D|P|P|P|0|0
TZ|TY|1|3|P|P|P|P|P|P|P|P|P|D|P|P|P|0|0
U1|U0|1|3|P|P|P|P|P|P|P|P|P|D|P|P|P|0|0
U2|U0|1|3|P|P|P|P|P|P|P|P|P|D|P|P|P|0|0
U3|U0|1|3|P|P|P|P|P|P|P|P|P|D|P|P|P|0|0
U5|U4|1|3|P|P|P|P|P|P|P|P|P|D|P|P|P|0|0
U6|U4|1|3|P|P|P|P|P|P|P|P|P|D|P|P|P|0|0
U7|U4|1|3|P|P|P|P|P|P|P|P|P|D|P|P|P|0|0
U9|U8|1|3|P|P|P|P|P|P|P|P|P|D|P|P|P|0|0
UA|U8|1|3|P|P|P|P|P|P|P|P|P|D|P|P|P|0|0
UB|U8|1|3|P|P|P|P|P|P|P|P|P|D|P|P|P|0|0
UD|UC|1|3|P|P|P|P|P|P|P|P|P|D|P|P|P|0|0
UE|UC|1|3|P|P|P|P|P|P|P|P|P|D|P|P|P|0|0
UG|UF|1|3|P|P|P|P|P|P|P|P|P|D|P|P|P|0|0
UH|UF|1|3|P|P|P|P|P|P|P|P|P|D|P|P|P|0|0
UJ|UI|1|3|P|P|P|P|P|P|P|P|P|D|P|P|P|0|0
UK|UI|1|3|P|P|P|P|P|P|P|P|P|D|P|P|P|0|0
UL|UI|1|3|P|P|P|P|P|P|P|P|P|D|P|P|P|0|0
UN|UM|1|3|P|P|P|P|P|P|P|P|P|D|P|P|P|0|0
UO|UM|1|3|P|P|P|P|P|P|P|P|P|D|P|P|P|0|0
UQ|UP|1|3|P|P|P|P|P|P|P|P|P|D|P|P|P|0|0
UR|UP|1|3|P|P|P|P|P|P|P|P|P|D|P|P|P|0|0
UT|US|1|3|P|P|P|P|P|P|P|P|P|D|P|P|P|0|0
UU|US|1|3|P|P|P|P|P|P|P|P|P|D|P|P|P|0|0
V8|V7|1|3|P|P|P|P|P|P|P|P|P|D|P|P|P|0|0
V9|V7|1|3|P|P|P|P|P|P|P|P|P|D|P|P|P|0|0
VA|V7|1|3|P|P|P|P|P|P|P|P|P|D|P|P|P|0|0
VG|VF|1|3|P|P|P|P|P|P|P|P|P|D|P|P|P|0|0
VH|VF|1|1|P|P|P|P|P|P|P|P|P|D|P|P|P|0|0
VI|VH|1|1|P|P|P|P|P|P|P|P|P|D|P|P|P|0|0
VJ|VF|1|3|P|P|P|P|P|P|P|P|P|D|P|P|P|0|0
VK|VF|1|3|P|P|P|P|P|P|P|P|P|D|P|P|P|0|0
VL|VF|1|1|P|P|P|P|P|P|P|P|P|D|P|P|P|0|0
VM|VL|1|2|P|P|P|P|P|P|P|P|P|D|P|P|P|0|0
VN|VL|1|2|P|P|P|P|P|P|P|P|P|D|P|P|P|0|0
VO|VL|1|2|P|P|P|P|P|P|P|P|P|D|P|P|P|0|0
VP|VL|1|2|P|P|P|P|P|P|P|P|P|D|P|P|P|0|0
VQ|VL|1|2|P|P|P|P|P|P|P|P|P|D|P|P|P|0|0
VR|VF|1|3|P|P|P|P|P|P|P|P|P|D|P|P|P|0|0
VT|VS|1|3|P|P|P|P|P|P|P|P|P|D|P|P|P|0|0
VU|VS|1|3|P|P|P|P|P|P|P|P|P|D|P|P|P|0|0
VV|VU|1|1|P|P|P|P|P|P|P|P|P|D|P|P|P|0|0
VW|VS|1|1|P|P|P|P|P|P|P|P|P|D|P|P|P|0|0
VX|VW|1|2|P|P|P|P|P|P|P|P|P|D|P|P|P|0|0
VY|VW|1|2|P|P|P|P|P|P|P|P|P|D|P|P|P|0|0
VZ|VW|1|2|P|P|P|P|P|P|P|P|P|D|P|P|P|0|0
W0|VS|1|3|P|P|P|P|P|P|P|P|P|D|P|P|P|0|0
W1|VS|1|3|P|P|P|P|P|P|P|P|P|D|P|P|P|0|0
W2|VS|1|3|P|P|P|P|P|P|P|P|P|D|P|P|P|0|0
W3|W2|1|1|P|P|P|P|P|P|P|P|P|D|P|P|P|0|0
W4|W2|1|1|P|P|P|P|P|P|P|P|P|D|P|P|P|0|0
W5|VS|1|3|P|P|P|P|P|P|P|P|P|D|P|P|P|0|0
W6|W5|1|1|P|P|P|P|P|P|P|P|P|D|P|P|P|0|0
W8|W7|1|3|P|P|P|P|P|P|P|P|P|D|P|P|P|0|0
W9|W7|1|3|P|P|P|P|P|P|P|P|P|D|P|P|P|0|0
WA|W9|1|3|P|P|P|P|P|P|P|P|P|D|P|P|P|0|0
WB|W7|1|1|P|P|P|P|P|P|P|P|P|D|P|P|P|0|0
WC|WB|1|2|P|P|P|P|P|P|P|P|P|D|P|P|P|0|0
WD|WB|1|2|P|P|P|P|P|P|P|P|P|D|P|P|P|0|0
WE|WB|1|2|P|P|P|P|P|P|P|P|P|D|P|P|P|0|0
WF|W7|1|3|P|P|P|P|P|P|P|P|P|D|P|P|P|0|0
WH|WG|1|3|P|P|P|P|P|P|P|P|P|D|P|P|P|0|0
WI|WG|1|1|P|P|P|P|P|P|P|P|P|D|P|P|P|0|0
WJ|WI|1|1|P|P|P|P|P|P|P|P|P|D|P|P|P|0|0
WK|WG|1|1|P|P|P|P|P|P|P|P|P|D|P|P|P|0|0
WL|WK|1|2|P|P|P|P|P|P|P|P|P|D|P|P|P|0|0
WM|WK|1|2|P|P|P|P|P|P|P|P|P|D|P|P|P|0|0
WN|WK|1|2|P|P|P|P|P|P|P|P|P|D|P|P|P|0|0
WO|WK|1|2|P|P|P|P|P|P|P|P|P|D|P|P|P|0|0
WP|WK|1|2|P|P|P|P|P|P|P|P|P|D|P|P|P|0|0
WQ|WG|1|3|P|P|P|P|P|P|P|P|P|D|P|P|P|0|0
WS|WR|1|3|P|P|P|P|P|P|P|P|P|D|P|P|P|0|0
WT|WR|1|3|P|P|P|P|P|P|P|P|P|D|P|P|P|0|0
WU|WR|1|1|P|P|P|P|P|P|P|P|P|D|P|P|P|0|0
WV|WU|1|2|P|P|P|P|P|P|P|P|P|D|P|P|P|0|0
WW|WR|1|1|P|P|P|P|P|P|P|P|P|D|P|P|P|0|0
WX|WW|1|2|P|P|P|P|P|P|P|P|P|D|P|P|P|0|0
WY|WW|1|2|P|P|P|P|P|P|P|P|P|D|P|P|P|0|0
WZ|WW|1|2|P|P|P|P|P|P|P|P|P|D|P|P|P|0|0
X1|X0|1|3|P|P|P|P|P|P|P|P|P|D|P|P|P|0|0
X2|X0|1|3|P|P|P|P|P|P|P|P|P|D|P|P|P|0|0
X3|X2|1|3|P|P|P|P|P|P|P|P|P|D|P|P|P|0|0
X4|X0|1|3|P|P|P|P|P|P|P|P|P|D|P|P|P|0|0
X5|X0|1|1|P|P|P|P|P|P|P|P|P|D|P|P|P|0|0
X6|X5|1|2|P|P|P|P|P|P|P|P|P|D|P|P|P|0|0
X7|X5|1|2|P|P|P|P|P|P|P|P|P|D|P|P|P|0|0
X8|X5|1|2|P|P|P|P|P|P|P|P|P|D|P|P|P|0|0
X9|X5|1|2|P|P|P|P|P|P|P|P|P|D|P|P|P|0|0
XA|X0|1|3|P|P|P|P|P|P|P|P|P|D|P|P|P|0|0
XC|XB|1|3|P|P|P|P|P|P|P|P|P|D|P|P|P|0|0
XD|XB|1|3|P|P|P|P|P|P|P|P|P|D|P|P|P|0|0
XE|XD|1|1|P|P|P|P|P|P|P|P|P|D|P|P|P|0|0
XF|XD|1|1|P|P|P|P|P|P|P|P|P|D|P|P|P|0|0
XG|XD|1|1|P|P|P|P|P|P|P|P|P|D|P|P|P|0|0
XH|XD|1|1|P|P|P|P|P|P|P|P|P|D|P|P|P|0|0
XI|XB|1|3|P|P|P|P|P|P|P|P|P|D|P|P|P|0|0
XJ|XB|1|3|P|P|P|P|P|P|P|P|P|D|P|P|P|0|0
XL|XK|1|3|P|P|P|P|P|P|P|P|P|D|P|P|P|0|0
XM|XK|1|1|P|P|P|P|P|P|P|P|P|D|P|P|P|0|0
XN|XM|1|1|P|P|P|P|P|P|P|P|P|D|P|P|P|0|0
XO|XK|1|1|P|P|P|P|P|P|P|P|P|D|P|P|P|0|0
XP|XO|1|2|P|P|P|P|P|P|P|P|P|D|P|P|P|0|0
XQ|XO|1|2|P|P|P|P|P|P|P|P|P|D|P|P|P|0|0
XR|XK|1|3|P|P|P|P|P|P|P|P|P|D|P|P|P|0|0
XT|XS|1|3|P|P|P|P|P|P|P|P|P|D|P|P|P|0|0
XU|XS|1|3|P|P|P|P|P|P|P|P|P|D|P|P|P|0|0
XV|XU|1|3|P|P|P|P|P|P|P|P|P|D|P|P|P|0|0
XW|XU|1|3|P|P|P|P|P|P|P|P|P|D|P|P|P|0|0
XX|XS|1|1|P|P|P|P|P|P|P|P|P|D|P|P|P|0|0
XY|XX|1|1|P|P|P|P|P|P|P|P|P|D|P|P|P|0|0
XZ|XX|1|1|P|P|P|P|P|P|P|P|P|D|P|P|P|0|0
Y0|XX|1|1|P|P|P|P|P|P|P|P|P|D|P|P|P|0|0
Y1|XS|1|1|P|P|P|P|P|P|P|P|P|D|P|P|P|0|0
Y2|Y1|1|1|P|P|P|P|P|P|P|P|P|D|P|P|P|0|0
Y3|XS|1|3|P|P|P|P|P|P|P|P|P|D|P|P|P|0|0
Y4|Y3|1|3|P|P|P|P|P|P|P|P|P|D|P|P|P|0|0
Y5|Y3|1|1|P|P|P|P|P|P|P|P|P|D|P|P|P|0|0
Y7|Y6|1|3|P|P|P|P|P|P|P|P|P|D|P|P|P|0|0
Y8|Y6|1|1|P|P|P|P|P|P|P|P|P|D|P|P|P|0|0
Y9|Y8|1|2|P|P|P|P|P|P|P|P|P|D|P|P|P|0|0
YA|Y6|1|1|P|P|P|P|P|P|P|P|P|D|P|P|P|0|0
YB|YA|1|2|P|P|P|P|P|P|P|P|P|D|P|P|P|0|0
YC|YA|1|2|P|P|P|P|P|P|P|P|P|D|P|P|P|0|0
YD|YA|1|2|P|P|P|P|P|P|P|P|P|D|P|P|P|0|0
YE|Y6|1|3|P|P|P|P|P|P|P|P|P|D|P|P|P|0|0
YG|YF|1|3|P|P|P|P|P|P|P|P|P|D|P|P|P|0|0
YH|YF|1|1|P|P|P|P|P|P|P|P|P|D|P|P|P|0|0
YI|YH|1|1|P|P|P|P|P|P|P|P|P|D|P|P|P|0|0
YJ|YF|1|1|P|P|P|P|P|P|P|P|P|D|P|P|P|0|0
YK|YJ|1|1|P|P|P|P|P|P|P|P|P|D|P|P|P|0|0
YL|YJ|1|2|P|P|P|P|P|P|P|P|P|D|P|P|P|0|0
YM|YJ|1|2|P|P|P|P|P|P|P|P|P|D|P|P|P|0|0
YN|YF|1|1|P|P|P|P|P|P|P|P|P|D|P|P|P|0|0
YO|YN|1|1|P|P|P|P|P|P|P|P|P|D|P|P|P|0|0
YP|YN|1|1|P|P|P|P|P|P|P|P|P|D|P|P|P|0|0
YQ|YN|1|1|P|P|P|P|P|P|P|P|P|D|P|P|P|0|0
YS|YR|1|3|P|P|P|P|P|P|P|P|P|D|P|P|P|0|0
YT|YR|1|3|P|P|P|P|P|P|P|P|P|D|P|P|P|0|0
YU|YR|1|1|P|P|P|P|P|P|P|P|P|D|P|P|P|0|0
YV|YU|1|1|P|P|P|P|P|P|P|P|P|D|P|P|P|0|0
YW|YR|1|1|P|P|P|P|P|P|P|P|P|D|P|P|P|0|0
YX|YW|1|2|P|P|P|P|P|P|P|P|P|D|P|P|P|0|0
YY|YW|1|2|P|P|P|P|P|P|P|P|P|D|P|P|P|0|0
YZ|YR|1|3|P|P|P|P|P|P|P|P|P|D|P|P|P|0|0
Z1|Z0|1|3|P|P|P|P|P|P|P|P|P|D|P|P|P|0|0
Z2|Z0|1|1|P|P|P|P|P|P|P|P|P|D|P|P|P|0|0
Z3|Z2|1|1|P|P|P|P|P|P|P|P|P|D|P|P|P|0|0
Z4|Z2|1|1|P|P|P|P|P|P|P|P|P|D|P|P|P|0|0
Z5|Z2|1|1|P|P|P|P|P|P|P|P|P|D|P|P|P|0|0
Z6|Z0|1|1|P|P|P|P|P|P|P|P|P|D|P|P|P|0|0
Z7|Z6|1|2|P|P|P|P|P|P|P|P|P|D|P|P|P|0|0
Z8|Z6|1|2|P|P|P|P|P|P|P|P|P|D|P|P|P|0|0
Z9|Z6|1|2|P|P|P|P|P|P|P|P|P|D|P|P|P|0|0
ZA|Z0|1|1|P|P|P|P|P|P|P|P|P|D|P|P|P|0|0
ZC|ZB|1|3|P|P|P|P|P|P|P|P|P|D|P|P|P|0|0
ZD|ZB|1|3|P|P|P|P|P|P|P|P|P|D|P|P|P|0|0
ZE|ZB|1|1|P|P|P|P|P|P|P|P|P|D|P|P|P|0|0
ZF|ZE|1|1|P|P|P|P|P|P|P|P|P|D|P|P|P|0|0
ZG|ZB|1|1|P|P|P|P|P|P|P|P|P|D|P|P|P|0|0
ZH|ZG|1|2|P|P|P|P|P|P|P|P|P|D|P|P|P|0|0
ZI|ZG|1|2|P|P|P|P|P|P|P|P|P|D|P|P|P|0|0
ZJ|ZG|1|2|P|P|P|P|P|P|P|P|P|D|P|P|P|0|0
ZK|ZG|1|2|P|P|P|P|P|P|P|P|P|D|P|P|P|0|0
ZL|ZB|1|3|P|P|P|P|P|P|P|P|P|D|P|P|P|0|0
ZM|ZL|3|3|P|P|P|P|P|P|P|P|P|D|P|P|P|0|0
ZQ|ZP|1|3|P|P|P|P|P|P|P|P|P|D|P|P|P|0|0
ZT|ZS|1|3|P|P|P|P|P|P|P|P|P|D|P|P|P|0|0
ZU|ZS|1|3|P|P|P|P|P|P|P|P|P|D|P|P|P|0|0
ZV|ZS|1|3|P|P|P|P|P|P|P|P|P|D|P|P|P|0|0
ZW|ZS|1|3|P|P|P|P|P|P|P|P|P|D|P|P|P|0|0
ZX|ZS|1|3|P|P|P|P|P|P|P|P|P|D|P|P|P|0|0
ZY|ZS|1|3|P|P|P|P|P|P|P|P|P|D|P|P|P|0|0
ZZ|ZS|1|3|P|P|P|P|P|P|P|P|P|D|P|P|P|0|0
100|ZS|1|3|P|P|P|P|P|P|P|P|P|D|P|P|P|0|0
101|ZS|1|3|P|P|P|P|P|P|P|P|P|D|P|P|P|0|0
102|ZS|1|3|P|P|P|P|P|P|P|P|P|D|P|P|P|0|0
103|ZS|1|3|P|P|P|P|P|P|P|P|P|D|P|P|P|0|0
104|ZS|1|3|P|P|P|P|P|P|P|P|P|D|P|P|P|0|0
105|ZS|1|3|P|P|P|P|P|P|P|P|P|D|P|P|P|0|0
106|ZS|1|3|P|P|P|P|P|P|P|P|P|D|P|P|P|0|0
107|ZS|1|3|P|P|P|P|P|P|P|P|P|D|P|P|P|0|0
10A|109|1|3|P|P|P|P|P|P|P|P|P|D|P|P|P|0|0
10B|109|1|3|P|P|P|P|P|P|P|P|P|D|P|P|P|0|0
10C|109|1|3|P|P|P|P|P|P|P|P|P|D|P|P|P|0|0
10D|109|1|3|P|P|P|P|P|P|P|P|P|D|P|P|P|0|0
10F|10E|1|3|P|P|P|P|P|P|P|P|P|D|P|P|P|0|0
10G|10E|1|3|P|P|P|P|P|P|P|P|P|D|P|P|P|0|0
10I|10H|1|3|P|P|P|P|P|P|P|P|P|D|P|P|P|0|0
10J|10H|1|3|P|P|P|P|P|P|P|P|P|D|P|P|P|0|0
10K|10H|1|3|P|P|P|P|P|P|P|P|P|D|P|P|P|0|0
10L|10H|1|3|P|P|P|P|P|P|P|P|P|D|P|P|P|0|0
10N|10M|1|3|P|P|P|P|P|P|P|P|P|D|P|P|P|0|0
10Q|10P|1|3|P|P|P|P|P|P|P|P|P|D|P|P|P|0|0
10R|10P|1|3|P|P|P|P|P|P|P|P|P|D|P|P|P|0|0
10W|10V|1|3|P|P|P|P|P|P|P|P|P|D|P|P|P|0|0
10X|10V|1|3|P|P|P|P|P|P|P|P|P|D|P|P|P|0|0
10Y|10V|1|3|P|P|P|P|P|P|P|P|P|D|P|P|P|0|0
111|110|1|3|P|P|P|P|P|P|P|P|P|D|P|P|P|0|0
112|110|1|3|P|P|P|P|P|P|P|P|P|D|P|P|P|0|0
114|113|1|3|P|P|P|P|P|P|P|P|P|D|P|P|P|0|0
115|113|1|3|P|P|P|P|P|P|P|P|P|D|P|P|P|0|0
11A|119|1|3|P|P|P|P|P|P|P|P|P|D|P|P|P|0|0
11B|119|1|3|P|P|P|P|P|P|P|P|P|D|P|P|P|0|0
11C|119|1|3|P|P|P|P|P|P|P|P|P|D|P|P|P|0|0
11D|119|1|3|P|P|P|P|P|P|P|P|P|D|P|P|P|0|0
11G|11F|1|3|P|P|P|P|P|P|P|P|P|D|P|P|P|0|0
11H|11F|1|3|P|P|P|P|P|P|P|P|P|D|P|P|P|0|0
11J|11I|1|3|P|P|P|P|P|P|P|P|P|D|P|P|P|0|0
11K|11I|1|3|P|P|P|P|P|P|P|P|P|D|P|P|P|0|0
11L|11I|1|3|P|P|P|P|P|P|P|P|P|D|P|P|P|0|0
11P|11O|1|3|P|P|P|P|P|P|P|P|P|D|P|P|P|0|0
11S|11R|1|3|P|P|P|P|P|P|P|P|P|D|P|P|P|0|0
11T|11R|1|3|P|P|P|P|P|P|P|P|P|D|P|P|P|0|0
11U|11R|1|3|P|P|P|P|P|P|P|P|P|D|P|P|P|0|0
11V|11R|1|3|P|P|P|P|P|P|P|P|P|D|P|P|P|0|0
11X|11W|1|3|P|P|P|P|P|P|P|P|P|D|P|P|P|0|0
11Y|11W|1|3|P|P|P|P|P|P|P|P|P|D|P|P|P|0|0
11Z|11W|1|3|P|P|P|P|P|P|P|P|P|D|P|P|P|0|0
121|120|1|3|P|P|P|P|P|P|P|P|P|D|P|P|P|0|0
122|120|1|3|P|P|P|P|P|P|P|P|P|D|P|P|P|0|0
123|120|1|3|P|P|P|P|P|P|P|P|P|D|P|P|P|0|0
125|124|1|3|P|P|P|P|P|P|P|P|P|D|P|P|P|0|0
126|124|1|3|P|P|P|P|P|P|P|P|P|D|P|P|P|0|0
127|124|1|3|P|P|P|P|P|P|P|P|P|D|P|P|P|0|0
12A|129|1|3|P|P|P|P|P|P|P|P|P|D|P|P|P|0|0
12B|129|1|3|P|P|P|P|P|P|P|P|P|D|P|P|P|0|0
12C|129|1|3|P|P|P|P|P|P|P|P|P|D|P|P|P|0|0
12D|129|1|3|P|P|P|P|P|P|P|P|P|D|P|P|P|0|0
12F|12E|1|1|P|P|P|P|P|P|P|P|P|D|P|P|P|0|0
12G|12E|1|1|P|P|P|P|P|P|P|P|P|D|P|P|P|0|0
12H|12E|1|1|P|P|P|P|P|P|P|P|P|D|P|P|P|0|0
12I|12E|1|2|P|P|P|P|P|P|P|P|P|D|P|P|P|0|0
12J|12E|1|2|P|P|P|P|P|P|P|P|P|D|P|P|P|0|0
12K|12E|1|2|P|P|P|P|P|P|P|P|P|D|P|P|P|0|0
12M|12L|1|3|P|P|P|P|P|P|P|P|P|D|P|P|P|0|0
12N|12L|1|3|P|P|P|P|P|P|P|P|P|D|P|P|P|0|0
12P|12O|1|3|P|P|P|P|P|P|P|P|P|D|P|P|P|0|0
12Q|12O|1|3|P|P|P|P|P|P|P|P|P|D|P|P|P|0|0
12Z|12Y|1|3|P|P|P|P|P|P|P|P|P|D|P|P|P|0|0
130|12Y|1|1|P|P|P|P|P|P|P|P|P|D|P|P|P|0|0
131|12Y|1|1|P|P|P|P|P|P|P|P|P|D|P|P|P|0|0
132|131|1|1|P|P|P|P|P|P|P|P|P|D|P|P|P|0|0
133|12Y|1|1|P|P|P|P|P|P|P|P|P|D|P|P|P|0|0
134|133|1|2|P|P|P|P|P|P|P|P|P|D|P|P|P|0|0
135|12Y|1|1|P|P|P|P|P|P|P|P|P|D|P|P|P|0|0
136|135|1|2|P|P|P|P|P|P|P|P|P|D|P|P|P|0|0
137|135|1|2|P|P|P|P|P|P|P|P|P|D|P|P|P|0|0
138|135|1|2|P|P|P|P|P|P|P|P|P|D|P|P|P|0|0
139|135|1|2|P|P|P|P|P|P|P|P|P|D|P|P|P|0|0
13A|135|1|2|P|P|P|P|P|P|P|P|P|D|P|P|P|0|0
13B|12Y|1|3|P|P|P|P|P|P|P|P|P|D|P|P|P|0|0
13D|13C|1|3|P|P|P|P|P|P|P|P|P|D|P|P|P|0|0
13E|13C|1|1|P|P|P|P|P|P|P|P|P|D|P|P|P|0|0
13F|13E|1|2|P|P|P|P|P|P|P|P|P|D|P|P|P|0|0
13G|13E|1|2|P|P|P|P|P|P|P|P|P|D|P|P|P|0|0
13H|13E|1|2|P|P|P|P|P|P|P|P|P|D|P|P|P|0|0
13I|13C|1|1|P|P|P|P|P|P|P|P|P|D|P|P|P|0|0
13J|13I|1|2|P|P|P|P|P|P|P|P|P|D|P|P|P|0|0
13K|13I|1|2|P|P|P|P|P|P|P|P|P|D|P|P|P|0|0
13L|13I|1|2|P|P|P|P|P|P|P|P|P|D|P|P|P|0|0
13M|13C|1|3|P|P|P|P|P|P|P|P|P|D|P|P|P|0|0
13O|13N|1|3|P|P|P|P|P|P|P|P|P|D|P|P|P|0|0
13P|13N|1|3|P|P|P|P|P|P|P|P|P|D|P|P|P|0|0
13Q|13N|1|1|P|P|P|P|P|P|P|P|P|D|P|P|P|0|0
13R|13Q|1|2|P|P|P|P|P|P|P|P|P|D|P|P|P|0|0
13S|13Q|1|2|P|P|P|P|P|P|P|P|P|D|P|P|P|0|0
13T|13Q|1|2|P|P|P|P|P|P|P|P|P|D|P|P|P|0|0
13U|13N|1|3|P|P|P|P|P|P|P|P|P|D|P|P|P|0|0
13W|13V|1|3|P|P|P|P|P|P|P|P|P|D|P|P|P|0|0
13X|13V|1|1|P|P|P|P|P|P|P|P|P|D|P|P|P|0|0
13Y|13X|1|2|P|P|P|P|P|P|P|P|P|D|P|P|P|0|0
13Z|13V|1|1|P|P|P|P|P|P|P|P|P|D|P|P|P|0|0
140|13Z|1|2|P|P|P|P|P|P|P|P|P|D|P|P|P|0|0
141|13Z|1|2|P|P|P|P|P|P|P|P|P|D|P|P|P|0|0
142|13Z|1|2|P|P|P|P|P|P|P|P|P|D|P|P|P|0|0
143|13Z|1|2|P|P|P|P|P|P|P|P|P|D|P|P|P|0|0
144|13Z|1|2|P|P|P|P|P|P|P|P|P|D|P|P|P|0|0
145|13V|1|3|P|P|P|P|P|P|P|P|P|D|P|P|P|0|0
147|146|1|3|P|P|P|P|P|P|P|P|P|D|P|P|P|0|0
148|146|1|1|P|P|P|P|P|P|P|P|P|D|P|P|P|0|0
149|148|1|1|P|P|P|P|P|P|P|P|P|D|P|P|P|0|0
14A|146|1|1|P|P|P|P|P|P|P|P|P|D|P|P|P|0|0
14B|146|1|1|P|P|P|P|P|P|P|P|P|D|P|P|P|0|0
14C|14B|1|2|P|P|P|P|P|P|P|P|P|D|P|P|P|0|0
14D|14B|1|2|P|P|P|P|P|P|P|P|P|D|P|P|P|0|0
14E|14B|1|2|P|P|P|P|P|P|P|P|P|D|P|P|P|0|0
14F|146|1|3|P|P|P|P|P|P|P|P|P|D|P|P|P|0|0
14G|14F|1|3|P|P|P|P|P|P|P|P|P|D|P|P|P|0|0
14H|14F|1|3|P|P|P|P|P|P|P|P|P|D|P|P|P|0|0
14J|14I|1|3|P|P|P|P|P|P|P|P|P|D|P|P|P|0|0
14K|14I|1|1|P|P|P|P|P|P|P|P|P|D|P|P|P|0|0
14L|14I|1|1|P|P|P|P|P|P|P|P|P|D|P|P|P|0|0
14M|14L|1|2|P|P|P|P|P|P|P|P|P|D|P|P|P|0|0
14N|14L|1|2|P|P|P|P|P|P|P|P|P|D|P|P|P|0|0
14O|14L|1|2|P|P|P|P|P|P|P|P|P|D|P|P|P|0|0
14P|14L|1|2|P|P|P|P|P|P|P|P|P|D|P|P|P|0|0
14Q|14L|1|2|P|P|P|P|P|P|P|P|P|D|P|P|P|0|0
14R|14I|1|3|P|P|P|P|P|P|P|P|P|D|P|P|P|0|0
14T|14S|1|3|P|P|P|P|P|P|P|P|P|D|P|P|P|0|0
14U|14S|1|3|P|P|P|P|P|P|P|P|P|D|P|P|P|0|0
14V|14U|1|3|P|P|P|P|P|P|P|P|P|D|P|P|P|0|0
14W|14S|1|1|P|P|P|P|P|P|P|P|P|D|P|P|P|0|0
14X|14W|1|1|P|P|P|P|P|P|P|P|P|D|P|P|P|0|0
14Y|14W|1|1|P|P|P|P|P|P|P|P|P|D|P|P|P|0|0
14Z|14W|1|1|P|P|P|P|P|P|P|P|P|D|P|P|P|0|0
150|14W|1|1|P|P|P|P|P|P|P|P|P|D|P|P|P|0|0
151|14S|1|1|P|P|P|P|P|P|P|P|P|D|P|P|P|0|0
152|14S|1|3|P|P|P|P|P|P|P|P|P|D|P|P|P|0|0
153|14S|1|3|P|P|P|P|P|P|P|P|P|D|P|P|P|0|0
155|154|1|3|P|P|P|P|P|P|P|P|P|D|P|P|P|0|0
156|154|1|1|P|P|P|P|P|P|P|P|P|D|P|P|P|0|0
157|154|1|1|P|P|P|P|P|P|P|P|P|D|P|P|P|0|0
158|157|1|1|P|P|P|P|P|P|P|P|P|D|P|P|P|0|0
159|157|1|1|P|P|P|P|P|P|P|P|P|D|P|P|P|0|0
15A|154|1|1|P|P|P|P|P|P|P|P|P|D|P|P|P|0|0
15B|15A|1|1|P|P|P|P|P|P|P|P|P|D|P|P|P|0|0
15C|154|1|1|P|P|P|P|P|P|P|P|P|D|P|P|P|0|0
15D|15C|1|2|P|P|P|P|P|P|P|P|P|D|P|P|P|0|0
15E|154|1|1|P|P|P|P|P|P|P|P|P|D|P|P|P|0|0
15F|15E|1|2|P|P|P|P|P|P|P|P|P|D|P|P|P|0|0
15G|15E|1|2|P|P|P|P|P|P|P|P|P|D|P|P|P|0|0
15H|15E|1|2|P|P|P|P|P|P|P|P|P|D|P|P|P|0|0
15I|154|1|3|P|P|P|P|P|P|P|P|P|D|P|P|P|0|0
15K|15J|1|3|P|P|P|P|P|P|P|P|P|D|P|P|P|0|0
15L|15J|1|1|P|P|P|P|P|P|P|P|P|D|P|P|P|0|0
15M|15L|1|2|P|P|P|P|P|P|P|P|P|D|P|P|P|0|0
15N|15J|1|1|P|P|P|P|P|P|P|P|P|D|P|P|P|0|0
15O|15N|1|1|P|P|P|P|P|P|P|P|P|D|P|P|P|0|0
15P|15N|1|2|P|P|P|P|P|P|P|P|P|D|P|P|P|0|0
15Q|15J|1|1|P|P|P|P|P|P|P|P|P|D|P|P|P|0|0
15R|15Q|1|2|P|P|P|P|P|P|P|P|P|D|P|P|P|0|0
15S|15Q|1|1|P|P|P|P|P|P|P|P|P|D|P|P|P|0|0
15T|15Q|1|1|P|P|P|P|P|P|P|P|P|D|P|P|P|0|0
15U|15Q|1|2|P|P|P|P|P|P|P|P|P|D|P|P|P|0|0
15V|15Q|1|2|P|P|P|P|P|P|P|P|P|D|P|P|P|0|0
15W|15J|1|1|P|P|P|P|P|P|P|P|P|D|P|P|P|0|0
15Y|15X|1|3|P|P|P|P|P|P|P|P|P|D|P|P|P|0|0
15Z|15X|1|3|P|P|P|P|P|P|P|P|P|D|P|P|P|0|0
160|15Z|1|1|P|P|P|P|P|P|P|P|P|D|P|P|P|0|0
161|15X|1|3|P|P|P|P|P|P|P|P|P|D|P|P|P|0|0
162|161|1|3|P|P|P|P|P|P|P|P|P|D|P|P|P|0|0
163|15X|1|1|P|P|P|P|P|P|P|P|P|D|P|P|P|0|0
164|163|1|2|P|P|P|P|P|P|P|P|P|D|P|P|P|0|0
165|163|1|2|P|P|P|P|P|P|P|P|P|D|P|P|P|0|0
166|15X|1|3|P|P|P|P|P|P|P|P|P|D|P|P|P|0|0
168|167|1|3|P|P|P|P|P|P|P|P|P|D|P|P|P|0|0
169|167|1|1|P|P|P|P|P|P|P|P|P|D|P|P|P|0|0
16A|167|1|1|P|P|P|P|P|P|P|P|P|D|P|P|P|0|0
16B|167|1|1|P|P|P|P|P|P|P|P|P|D|P|P|P|0|0
16C|167|1|1|P|P|P|P|P|P|P|P|P|D|P|P|P|0|0
16D|16C|1|2|P|P|P|P|P|P|P|P|P|D|P|P|P|0|0
16E|16C|1|2|P|P|P|P|P|P|P|P|P|D|P|P|P|0|0
16F|16C|1|2|P|P|P|P|P|P|P|P|P|D|P|P|P|0|0
16G|16C|1|2|P|P|P|P|P|P|P|P|P|D|P|P|P|0|0
16H|16C|1|2|P|P|P|P|P|P|P|P|P|D|P|P|P|0|0
16I|16C|1|2|P|P|P|P|P|P|P|P|P|D|P|P|P|0|0
16J|167|1|1|P|P|P|P|P|P|P|P|P|D|P|P|P|0|0
16L|16K|1|3|P|P|P|P|P|P|P|P|P|D|P|P|P|0|0
16M|16K|1|3|P|P|P|P|P|P|P|P|P|D|P|P|P|0|0
16N|16K|1|1|P|P|P|P|P|P|P|P|P|D|P|P|P|0|0
16O|16N|1|1|P|P|P|P|P|P|P|P|P|D|P|P|P|0|0
16P|16K|1|1|P|P|P|P|P|P|P|P|P|D|P|P|P|0|0
16Q|16P|1|2|P|P|P|P|P|P|P|P|P|D|P|P|P|0|0
16R|16P|1|2|P|P|P|P|P|P|P|P|P|D|P|P|P|0|0
16S|16P|1|2|P|P|P|P|P|P|P|P|P|D|P|P|P|0|0
16T|16K|1|3|P|P|P|P|P|P|P|P|P|D|P|P|P|0|0
16U|16K|1|1|P|P|P|P|P|P|P|P|P|D|P|P|P|0|0
16W|16V|1|3|P|P|P|P|P|P|P|P|P|D|P|P|P|0|0
16X|16V|1|1|P|P|P|P|P|P|P|P|P|D|P|P|P|0|0
16Y|16V|1|1|P|P|P|P|P|P|P|P|P|D|P|P|P|0|0
16Z|16V|1|1|P|P|P|P|P|P|P|P|P|D|P|P|P|0|0
170|16V|1|3|P|P|P|P|P|P|P|P|P|D|P|P|P|0|0
171|170|1|3|P|P|P|P|P|P|P|P|P|D|P|P|P|0|0
172|170|1|3|P|P|P|P|P|P|P|P|P|D|P|P|P|0|0
173|170|1|3|P|P|P|P|P|P|P|P|P|D|P|P|P|0|0
174|16V|1|1|P|P|P|P|P|P|P|P|P|D|P|P|P|0|0
176|175|1|3|P|P|P|P|P|P|P|P|P|D|P|P|P|0|0
177|175|1|1|P|P|P|P|P|P|P|P|P|D|P|P|P|0|0
178|177|1|2|P|P|P|P|P|P|P|P|P|D|P|P|P|0|0
179|177|1|2|P|P|P|P|P|P|P|P|P|D|P|P|P|0|0
17A|175|1|1|P|P|P|P|P|P|P|P|P|D|P|P|P|0|0
17B|17A|1|2|P|P|P|P|P|P|P|P|P|D|P|P|P|0|0
17C|175|1|1|P|P|P|P|P|P|P|P|P|D|P|P|P|0|0
17D|17C|1|2|P|P|P|P|P|P|P|P|P|D|P|P|P|0|0
17E|17C|1|2|P|P|P|P|P|P|P|P|P|D|P|P|P|0|0
17F|17C|1|2|P|P|P|P|P|P|P|P|P|D|P|P|P|0|0
17G|175|1|1|P|P|P|P|P|P|P|P|P|D|P|P|P|0|0
17H|17G|3|2|P|P|P|P|P|P|P|P|P|D|P|P|P|0|0
17K|17J|1|3|P|P|P|P|P|P|P|P|P|D|P|P|P|0|0
17L|17J|1|3|P|P|P|P|P|P|P|P|P|D|P|P|P|0|0
17N|17M|1|3|P|P|P|P|P|P|P|P|P|D|P|P|P|0|0
17O|17M|1|3|P|P|P|P|P|P|P|P|P|D|P|P|P|0|0
17Q|17P|1|3|P|P|P|P|P|P|P|P|P|D|P|P|P|0|0
17R|17P|1|3|P|P|P|P|P|P|P|P|P|D|P|P|P|0|0
17S|17P|1|3|P|P|P|P|P|P|P|P|P|D|P|P|P|0|0
17U|17T|1|3|P|P|P|P|P|P|P|P|P|D|P|P|P|0|0
17V|17T|1|3|P|P|P|P|P|P|P|P|P|D|P|P|P|0|0
17X|17W|1|3|P|P|P|P|P|P|P|P|P|D|P|P|P|0|0
17Y|17W|1|3|P|P|P|P|P|P|P|P|P|D|P|P|P|0|0
180|17Z|1|3|P|P|P|P|P|P|P|P|P|D|P|P|P|0|0
181|17Z|1|3|P|P|P|P|P|P|P|P|P|D|P|P|P|0|0
183|182|1|3|P|P|P|P|P|P|P|P|P|D|P|P|P|0|0
184|182|1|3|P|P|P|P|P|P|P|P|P|D|P|P|P|0|0
18B|18A|1|3|P|P|P|P|P|P|P|P|P|D|P|P|P|0|0
18C|18A|1|1|P|P|P|P|P|P|P|P|P|D|P|P|P|0|0
18D|18A|1|1|P|P|P|P|P|P|P|P|P|D|P|P|P|0|0
18E|18A|1|1|P|P|P|P|P|P|P|P|P|D|P|P|P|0|0
18F|18A|1|1|P|P|P|P|P|P|P|P|P|D|P|P|P|0|0
18G|18F|1|2|P|P|P|P|P|P|P|P|P|D|P|P|P|0|0
18H|18F|1|2|P|P|P|P|P|P|P|P|P|D|P|P|P|0|0
18I|18F|1|2|P|P|P|P|P|P|P|P|P|D|P|P|P|0|0
18J|18F|1|2|P|P|P|P|P|P|P|P|P|D|P|P|P|0|0
18K|18F|1|2|P|P|P|P|P|P|P|P|P|D|P|P|P|0|0
18M|18L|1|3|P|P|P|P|P|P|P|P|P|D|P|P|P|0|0
18N|18L|1|1|P|P|P|P|P|P|P|P|P|D|P|P|P|0|0
18O|18N|1|2|P|P|P|P|P|P|P|P|P|D|P|P|P|0|0
18P|18L|1|1|P|P|P|P|P|P|P|P|P|D|P|P|P|0|0
18Q|18P|1|2|P|P|P|P|P|P|P|P|P|D|P|P|P|0|0
18R|18P|1|2|P|P|P|P|P|P|P|P|P|D|P|P|P|0|0
18S|18P|1|2|P|P|P|P|P|P|P|P|P|D|P|P|P|0|0
18T|18L|1|1|P|P|P|P|P|P|P|P|P|D|P|P|P|0|0
18U|18T|1|2|P|P|P|P|P|P|P|P|P|D|P|P|P|0|0
18V|18T|1|2|P|P|P|P|P|P|P|P|P|D|P|P|P|0|0
18W|18T|1|2|P|P|P|P|P|P|P|P|P|D|P|P|P|0|0
18Y|18X|1|3|P|P|P|P|P|P|P|P|P|D|P|P|P|0|0
18Z|18X|1|1|P|P|P|P|P|P|P|P|P|D|P|P|P|0|0
190|18Z|1|2|P|P|P|P|P|P|P|P|P|D|P|P|P|0|0
191|18X|1|1|P|P|P|P|P|P|P|P|P|D|P|P|P|0|0
192|18X|1|1|P|P|P|P|P|P|P|P|P|D|P|P|P|0|0
193|192|1|2|P|P|P|P|P|P|P|P|P|D|P|P|P|0|0
194|192|1|2|P|P|P|P|P|P|P|P|P|D|P|P|P|0|0
195|192|1|2|P|P|P|P|P|P|P|P|P|D|P|P|P|0|0
196|18X|1|3|P|P|P|P|P|P|P|P|P|D|P|P|P|0|0
197|196|1|1|P|P|P|P|P|P|P|P|P|D|P|P|P|0|0
199|198|1|3|P|P|P|P|P|P|P|P|P|D|P|P|P|0|0
19A|198|1|3|P|P|P|P|P|P|P|P|P|D|P|P|P|0|0
19B|198|1|1|P|P|P|P|P|P|P|P|P|D|P|P|P|0|0
19C|198|1|1|P|P|P|P|P|P|P|P|P|D|P|P|P|0|0
19D|198|1|3|P|P|P|P|P|P|P|P|P|D|P|P|P|0|0
19E|198|1|1|P|P|P|P|P|P|P|P|P|D|P|P|P|0|0
19F|19E|1|2|P|P|P|P|P|P|P|P|P|D|P|P|P|0|0
19G|19E|1|2|P|P|P|P|P|P|P|P|P|D|P|P|P|0|0
19H|19E|1|2|P|P|P|P|P|P|P|P|P|D|P|P|P|0|0
19I|19E|1|2|P|P|P|P|P|P|P|P|P|D|P|P|P|0|0
19J|19E|1|2|P|P|P|P|P|P|P|P|P|D|P|P|P|0|0
19K|198|1|3|P|P|P|P|P|P|P|P|P|D|P|P|P|0|0
19M|19L|1|3|P|P|P|P|P|P|P|P|P|D|P|P|P|0|0
19N|19L|1|1|P|P|P|P|P|P|P|P|P|D|P|P|P|0|0
19O|19L|1|1|P|P|P|P|P|P|P|P|P|D|P|P|P|0|0
19P|19L|1|1|P|P|P|P|P|P|P|P|P|D|P|P|P|0|0
19Q|19P|1|2|P|P|P|P|P|P|P|P|P|D|P|P|P|0|0
19R|19P|1|2|P|P|P|P|P|P|P|P|P|D|P|P|P|0|0
19S|19P|1|2|P|P|P|P|P|P|P|P|P|D|P|P|P|0|0
19T|19L|1|3|P|P|P|P|P|P|P|P|P|D|P|P|P|0|0
19V|19U|1|3|P|P|P|P|P|P|P|P|P|D|P|P|P|0|0
19W|19U|1|3|P|P|P|P|P|P|P|P|P|D|P|P|P|0|0
19X|19U|1|1|P|P|P|P|P|P|P|P|P|D|P|P|P|0|0
19Y|19X|1|1|P|P|P|P|P|P|P|P|P|D|P|P|P|0|0
19Z|19U|1|1|P|P|P|P|P|P|P|P|P|D|P|P|P|0|0
1A0|19Z|1|2|P|P|P|P|P|P|P|P|P|D|P|P|P|0|0
1A1|19Z|1|2|P|P|P|P|P|P|P|P|P|D|P|P|P|0|0
1A2|19Z|1|2|P|P|P|P|P|P|P|P|P|D|P|P|P|0|0
1A3|19Z|1|2|P|P|P|P|P|P|P|P|P|D|P|P|P|0|0
1A4|19Z|1|2|P|P|P|P|P|P|P|P|P|D|P|P|P|0|0
1A5|19U|1|3|P|P|P|P|P|P|P|P|P|D|P|P|P|0|0
1A7|1A6|1|3|P|P|P|P|P|P|P|P|P|D|P|P|P|0|0
1A8|1A6|1|3|P|P|P|P|P|P|P|P|P|D|P|P|P|0|0
1A9|1A8|1|3|P|P|P|P|P|P|P|P|P|D|P|P|P|0|0
1AA|1A6|1|1|P|P|P|P|P|P|P|P|P|D|P|P|P|0|0
1AB|1A6|1|1|P|P|P|P|P|P|P|P|P|D|P|P|P|0|0
1AC|1A6|1|3|P|P|P|P|P|P|P|P|P|D|P|P|P|0|0
1AE|1AD|1|1|P|P|P|P|P|P|P|P|P|D|P|P|P|0|0
1AF|1AD|1|3|P|P|P|P|P|P|P|P|P|D|P|P|P|0|0
1AG|1AD|1|3|P|P|P|P|P|P|P|P|P|D|P|P|P|0|0
1AH|1AG|1|3|P|P|P|P|P|P|P|P|P|D|P|P|P|0|0
1AI|1AG|1|3|P|P|P|P|P|P|P|P|P|D|P|P|P|0|0
1AJ|1AG|1|3|P|P|P|P|P|P|P|P|P|D|P|P|P|0|0
1AK|1AD|1|1|P|P|P|P|P|P|P|P|P|D|P|P|P|0|0
1AL|1AK|1|1|P|P|P|P|P|P|P|P|P|D|P|P|P|0|0
1AN|1AM|1|3|P|P|P|P|P|P|P|P|P|D|P|P|P|0|0
1AO|1AM|1|1|P|P|P|P|P|P|P|P|P|D|P|P|P|0|0
1AP|1AM|1|3|P|P|P|P|P|P|P|P|P|D|P|P|P|0|0
1AQ|1AM|1|3|P|P|P|P|P|P|P|P|P|D|P|P|P|0|0
1AR|1AQ|1|3|P|P|P|P|P|P|P|P|P|D|P|P|P|0|0
1AS|1AM|1|1|P|P|P|P|P|P|P|P|P|D|P|P|P|0|0
1AU|1AT|1|3|P|P|P|P|P|P|P|P|P|D|P|P|P|0|0
1AV|1AT|1|3|P|P|P|P|P|P|P|P|P|D|P|P|P|0|0
1AW|1AT|1|3|P|P|P|P|P|P|P|P|P|D|P|P|P|0|0
1AX|1AT|1|1|P|P|P|P|P|P|P|P|P|D|P|P|P|0|0
1AY|1AX|1|2|P|P|P|P|P|P|P|P|P|D|P|P|P|0|0
1AZ|1AX|1|2|P|P|P|P|P|P|P|P|P|D|P|P|P|0|0
1B0|1AX|1|2|P|P|P|P|P|P|P|P|P|D|P|P|P|0|0
1B2|1B1|1|3|P|P|P|P|P|P|P|P|P|D|P|P|P|0|0
1B3|1B1|1|3|P|P|P|P|P|P|P|P|P|D|P|P|P|0|0
1B4|1B3|1|3|P|P|P|P|P|P|P|P|P|D|P|P|P|0|0
1B5|1B3|1|1|P|P|P|P|P|P|P|P|P|D|P|P|P|0|0
1B6|1B1|1|3|P|P|P|P|P|P|P|P|P|D|P|P|P|0|0
1B7|1B6|1|3|P|P|P|P|P|P|P|P|P|D|P|P|P|0|0
1B8|1B1|1|1|P|P|P|P|P|P|P|P|P|D|P|P|P|0|0
1B9|1B8|1|2|P|P|P|P|P|P|P|P|P|D|P|P|P|0|0
1BA|1B8|1|2|P|P|P|P|P|P|P|P|P|D|P|P|P|0|0
1BB|1B8|1|2|P|P|P|P|P|P|P|P|P|D|P|P|P|0|0
1BC|1B1|1|3|P|P|P|P|P|P|P|P|P|D|P|P|P|0|0
1BE|1BD|1|3|P|P|P|P|P|P|P|P|P|D|P|P|P|0|0
1BF|1BD|1|3|P|P|P|P|P|P|P|P|P|D|P|P|P|0|0
1BG|1BF|1|1|P|P|P|P|P|P|P|P|P|D|P|P|P|0|0
1BH|1BD|1|1|P|P|P|P|P|P|P|P|P|D|P|P|P|0|0
1BI|1BH|1|2|P|P|P|P|P|P|P|P|P|D|P|P|P|0|0
1BJ|1BH|1|2|P|P|P|P|P|P|P|P|P|D|P|P|P|0|0
1BK|1BD|1|3|P|P|P|P|P|P|P|P|P|D|P|P|P|0|0
1BL|1BD|1|3|P|P|P|P|P|P|P|P|P|D|P|P|P|0|0
1BM|1BD|1|3|P|P|P|P|P|P|P|P|P|D|P|P|P|0|0
1BO|1BN|1|3|P|P|P|P|P|P|P|P|P|D|P|P|P|0|0
1BP|1BN|1|3|P|P|P|P|P|P|P|P|P|D|P|P|P|0|0
1BQ|1BP|1|1|P|P|P|P|P|P|P|P|P|D|P|P|P|0|0
1BR|1BN|1|3|P|P|P|P|P|P|P|P|P|D|P|P|P|0|0
1BS|1BN|1|3|P|P|P|P|P|P|P|P|P|D|P|P|P|0|0
1BT|1BS|1|3|P|P|P|P|P|P|P|P|P|D|P|P|P|0|0
1BU|1BS|1|3|P|P|P|P|P|P|P|P|P|D|P|P|P|0|0
1BV|1BS|1|3|P|P|P|P|P|P|P|P|P|D|P|P|P|0|0
1BW|1BS|1|3|P|P|P|P|P|P|P|P|P|D|P|P|P|0|0
1BY|1BX|1|3|P|P|P|P|P|P|P|P|P|D|P|P|P|0|0
1BZ|1BX|1|1|P|P|P|P|P|P|P|P|P|D|P|P|P|0|0
1C0|1BZ|1|1|P|P|P|P|P|P|P|P|P|D|P|P|P|0|0
1C1|1BX|1|1|P|P|P|P|P|P|P|P|P|D|P|P|P|0|0
1C2|1C1|1|1|P|P|P|P|P|P|P|P|P|D|P|P|P|0|0
1C3|1C1|1|1|P|P|P|P|P|P|P|P|P|D|P|P|P|0|0
1C4|1C1|1|1|P|P|P|P|P|P|P|P|P|D|P|P|P|0|0
1C5|1BX|1|3|P|P|P|P|P|P|P|P|P|D|P|P|P|0|0
1C6|1C5|1|3|P|P|P|P|P|P|P|P|P|D|P|P|P|0|0
1C7|1C5|1|1|P|P|P|P|P|P|P|P|P|D|P|P|P|0|0
1C8|1C5|1|3|P|P|P|P|P|P|P|P|P|D|P|P|P|0|0
1C9|1BX|1|1|P|P|P|P|P|P|P|P|P|D|P|P|P|0|0
1CA|1C9|1|1|P|P|P|P|P|P|P|P|P|D|P|P|P|0|0
1CB|1C9|1|1|P|P|P|P|P|P|P|P|P|D|P|P|P|0|0
1CC|1C9|3|2|P|P|P|P|P|P|P|P|P|D|P|P|P|0|0
1CF|1CE|1|3|P|P|P|P|P|P|P|P|P|D|P|P|P|0|0
1CG|1CE|1|3|P|P|P|P|P|P|P|P|P|D|P|P|P|0|0
1CH|1CE|1|3|P|P|P|P|P|P|P|P|P|D|P|P|P|0|0
1CJ|1CI|1|3|P|P|P|P|P|P|P|P|P|D|P|P|P|0|0
1CK|1CI|1|3|P|P|P|P|P|P|P|P|P|D|P|P|P|0|0
1CM|1CL|1|3|P|P|P|P|P|P|P|P|P|D|P|P|P|0|0
1CN|1CL|1|3|P|P|P|P|P|P|P|P|P|D|P|P|P|0|0
1CP|1CO|1|3|P|P|P|P|P|P|P|P|P|D|P|P|P|0|0
1CR|1CQ|1|3|P|P|P|P|P|P|P|P|P|D|P|P|P|0|0
1CT|1CS|1|3|P|P|P|P|P|P|P|P|P|D|P|P|P|0|0
1CU|1CS|1|3|P|P|P|P|P|P|P|P|P|D|P|P|P|0|0
1CV|1CS|1|3|P|P|P|P|P|P|P|P|P|D|P|P|P|0|0
1CX|1CW|1|3|P|P|P|P|P|P|P|P|P|D|P|P|P|0|0
1D1|1D0|1|3|P|P|P|P|P|P|P|P|P|D|P|P|P|0|0
1D2|1D0|1|3|P|P|P|P|P|P|P|P|P|D|P|P|P|0|0
1D5|1D4|1|3|P|P|P|P|P|P|P|P|P|D|P|P|P|0|0
1D6|1D4|1|3|P|P|P|P|P|P|P|P|P|D|P|P|P|0|0
1D7|1D4|1|3|P|P|P|P|P|P|P|P|P|D|P|P|P|0|0
1D8|1D4|1|3|P|P|P|P|P|P|P|P|P|D|P|P|P|0|0
1D9|1D4|1|3|P|P|P|P|P|P|P|P|P|D|P|P|P|0|0
1DA|1D4|1|3|P|P|P|P|P|P|P|P|P|D|P|P|P|0|0
1DB|1D4|1|3|P|P|P|P|P|P|P|P|P|D|P|P|P|0|0
1DC|1D4|1|3|P|P|P|P|P|P|P|P|P|D|P|P|P|0|0
1DE|1DD|1|1|P|P|P|P|P|P|P|P|P|D|P|P|P|0|0
1DG|1DF|1|3|P|P|P|P|P|P|P|P|P|D|P|P|P|0|0
1DH|1DG|1|3|P|P|P|P|P|P|P|P|P|D|P|P|P|0|0
1DI|1DG|1|3|P|P|P|P|P|P|P|P|P|D|P|P|P|0|0
1DJ|1DG|1|3|P|P|P|P|P|P|P|P|P|D|P|P|P|0|0
1DK|1DG|1|3|P|P|P|P|P|P|P|P|P|D|P|P|P|0|0
1DL|1DG|1|3|P|P|P|P|P|P|P|P|P|D|P|P|P|0|0
1DM|1DG|1|1|P|P|P|P|P|P|P|P|P|D|P|P|P|0|0
1DN|1DF|1|3|P|P|P|P|P|P|P|P|P|D|P|P|P|0|0
1DO|1DN|1|3|P|P|P|P|P|P|P|P|P|D|P|P|P|0|0
1DP|1DN|1|3|P|P|P|P|P|P|P|P|P|D|P|P|P|0|0
1DQ|1DN|1|3|P|P|P|P|P|P|P|P|P|D|P|P|P|0|0
1DR|1DN|1|3|P|P|P|P|P|P|P|P|P|D|P|P|P|0|0
1DS|1DN|1|3|P|P|P|P|P|P|P|P|P|D|P|P|P|0|0
1DT|1DN|1|3|P|P|P|P|P|P|P|P|P|D|P|P|P|0|0
1DU|1DN|1|1|P|P|P|P|P|P|P|P|P|D|P|P|P|0|0
1DV|1DN|1|3|P|P|P|P|P|P|P|P|P|D|P|P|P|0|0
1DW|1DF|1|3|P|P|P|P|P|P|P|P|P|D|P|P|P|0|0
1DX|1DW|1|1|P|P|P|P|P|P|P|P|P|D|P|P|P|0|0
1DY|1DW|1|1|P|P|P|P|P|P|P|P|P|D|P|P|P|0|0
1DZ|1DW|1|1|P|P|P|P|P|P|P|P|P|D|P|P|P|0|0
1E0|1DW|1|1|P|P|P|P|P|P|P|P|P|D|P|P|P|0|0
1E1|1DW|1|1|P|P|P|P|P|P|P|P|P|D|P|P|P|0|0
1E2|1DW|1|1|P|P|P|P|P|P|P|P|P|D|P|P|P|0|0
1E3|1DW|1|1|P|P|P|P|P|P|P|P|P|D|P|P|P|0|0
1E4|1DW|1|1|P|P|P|P|P|P|P|P|P|D|P|P|P|0|0
1E5|1DW|1|1|P|P|P|P|P|P|P|P|P|D|P|P|P|0|0
1E6|1DW|1|1|P|P|P|P|P|P|P|P|P|D|P|P|P|0|0
1E7|1DW|1|1|P|P|P|P|P|P|P|P|P|D|P|P|P|0|0
1E8|1DW|1|1|P|P|P|P|P|P|P|P|P|D|P|P|P|0|0
1E9|1DW|1|1|P|P|P|P|P|P|P|P|P|D|P|P|P|0|0
1EA|1DW|1|1|P|P|P|P|P|P|P|P|P|D|P|P|P|0|0
1EB|1DW|1|3|P|P|P|P|P|P|P|P|P|D|P|P|P|0|0
1EC|1DW|1|3|P|P|P|P|P|P|P|P|P|D|P|P|P|0|0
1ED|1DW|1|1|P|P|P|P|P|P|P|P|P|D|P|P|P|0|0
1EE|1DW|1|1|P|P|P|P|P|P|P|P|P|D|P|P|P|0|0
1EF|1DW|1|1|P|P|P|P|P|P|P|P|P|D|P|P|P|0|0
1EG|1DW|1|1|P|P|P|P|P|P|P|P|P|D|P|P|P|0|0
1EH|1DW|1|3|P|P|P|P|P|P|P|P|P|D|P|P|P|0|0
1EI|1DW|1|1|P|P|P|P|P|P|P|P|P|D|P|P|P|0|0
1EJ|1DW|1|3|P|P|P|P|P|P|P|P|P|D|P|P|P|0|0
1EK|1DW|1|1|P|P|P|P|P|P|P|P|P|D|P|P|P|0|0
1EL|1DW|1|1|P|P|P|P|P|P|P|P|P|D|P|P|P|0|0
1EM|1DW|1|1|P|P|P|P|P|P|P|P|P|D|P|P|P|0|0
1EN|1DW|1|3|P|P|P|P|P|P|P|P|P|D|P|P|P|0|0
1EO|1DW|1|1|P|P|P|P|P|P|P|P|P|D|P|P|P|0|0
1EP|1DW|1|3|P|P|P|P|P|P|P|P|P|D|P|P|P|0|0
1EQ|1DW|1|1|P|P|P|P|P|P|P|P|P|D|P|P|P|0|0
1ER|1DW|1|1|P|P|P|P|P|P|P|P|P|D|P|P|P|0|0
1ES|1DW|1|1|P|P|P|P|P|P|P|P|P|D|P|P|P|0|0
1ET|1DW|1|1|P|P|P|P|P|P|P|P|P|D|P|P|P|0|0
1EU|1DW|1|3|P|P|P|P|P|P|P|P|P|D|P|P|P|0|0
1EV|1DW|1|3|P|P|P|P|P|P|P|P|P|D|P|P|P|0|0
1EW|1DW|1|3|P|P|P|P|P|P|P|P|P|D|P|P|P|0|0
1EX|1DW|1|3|P|P|P|P|P|P|P|P|P|D|P|P|P|0|0
1EY|1DW|1|3|P|P|P|P|P|P|P|P|P|D|P|P|P|0|0
1F0|1EZ|1|3|P|P|P|P|P|P|P|P|P|D|P|P|P|0|0
1F1|1F0|1|3|P|P|P|P|P|P|P|P|P|D|P|P|P|0|0
1F2|1F0|1|3|P|P|P|P|P|P|P|P|P|D|P|P|P|0|0
1F3|1F0|1|3|P|P|P|P|P|P|P|P|P|D|P|P|P|0|0
1F4|1F0|1|3|P|P|P|P|P|P|P|P|P|D|P|P|P|0|0
1F5|1F0|1|3|P|P|P|P|P|P|P|P|P|D|P|P|P|0|0
1F6|1F0|1|1|P|P|P|P|P|P|P|P|P|D|P|P|P|0|0
1F7|1F0|1|3|P|P|P|P|P|P|P|P|P|D|P|P|P|0|0
1F8|1F0|1|1|P|P|P|P|P|P|P|P|P|D|P|P|P|0|0
1F9|1F0|1|1|P|P|P|P|P|P|P|P|P|D|P|P|P|0|0
1FA|1EZ|1|3|P|P|P|P|P|P|P|P|P|D|P|P|P|0|0
1FB|1FA|1|3|P|P|P|P|P|P|P|P|P|D|P|P|P|0|0
1FC|1FA|1|3|P|P|P|P|P|P|P|P|P|D|P|P|P|0|0
1FD|1FA|1|3|P|P|P|P|P|P|P|P|P|D|P|P|P|0|0
1FE|1EZ|1|1|P|P|P|P|P|P|P|P|P|D|P|P|P|0|0
1FF|1FE|1|1|P|P|P|P|P|P|P|P|P|D|P|P|P|0|0
1FG|1FE|1|1|P|P|P|P|P|P|P|P|P|D|P|P|P|0|0
1FH|1FE|1|1|P|P|P|P|P|P|P|P|P|D|P|P|P|0|0
1FI|1FE|1|1|P|P|P|P|P|P|P|P|P|D|P|P|P|0|0
1FJ|1FE|1|1|P|P|P|P|P|P|P|P|P|D|P|P|P|0|0
1FK|1FE|1|1|P|P|P|P|P|P|P|P|P|D|P|P|P|0|0
1FL|1FE|1|1|P|P|P|P|P|P|P|P|P|D|P|P|P|0|0
1FM|1FE|1|1|P|P|P|P|P|P|P|P|P|D|P|P|P|0|0
1FN|1FE|1|2|P|P|P|P|P|P|P|P|P|D|P|P|P|0|0
1FO|1FE|1|2|P|P|P|P|P|P|P|P|P|D|P|P|P|0|0
1FP|1FE|1|2|P|P|P|P|P|P|P|P|P|D|P|P|P|0|0
1FQ|1FE|1|1|P|P|P|P|P|P|P|P|P|D|P|P|P|0|0
1FR|1FE|1|2|P|P|P|P|P|P|P|P|P|D|P|P|P|0|0
1FS|1FE|1|1|P|P|P|P|P|P|P|P|P|D|P|P|P|0|0
1FT|1FE|1|1|P|P|P|P|P|P|P|P|P|D|P|P|P|0|0
1FU|1FE|1|1|P|P|P|P|P|P|P|P|P|D|P|P|P|0|0
1FV|1FE|1|1|P|P|P|P|P|P|P|P|P|D|P|P|P|0|0
1FW|1FE|1|2|P|P|P|P|P|P|P|P|P|D|P|P|P|0|0
1FX|1FE|1|2|P|P|P|P|P|P|P|P|P|D|P|P|P|0|0
1FY|1FE|1|1|P|P|P|P|P|P|P|P|P|D|P|P|P|0|0
1FZ|1FE|1|2|P|P|P|P|P|P|P|P|P|D|P|P|P|0|0
1G0|1FE|1|1|P|P|P|P|P|P|P|P|P|D|P|P|P|0|0
1G1|1FE|1|1|P|P|P|P|P|P|P|P|P|D|P|P|P|0|0
1G2|1FE|1|2|P|P|P|P|P|P|P|P|P|D|P|P|P|0|0
1G3|1FE|1|2|P|P|P|P|P|P|P|P|P|D|P|P|P|0|0
1G4|1FE|1|2|P|P|P|P|P|P|P|P|P|D|P|P|P|0|0
1G5|1FE|1|1|P|P|P|P|P|P|P|P|P|D|P|P|P|0|0
1G6|1FE|1|1|P|P|P|P|P|P|P|P|P|D|P|P|P|0|0
1G7|1FE|1|1|P|P|P|P|P|P|P|P|P|D|P|P|P|0|0
1G8|1FE|1|1|P|P|P|P|P|P|P|P|P|D|P|P|P|0|0
1G9|1FE|1|1|P|P|P|P|P|P|P|P|P|D|P|P|P|0|0
1GA|1FE|1|1|P|P|P|P|P|P|P|P|P|D|P|P|P|0|0
1GB|1FE|1|2|P|P|P|P|P|P|P|P|P|D|P|P|P|0|0
1GD|1GC|1|3|P|P|P|P|P|P|P|P|P|D|P|P|P|0|0
1GE|1GD|1|1|P|P|P|P|P|P|P|P|P|D|P|P|P|0|0
1GF|1GD|1|1|P|P|P|P|P|P|P|P|P|D|P|P|P|0|0
1GG|1GD|1|1|P|P|P|P|P|P|P|P|P|D|P|P|P|0|0
1GH|1GD|1|1|P|P|P|P|P|P|P|P|P|D|P|P|P|0|0
1GI|1GD|1|3|P|P|P|P|P|P|P|P|P|D|P|P|P|0|0
1GJ|1GD|1|3|P|P|P|P|P|P|P|P|P|D|P|P|P|0|0
1GK|1GD|1|3|P|P|P|P|P|P|P|P|P|D|P|P|P|0|0
1GL|1GD|1|3|P|P|P|P|P|P|P|P|P|D|P|P|P|0|0
1GM|1GD|1|3|P|P|P|P|P|P|P|P|P|D|P|P|P|0|0
1GN|1GC|1|3|P|P|P|P|P|P|P|P|P|D|P|P|P|0|0
1GO|1GN|1|3|P|P|P|P|P|P|P|P|P|D|P|P|P|0|0
1GP|1GN|1|3|P|P|P|P|P|P|P|P|P|D|P|P|P|0|0
1GQ|1GN|1|3|P|P|P|P|P|P|P|P|P|D|P|P|P|0|0
1GR|1GN|1|3|P|P|P|P|P|P|P|P|P|D|P|P|P|0|0
1GS|1GN|1|3|P|P|P|P|P|P|P|P|P|D|P|P|P|0|0
1GT|1GN|1|3|P|P|P|P|P|P|P|P|P|D|P|P|P|0|0
1GU|1GN|1|1|P|P|P|P|P|P|P|P|P|D|P|P|P|0|0
1GV|1GN|1|3|P|P|P|P|P|P|P|P|P|D|P|P|P|0|0
1GW|1GC|1|1|P|P|P|P|P|P|P|P|P|D|P|P|P|0|0
1GX|1GW|1|1|P|P|P|P|P|P|P|P|P|D|P|P|P|0|0
1GY|1GW|1|1|P|P|P|P|P|P|P|P|P|D|P|P|P|0|0
1GZ|1GW|1|1|P|P|P|P|P|P|P|P|P|D|P|P|P|0|0
1H0|1GW|1|1|P|P|P|P|P|P|P|P|P|D|P|P|P|0|0
1H1|1GW|1|1|P|P|P|P|P|P|P|P|P|D|P|P|P|0|0
1H2|1GW|1|2|P|P|P|P|P|P|P|P|P|D|P|P|P|0|0
1H3|1GW|1|1|P|P|P|P|P|P|P|P|P|D|P|P|P|0|0
1H4|1GW|1|2|P|P|P|P|P|P|P|P|P|D|P|P|P|0|0
1H5|1GW|1|1|P|P|P|P|P|P|P|P|P|D|P|P|P|0|0
1H6|1GW|1|2|P|P|P|P|P|P|P|P|P|D|P|P|P|0|0
1H7|1GW|1|2|P|P|P|P|P|P|P|P|P|D|P|P|P|0|0
1H8|1GW|1|1|P|P|P|P|P|P|P|P|P|D|P|P|P|0|0
1H9|1GW|1|1|P|P|P|P|P|P|P|P|P|D|P|P|P|0|0
1HA|1GW|1|2|P|P|P|P|P|P|P|P|P|D|P|P|P|0|0
1HB|1GW|1|2|P|P|P|P|P|P|P|P|P|D|P|P|P|0|0
1HC|1GW|1|2|P|P|P|P|P|P|P|P|P|D|P|P|P|0|0
1HD|1GW|1|1|P|P|P|P|P|P|P|P|P|D|P|P|P|0|0
1HE|1GW|1|1|P|P|P|P|P|P|P|P|P|D|P|P|P|0|0
1HF|1GW|1|2|P|P|P|P|P|P|P|P|P|D|P|P|P|0|0
1HG|1GW|1|1|P|P|P|P|P|P|P|P|P|D|P|P|P|0|0
1HH|1GW|1|1|P|P|P|P|P|P|P|P|P|D|P|P|P|0|0
1HI|1GW|1|1|P|P|P|P|P|P|P|P|P|D|P|P|P|0|0
1HJ|1GW|1|1|P|P|P|P|P|P|P|P|P|D|P|P|P|0|0
1HL|1HK|1|3|P|P|P|P|P|P|P|P|P|D|P|P|P|0|0
1HM|1HL|1|3|P|P|P|P|P|P|P|P|P|D|P|P|P|0|0
1HN|1HL|1|3|P|P|P|P|P|P|P|P|P|D|P|P|P|0|0
1HO|1HL|1|1|P|P|P|P|P|P|P|P|P|D|P|P|P|0|0
1HP|1HL|1|3|P|P|P|P|P|P|P|P|P|D|P|P|P|0|0
1HQ|1HL|1|3|P|P|P|P|P|P|P|P|P|D|P|P|P|0|0
1HR|1HL|1|3|P|P|P|P|P|P|P|P|P|D|P|P|P|0|0
1HS|1HL|1|3|P|P|P|P|P|P|P|P|P|D|P|P|P|0|0
1HT|1HL|1|1|P|P|P|P|P|P|P|P|P|D|P|P|P|0|0
1HU|1HL|1|3|P|P|P|P|P|P|P|P|P|D|P|P|P|0|0
1HV|1HL|1|1|P|P|P|P|P|P|P|P|P|D|P|P|P|0|0
1HW|1HK|1|3|P|P|P|P|P|P|P|P|P|D|P|P|P|0|0
1HX|1HW|1|3|P|P|P|P|P|P|P|P|P|D|P|P|P|0|0
1HY|1HW|1|3|P|P|P|P|P|P|P|P|P|D|P|P|P|0|0
1HZ|1HW|1|3|P|P|P|P|P|P|P|P|P|D|P|P|P|0|0
1I0|1HW|1|3|P|P|P|P|P|P|P|P|P|D|P|P|P|0|0
1I1|1HW|1|3|P|P|P|P|P|P|P|P|P|D|P|P|P|0|0
1I2|1HK|1|3|P|P|P|P|P|P|P|P|P|D|P|P|P|0|0
1I3|1I2|1|1|P|P|P|P|P|P|P|P|P|D|P|P|P|0|0
1I4|1I2|1|1|P|P|P|P|P|P|P|P|P|D|P|P|P|0|0
1I5|1I2|1|3|P|P|P|P|P|P|P|P|P|D|P|P|P|0|0
1I6|1I2|1|1|P|P|P|P|P|P|P|P|P|D|P|P|P|0|0
1I7|1I2|1|1|P|P|P|P|P|P|P|P|P|D|P|P|P|0|0
1I8|1I2|1|1|P|P|P|P|P|P|P|P|P|D|P|P|P|0|0
1I9|1I2|1|3|P|P|P|P|P|P|P|P|P|D|P|P|P|0|0
1IA|1I2|1|3|P|P|P|P|P|P|P|P|P|D|P|P|P|0|0
1IB|1I2|1|3|P|P|P|P|P|P|P|P|P|D|P|P|P|0|0
1IC|1I2|1|3|P|P|P|P|P|P|P|P|P|D|P|P|P|0|0
1ID|1I2|1|1|P|P|P|P|P|P|P|P|P|D|P|P|P|0|0
1IE|1I2|1|1|P|P|P|P|P|P|P|P|P|D|P|P|P|0|0
1IF|1I2|1|1|P|P|P|P|P|P|P|P|P|D|P|P|P|0|0
1IG|1I2|1|1|P|P|P|P|P|P|P|P|P|D|P|P|P|0|0
1IH|1I2|1|3|P|P|P|P|P|P|P|P|P|D|P|P|P|0|0
1II|1I2|1|3|P|P|P|P|P|P|P|P|P|D|P|P|P|0|0
1IJ|1I2|1|1|P|P|P|P|P|P|P|P|P|D|P|P|P|0|0
1IK|1I2|1|1|P|P|P|P|P|P|P|P|P|D|P|P|P|0|0
1IL|1I2|1|1|P|P|P|P|P|P|P|P|P|D|P|P|P|0|0
1IM|1I2|1|3|P|P|P|P|P|P|P|P|P|D|P|P|P|0|0
1IN|1I2|1|3|P|P|P|P|P|P|P|P|P|D|P|P|P|0|0
1IO|1I2|1|1|P|P|P|P|P|P|P|P|P|D|P|P|P|0|0
1IP|1I2|1|1|P|P|P|P|P|P|P|P|P|D|P|P|P|0|0
1IQ|1I2|1|3|P|P|P|P|P|P|P|P|P|D|P|P|P|0|0
1IR|1I2|1|1|P|P|P|P|P|P|P|P|P|D|P|P|P|0|0
1IS|1I2|1|1|P|P|P|P|P|P|P|P|P|D|P|P|P|0|0
1IT|1I2|1|1|P|P|P|P|P|P|P|P|P|D|P|P|P|0|0
1IU|1I2|1|1|P|P|P|P|P|P|P|P|P|D|P|P|P|0|0
1IV|1I2|1|1|P|P|P|P|P|P|P|P|P|D|P|P|P|0|0
1IW|1I2|1|3|P|P|P|P|P|P|P|P|P|D|P|P|P|0|0
1IX|1I2|1|3|P|P|P|P|P|P|P|P|P|D|P|P|P|0|0
1IY|1I2|1|3|P|P|P|P|P|P|P|P|P|D|P|P|P|0|0
1J0|1IZ|1|3|P|P|P|P|P|P|P|P|P|D|P|P|P|0|0
1J1|1J0|1|3|P|P|P|P|P|P|P|P|P|D|P|P|P|0|0
1J2|1J0|1|1|P|P|P|P|P|P|P|P|P|D|P|P|P|0|0
1J3|1J0|1|3|P|P|P|P|P|P|P|P|P|D|P|P|P|0|0
1J4|1J0|1|3|P|P|P|P|P|P|P|P|P|D|P|P|P|0|0
1J5|1J0|1|1|P|P|P|P|P|P|P|P|P|D|P|P|P|0|0
1J6|1J0|1|1|P|P|P|P|P|P|P|P|P|D|P|P|P|0|0
1J7|1J0|1|1|P|P|P|P|P|P|P|P|P|D|P|P|P|0|0
1J8|1J0|1|3|P|P|P|P|P|P|P|P|P|D|P|P|P|0|0
1J9|1IZ|1|3|P|P|P|P|P|P|P|P|P|D|P|P|P|0|0
1JA|1J9|1|3|P|P|P|P|P|P|P|P|P|D|P|P|P|0|0
1JB|1J9|1|3|P|P|P|P|P|P|P|P|P|D|P|P|P|0|0
1JC|1J9|1|3|P|P|P|P|P|P|P|P|P|D|P|P|P|0|0
1JD|1IZ|1|3|P|P|P|P|P|P|P|P|P|D|P|P|P|0|0
1JE|1JD|1|1|P|P|P|P|P|P|P|P|P|D|P|P|P|0|0
1JF|1JD|1|1|P|P|P|P|P|P|P|P|P|D|P|P|P|0|0
1JG|1JD|1|3|P|P|P|P|P|P|P|P|P|D|P|P|P|0|0
1JH|1JD|1|3|P|P|P|P|P|P|P|P|P|D|P|P|P|0|0
1JI|1JD|1|3|P|P|P|P|P|P|P|P|P|D|P|P|P|0|0
1JJ|1JD|1|3|P|P|P|P|P|P|P|P|P|D|P|P|P|0|0
1JK|1JD|1|1|P|P|P|P|P|P|P|P|P|D|P|P|P|0|0
1JL|1JD|1|1|P|P|P|P|P|P|P|P|P|D|P|P|P|0|0
1JM|1JD|1|1|P|P|P|P|P|P|P|P|P|D|P|P|P|0|0
1JN|1JD|1|3|P|P|P|P|P|P|P|P|P|D|P|P|P|0|0
1JO|1JD|1|3|P|P|P|P|P|P|P|P|P|D|P|P|P|0|0
1JP|1JD|1|3|P|P|P|P|P|P|P|P|P|D|P|P|P|0|0
1JQ|1JD|1|3|P|P|P|P|P|P|P|P|P|D|P|P|P|0|0
1JR|1JD|1|1|P|P|P|P|P|P|P|P|P|D|P|P|P|0|0
1JS|1JD|1|1|P|P|P|P|P|P|P|P|P|D|P|P|P|0|0
1JT|1JD|1|3|P|P|P|P|P|P|P|P|P|D|P|P|P|0|0
1JU|1JD|1|1|P|P|P|P|P|P|P|P|P|D|P|P|P|0|0
1JV|1JD|1|3|P|P|P|P|P|P|P|P|P|D|P|P|P|0|0
1JW|1JD|1|1|P|P|P|P|P|P|P|P|P|D|P|P|P|0|0
1JX|1JD|1|1|P|P|P|P|P|P|P|P|P|D|P|P|P|0|0
1JY|1JD|1|1|P|P|P|P|P|P|P|P|P|D|P|P|P|0|0
1JZ|1JD|1|1|P|P|P|P|P|P|P|P|P|D|P|P|P|0|0
1K0|1JD|1|1|P|P|P|P|P|P|P|P|P|D|P|P|P|0|0
1K1|1JD|1|1|P|P|P|P|P|P|P|P|P|D|P|P|P|0|0
1K2|1JD|1|1|P|P|P|P|P|P|P|P|P|D|P|P|P|0|0
1K4|1K3|1|3|P|P|P|P|P|P|P|P|P|D|P|P|P|0|0
1K5|1K4|1|3|P|P|P|P|P|P|P|P|P|D|P|P|P|0|0
1K6|1K4|1|3|P|P|P|P|P|P|P|P|P|D|P|P|P|0|0
1K7|1K4|1|3|P|P|P|P|P|P|P|P|P|D|P|P|P|0|0
1K8|1K4|1|3|P|P|P|P|P|P|P|P|P|D|P|P|P|0|0
1K9|1K4|1|3|P|P|P|P|P|P|P|P|P|D|P|P|P|0|0
1KA|1K4|1|3|P|P|P|P|P|P|P|P|P|D|P|P|P|0|0
1KB|1K4|1|1|P|P|P|P|P|P|P|P|P|D|P|P|P|0|0
1KC|1K3|1|3|P|P|P|P|P|P|P|P|P|D|P|P|P|0|0
1KD|1KC|1|3|P|P|P|P|P|P|P|P|P|D|P|P|P|0|0
1KE|1KC|1|3|P|P|P|P|P|P|P|P|P|D|P|P|P|0|0
1KF|1KC|1|3|P|P|P|P|P|P|P|P|P|D|P|P|P|0|0
1KG|1KC|1|3|P|P|P|P|P|P|P|P|P|D|P|P|P|0|0
1KH|1KC|1|3|P|P|P|P|P|P|P|P|P|D|P|P|P|0|0
1KI|1K3|1|3|P|P|P|P|P|P|P|P|P|D|P|P|P|0|0
1KJ|1KI|1|1|P|P|P|P|P|P|P|P|P|D|P|P|P|0|0
1KK|1KI|1|1|P|P|P|P|P|P|P|P|P|D|P|P|P|0|0
1KL|1KI|1|3|P|P|P|P|P|P|P|P|P|D|P|P|P|0|0
1KM|1KI|1|3|P|P|P|P|P|P|P|P|P|D|P|P|P|0|0
1KN|1KI|1|1|P|P|P|P|P|P|P|P|P|D|P|P|P|0|0
1KO|1KI|1|1|P|P|P|P|P|P|P|P|P|D|P|P|P|0|0
1KP|1KI|1|1|P|P|P|P|P|P|P|P|P|D|P|P|P|0|0
1KQ|1KI|1|1|P|P|P|P|P|P|P|P|P|D|P|P|P|0|0
1KR|1KI|1|1|P|P|P|P|P|P|P|P|P|D|P|P|P|0|0
1KS|1KI|1|1|P|P|P|P|P|P|P|P|P|D|P|P|P|0|0
1KT|1KI|1|1|P|P|P|P|P|P|P|P|P|D|P|P|P|0|0
1KU|1KI|1|1|P|P|P|P|P|P|P|P|P|D|P|P|P|0|0
1KV|1KI|1|3|P|P|P|P|P|P|P|P|P|D|P|P|P|0|0
1KW|1KI|1|1|P|P|P|P|P|P|P|P|P|D|P|P|P|0|0
1KX|1KI|1|1|P|P|P|P|P|P|P|P|P|D|P|P|P|0|0
1KY|1KI|1|1|P|P|P|P|P|P|P|P|P|D|P|P|P|0|0
1KZ|1KI|1|3|P|P|P|P|P|P|P|P|P|D|P|P|P|0|0
1L0|1KI|1|3|P|P|P|P|P|P|P|P|P|D|P|P|P|0|0
1L1|1KI|1|1|P|P|P|P|P|P|P|P|P|D|P|P|P|0|0
1L2|1KI|1|1|P|P|P|P|P|P|P|P|P|D|P|P|P|0|0
1L3|1KI|1|3|P|P|P|P|P|P|P|P|P|D|P|P|P|0|0
1L4|1KI|1|3|P|P|P|P|P|P|P|P|P|D|P|P|P|0|0
1L5|1KI|1|1|P|P|P|P|P|P|P|P|P|D|P|P|P|0|0
1L6|1KI|1|1|P|P|P|P|P|P|P|P|P|D|P|P|P|0|0
1L7|1KI|1|3|P|P|P|P|P|P|P|P|P|D|P|P|P|0|0
1L8|1KI|1|3|P|P|P|P|P|P|P|P|P|D|P|P|P|0|0
1L9|1KI|1|1|P|P|P|P|P|P|P|P|P|D|P|P|P|0|0
1LA|1KI|1|3|P|P|P|P|P|P|P|P|P|D|P|P|P|0|0
1LB|1KI|1|3|P|P|P|P|P|P|P|P|P|D|P|P|P|0|0
1LC|1KI|1|3|P|P|P|P|P|P|P|P|P|D|P|P|P|0|0
1LD|1KI|1|1|P|P|P|P|P|P|P|P|P|D|P|P|P|0|0
1LF|1LE|1|3|P|P|P|P|P|P|P|P|P|D|P|P|P|0|0
1LG|1LF|1|3|P|P|P|P|P|P|P|P|P|D|P|P|P|0|0
1LH|1LF|1|3|P|P|P|P|P|P|P|P|P|D|P|P|P|0|0
1LI|1LF|1|1|P|P|P|P|P|P|P|P|P|D|P|P|P|0|0
1LJ|1LF|1|3|P|P|P|P|P|P|P|P|P|D|P|P|P|0|0
1LK|1LF|1|3|P|P|P|P|P|P|P|P|P|D|P|P|P|0|0
1LL|1LF|1|3|P|P|P|P|P|P|P|P|P|D|P|P|P|0|0
1LM|1LL|1|3|P|P|P|P|P|P|P|P|P|D|P|P|P|0|0
1LN|1LL|1|1|P|P|P|P|P|P|P|P|P|D|P|P|P|0|0
1LO|1LL|1|3|P|P|P|P|P|P|P|P|P|D|P|P|P|0|0
1LP|1LL|1|1|P|P|P|P|P|P|P|P|P|D|P|P|P|0|0
1LQ|1LE|1|3|P|P|P|P|P|P|P|P|P|D|P|P|P|0|0
1LR|1LQ|1|1|P|P|P|P|P|P|P|P|P|D|P|P|P|0|0
1LS|1LQ|1|1|P|P|P|P|P|P|P|P|P|D|P|P|P|0|0
1LT|1LQ|1|1|P|P|P|P|P|P|P|P|P|D|P|P|P|0|0
1LU|1LQ|1|1|P|P|P|P|P|P|P|P|P|D|P|P|P|0|0
1LV|1LQ|1|1|P|P|P|P|P|P|P|P|P|D|P|P|P|0|0
1LW|1LQ|1|1|P|P|P|P|P|P|P|P|P|D|P|P|P|0|0
1LX|1LQ|1|1|P|P|P|P|P|P|P|P|P|D|P|P|P|0|0
1LY|1LQ|1|1|P|P|P|P|P|P|P|P|P|D|P|P|P|0|0
1LZ|1LQ|1|1|P|P|P|P|P|P|P|P|P|D|P|P|P|0|0
1M0|1LQ|1|1|P|P|P|P|P|P|P|P|P|D|P|P|P|0|0
1M1|1LQ|1|1|P|P|P|P|P|P|P|P|P|D|P|P|P|0|0
1M3|1M2|1|3|P|P|P|P|P|P|P|P|P|D|P|P|P|0|0
1M4|1M3|1|3|P|P|P|P|P|P|P|P|P|D|P|P|P|0|0
1M5|1M3|1|1|P|P|P|P|P|P|P|P|P|D|P|P|P|0|0
1M6|1M3|1|1|P|P|P|P|P|P|P|P|P|D|P|P|P|0|0
1M7|1M3|1|1|P|P|P|P|P|P|P|P|P|D|P|P|P|0|0
1M8|1M3|1|1|P|P|P|P|P|P|P|P|P|D|P|P|P|0|0
1M9|1M3|1|1|P|P|P|P|P|P|P|P|P|D|P|P|P|0|0
1MA|1M3|1|3|P|P|P|P|P|P|P|P|P|D|P|P|P|0|0
1MB|1M3|1|1|P|P|P|P|P|P|P|P|P|D|P|P|P|0|0
1MC|1M3|1|1|P|P|P|P|P|P|P|P|P|D|P|P|P|0|0
1MD|1M3|1|1|P|P|P|P|P|P|P|P|P|D|P|P|P|0|0
1ME|1M3|1|1|P|P|P|P|P|P|P|P|P|D|P|P|P|0|0
1MF|1M3|1|3|P|P|P|P|P|P|P|P|P|D|P|P|P|0|0
1MG|1M3|1|1|P|P|P|P|P|P|P|P|P|D|P|P|P|0|0
1MH|1M3|1|1|P|P|P|P|P|P|P|P|P|D|P|P|P|0|0
1MI|1M3|1|3|P|P|P|P|P|P|P|P|P|D|P|P|P|0|0
1MJ|1M3|1|1|P|P|P|P|P|P|P|P|P|D|P|P|P|0|0
1MK|1M3|1|3|P|P|P|P|P|P|P|P|P|D|P|P|P|0|0
1ML|1M3|1|3|P|P|P|P|P|P|P|P|P|D|P|P|P|0|0
1MM|1M3|1|3|P|P|P|P|P|P|P|P|P|D|P|P|P|0|0
1MN|1M2|1|3|P|P|P|P|P|P|P|P|P|D|P|P|P|0|0
1MO|1MN|1|1|P|P|P|P|P|P|P|P|P|D|P|P|P|0|0
1MP|1MN|1|1|P|P|P|P|P|P|P|P|P|D|P|P|P|0|0
1MQ|1MN|1|1|P|P|P|P|P|P|P|P|P|D|P|P|P|0|0
1MR|1MN|1|1|P|P|P|P|P|P|P|P|P|D|P|P|P|0|0
1MS|1MN|1|1|P|P|P|P|P|P|P|P|P|D|P|P|P|0|0
1MT|1MN|1|1|P|P|P|P|P|P|P|P|P|D|P|P|P|0|0
1MU|1MN|1|1|P|P|P|P|P|P|P|P|P|D|P|P|P|0|0
1MV|1MN|1|1|P|P|P|P|P|P|P|P|P|D|P|P|P|0|0
1MX|1MW|1|3|P|P|P|P|P|P|P|P|P|D|P|P|P|0|0
1MY|1MX|1|3|P|P|P|P|P|P|P|P|P|D|P|P|P|0|0
1MZ|1MX|1|1|P|P|P|P|P|P|P|P|P|D|P|P|P|0|0
1N0|1MX|1|1|P|P|P|P|P|P|P|P|P|D|P|P|P|0|0
1N1|1MX|1|1|P|P|P|P|P|P|P|P|P|D|P|P|P|0|0
1N2|1MX|1|1|P|P|P|P|P|P|P|P|P|D|P|P|P|0|0
1N3|1MX|1|1|P|P|P|P|P|P|P|P|P|D|P|P|P|0|0
1N4|1MX|1|3|P|P|P|P|P|P|P|P|P|D|P|P|P|0|0
1N5|1MX|1|1|P|P|P|P|P|P|P|P|P|D|P|P|P|0|0
1N6|1MX|1|1|P|P|P|P|P|P|P|P|P|D|P|P|P|0|0
1N7|1MX|1|3|P|P|P|P|P|P|P|P|P|D|P|P|P|0|0
1N8|1MX|1|1|P|P|P|P|P|P|P|P|P|D|P|P|P|0|0
1N9|1MX|1|1|P|P|P|P|P|P|P|P|P|D|P|P|P|0|0
1NA|1MX|1|3|P|P|P|P|P|P|P|P|P|D|P|P|P|0|0
1NB|1MX|1|3|P|P|P|P|P|P|P|P|P|D|P|P|P|0|0
1NC|1MX|1|3|P|P|P|P|P|P|P|P|P|D|P|P|P|0|0
1ND|1MX|1|1|P|P|P|P|P|P|P|P|P|D|P|P|P|0|0
1NE|1MX|1|3|P|P|P|P|P|P|P|P|P|D|P|P|P|0|0
1NF|1MW|1|3|P|P|P|P|P|P|P|P|P|D|P|P|P|0|0
1NG|1NF|1|1|P|P|P|P|P|P|P|P|P|D|P|P|P|0|0
1NH|1NF|1|1|P|P|P|P|P|P|P|P|P|D|P|P|P|0|0
1NI|1NF|1|3|P|P|P|P|P|P|P|P|P|D|P|P|P|0|0
1NJ|1NF|1|1|P|P|P|P|P|P|P|P|P|D|P|P|P|0|0
1NK|1NF|1|1|P|P|P|P|P|P|P|P|P|D|P|P|P|0|0
1NL|1NF|1|1|P|P|P|P|P|P|P|P|P|D|P|P|P|0|0
1NM|1NF|1|1|P|P|P|P|P|P|P|P|P|D|P|P|P|0|0
1NN|1NF|1|1|P|P|P|P|P|P|P|P|P|D|P|P|P|0|0
1NO|1NF|1|1|P|P|P|P|P|P|P|P|P|D|P|P|P|0|0
1NP|1NF|1|1|P|P|P|P|P|P|P|P|P|D|P|P|P|0|0
1NQ|1NF|1|3|P|P|P|P|P|P|P|P|P|D|P|P|P|0|0
1NR|1NF|1|1|P|P|P|P|P|P|P|P|P|D|P|P|P|0|0
1NS|1NF|1|1|P|P|P|P|P|P|P|P|P|D|P|P|P|0|0
1NU|1NT|1|3|P|P|P|P|P|P|P|P|P|D|P|P|P|0|0
1NV|1NU|1|3|P|P|P|P|P|P|P|P|P|D|P|P|P|0|0
1NW|1NU|1|1|P|P|P|P|P|P|P|P|P|D|P|P|P|0|0
1NX|1NU|1|3|P|P|P|P|P|P|P|P|P|D|P|P|P|0|0
1NY|1NU|1|3|P|P|P|P|P|P|P|P|P|D|P|P|P|0|0
1NZ|1NU|1|3|P|P|P|P|P|P|P|P|P|D|P|P|P|0|0
1O0|1NU|1|3|P|P|P|P|P|P|P|P|P|D|P|P|P|0|0
1O1|1NU|1|3|P|P|P|P|P|P|P|P|P|D|P|P|P|0|0
1O2|1NT|1|3|P|P|P|P|P|P|P|P|P|D|P|P|P|0|0
1O3|1O2|1|1|P|P|P|P|P|P|P|P|P|D|P|P|P|0|0
1O4|1O2|1|1|P|P|P|P|P|P|P|P|P|D|P|P|P|0|0
1O5|1O2|1|1|P|P|P|P|P|P|P|P|P|D|P|P|P|0|0
1O6|1O2|1|1|P|P|P|P|P|P|P|P|P|D|P|P|P|0|0
1O7|1O2|1|1|P|P|P|P|P|P|P|P|P|D|P|P|P|0|0
1O8|1O2|1|1|P|P|P|P|P|P|P|P|P|D|P|P|P|0|0
1O9|1O2|1|1|P|P|P|P|P|P|P|P|P|D|P|P|P|0|0
1OA|1O2|1|3|P|P|P|P|P|P|P|P|P|D|P|P|P|0|0
1OB|1O2|1|1|P|P|P|P|P|P|P|P|P|D|P|P|P|0|0
1OC|1O2|1|1|P|P|P|P|P|P|P|P|P|D|P|P|P|0|0
1OD|1O2|1|1|P|P|P|P|P|P|P|P|P|D|P|P|P|0|0
1OE|1O2|1|1|P|P|P|P|P|P|P|P|P|D|P|P|P|0|0
1OF|1O2|1|1|P|P|P|P|P|P|P|P|P|D|P|P|P|0|0
1OG|1O2|1|1|P|P|P|P|P|P|P|P|P|D|P|P|P|0|0
1OH|1O2|1|1|P|P|P|P|P|P|P|P|P|D|P|P|P|0|0
1OI|1O2|1|1|P|P|P|P|P|P|P|P|P|D|P|P|P|0|0
1OJ|1O2|1|1|P|P|P|P|P|P|P|P|P|D|P|P|P|0|0
1OL|1OK|1|3|P|P|P|P|P|P|P|P|P|D|P|P|P|0|0
1OM|1OL|1|3|P|P|P|P|P|P|P|P|P|D|P|P|P|0|0
1ON|1OL|1|1|P|P|P|P|P|P|P|P|P|D|P|P|P|0|0
1OO|1OL|1|3|P|P|P|P|P|P|P|P|P|D|P|P|P|0|0
1OP|1OL|1|1|P|P|P|P|P|P|P|P|P|D|P|P|P|0|0
1OQ|1OL|1|3|P|P|P|P|P|P|P|P|P|D|P|P|P|0|0
1OR|1OL|1|3|P|P|P|P|P|P|P|P|P|D|P|P|P|0|0
1OS|1OL|1|3|P|P|P|P|P|P|P|P|P|D|P|P|P|0|0
1OT|1OL|1|3|P|P|P|P|P|P|P|P|P|D|P|P|P|0|0
1OU|1OL|1|3|P|P|P|P|P|P|P|P|P|D|P|P|P|0|0
1OV|1OL|1|3|P|P|P|P|P|P|P|P|P|D|P|P|P|0|0
1OW|1OL|1|1|P|P|P|P|P|P|P|P|P|D|P|P|P|0|0
1OX|1OL|1|1|P|P|P|P|P|P|P|P|P|D|P|P|P|0|0
1OY|1OL|1|3|P|P|P|P|P|P|P|P|P|D|P|P|P|0|0
1OZ|1OK|1|3|P|P|P|P|P|P|P|P|P|D|P|P|P|0|0
1P0|1OZ|1|1|P|P|P|P|P|P|P|P|P|D|P|P|P|0|0
1P1|1OZ|1|1|P|P|P|P|P|P|P|P|P|D|P|P|P|0|0
1P2|1OZ|1|1|P|P|P|P|P|P|P|P|P|D|P|P|P|0|0
1P3|1OZ|1|1|P|P|P|P|P|P|P|P|P|D|P|P|P|0|0
1P4|1OZ|1|1|P|P|P|P|P|P|P|P|P|D|P|P|P|0|0
1P5|1OZ|1|1|P|P|P|P|P|P|P|P|P|D|P|P|P|0|0
1P6|1OZ|1|1|P|P|P|P|P|P|P|P|P|D|P|P|P|0|0
1P7|1OZ|1|1|P|P|P|P|P|P|P|P|P|D|P|P|P|0|0
1P8|1OZ|1|1|P|P|P|P|P|P|P|P|P|D|P|P|P|0|0
1P9|1OZ|1|1|P|P|P|P|P|P|P|P|P|D|P|P|P|0|0
1PA|1OZ|1|1|P|P|P|P|P|P|P|P|P|D|P|P|P|0|0
1PC|1PB|1|3|P|P|P|P|P|P|P|P|P|D|P|P|P|0|0
1PD|1PC|1|1|P|P|P|P|P|P|P|P|P|D|P|P|P|0|0
1PE|1PC|1|1|P|P|P|P|P|P|P|P|P|D|P|P|P|0|0
1PF|1PC|1|3|P|P|P|P|P|P|P|P|P|D|P|P|P|0|0
1PG|1PC|1|3|P|P|P|P|P|P|P|P|P|D|P|P|P|0|0
1PH|1PC|1|1|P|P|P|P|P|P|P|P|P|D|P|P|P|0|0
1PI|1PC|1|3|P|P|P|P|P|P|P|P|P|D|P|P|P|0|0
1PJ|1PC|1|3|P|P|P|P|P|P|P|P|P|D|P|P|P|0|0
1PK|1PC|1|3|P|P|P|P|P|P|P|P|P|D|P|P|P|0|0
1PL|1PC|1|3|P|P|P|P|P|P|P|P|P|D|P|P|P|0|0
1PM|1PC|1|3|P|P|P|P|P|P|P|P|P|D|P|P|P|0|0
1PN|1PC|1|1|P|P|P|P|P|P|P|P|P|D|P|P|P|0|0
1PO|1PB|1|3|P|P|P|P|P|P|P|P|P|D|P|P|P|0|0
1PP|1PO|1|1|P|P|P|P|P|P|P|P|P|D|P|P|P|0|0
1PQ|1PO|1|1|P|P|P|P|P|P|P|P|P|D|P|P|P|0|0
1PR|1PO|1|1|P|P|P|P|P|P|P|P|P|D|P|P|P|0|0
1PS|1PO|1|1|P|P|P|P|P|P|P|P|P|D|P|P|P|0|0
1PT|1PO|1|1|P|P|P|P|P|P|P|P|P|D|P|P|P|0|0
1PU|1PO|1|1|P|P|P|P|P|P|P|P|P|D|P|P|P|0|0
1PV|1PO|1|1|P|P|P|P|P|P|P|P|P|D|P|P|P|0|0
1PW|1PO|1|1|P|P|P|P|P|P|P|P|P|D|P|P|P|0|0
1PX|1PO|1|1|P|P|P|P|P|P|P|P|P|D|P|P|P|0|0
1PY|1PO|1|1|P|P|P|P|P|P|P|P|P|D|P|P|P|0|0
1Q0|1PZ|1|3|P|P|P|P|P|P|P|P|P|D|P|P|P|0|0
1Q1|1Q0|1|3|P|P|P|P|P|P|P|P|P|D|P|P|P|0|0
1Q2|1Q0|1|1|P|P|P|P|P|P|P|P|P|D|P|P|P|0|0
1Q3|1Q0|1|1|P|P|P|P|P|P|P|P|P|D|P|P|P|0|0
1Q4|1Q0|1|1|P|P|P|P|P|P|P|P|P|D|P|P|P|0|0
1Q5|1Q0|1|1|P|P|P|P|P|P|P|P|P|D|P|P|P|0|0
1Q6|1Q0|1|1|P|P|P|P|P|P|P|P|P|D|P|P|P|0|0
1Q7|1Q0|1|1|P|P|P|P|P|P|P|P|P|D|P|P|P|0|0
1Q8|1Q0|1|1|P|P|P|P|P|P|P|P|P|D|P|P|P|0|0
1Q9|1Q0|1|1|P|P|P|P|P|P|P|P|P|D|P|P|P|0|0
1QA|1Q0|1|3|P|P|P|P|P|P|P|P|P|D|P|P|P|0|0
1QB|1Q0|1|3|P|P|P|P|P|P|P|P|P|D|P|P|P|0|0
1QC|1Q0|1|3|P|P|P|P|P|P|P|P|P|D|P|P|P|0|0
1QD|1Q0|1|1|P|P|P|P|P|P|P|P|P|D|P|P|P|0|0
1QE|1PZ|1|3|P|P|P|P|P|P|P|P|P|D|P|P|P|0|0
1QF|1QE|1|1|P|P|P|P|P|P|P|P|P|D|P|P|P|0|0
1QG|1QE|1|1|P|P|P|P|P|P|P|P|P|D|P|P|P|0|0
1QH|1QE|1|3|P|P|P|P|P|P|P|P|P|D|P|P|P|0|0
1QI|1QE|1|1|P|P|P|P|P|P|P|P|P|D|P|P|P|0|0
1QJ|1QE|1|1|P|P|P|P|P|P|P|P|P|D|P|P|P|0|0
1QK|1QE|1|1|P|P|P|P|P|P|P|P|P|D|P|P|P|0|0
1QL|1QE|1|3|P|P|P|P|P|P|P|P|P|D|P|P|P|0|0
1QM|1QE|1|1|P|P|P|P|P|P|P|P|P|D|P|P|P|0|0
1QN|1QE|1|1|P|P|P|P|P|P|P|P|P|D|P|P|P|0|0
1QO|1QE|1|1|P|P|P|P|P|P|P|P|P|D|P|P|P|0|0
1QP|1QE|1|1|P|P|P|P|P|P|P|P|P|D|P|P|P|0|0
1QQ|1QE|1|3|P|P|P|P|P|P|P|P|P|D|P|P|P|0|0
1QR|1QE|1|3|P|P|P|P|P|P|P|P|P|D|P|P|P|0|0
1QT|1QS|1|3|P|P|P|P|P|P|P|P|P|D|P|P|P|0|0
1QU|1QT|1|3|P|P|P|P|P|P|P|P|P|D|P|P|P|0|0
1QV|1QT|1|1|P|P|P|P|P|P|P|P|P|D|P|P|P|0|0
1QW|1QT|1|1|P|P|P|P|P|P|P|P|P|D|P|P|P|0|0
1QX|1QT|1|1|P|P|P|P|P|P|P|P|P|D|P|P|P|0|0
1QY|1QT|1|3|P|P|P|P|P|P|P|P|P|D|P|P|P|0|0
1QZ|1QT|1|1|P|P|P|P|P|P|P|P|P|D|P|P|P|0|0
1R0|1QT|1|1|P|P|P|P|P|P|P|P|P|D|P|P|P|0|0
1R1|1QT|1|1|P|P|P|P|P|P|P|P|P|D|P|P|P|0|0
1R2|1QT|1|1|P|P|P|P|P|P|P|P|P|D|P|P|P|0|0
1R3|1QT|1|1|P|P|P|P|P|P|P|P|P|D|P|P|P|0|0
1R4|1QT|1|3|P|P|P|P|P|P|P|P|P|D|P|P|P|0|0
1R5|1QT|1|3|P|P|P|P|P|P|P|P|P|D|P|P|P|0|0
1R6|1QT|1|3|P|P|P|P|P|P|P|P|P|D|P|P|P|0|0
1R7|1QS|1|3|P|P|P|P|P|P|P|P|P|D|P|P|P|0|0
1R8|1R7|1|1|P|P|P|P|P|P|P|P|P|D|P|P|P|0|0
1R9|1R7|1|1|P|P|P|P|P|P|P|P|P|D|P|P|P|0|0
1RA|1R7|1|3|P|P|P|P|P|P|P|P|P|D|P|P|P|0|0
1RB|1R7|1|1|P|P|P|P|P|P|P|P|P|D|P|P|P|0|0
1RC|1R7|1|1|P|P|P|P|P|P|P|P|P|D|P|P|P|0|0
1RD|1R7|1|1|P|P|P|P|P|P|P|P|P|D|P|P|P|0|0
1RE|1R7|1|1|P|P|P|P|P|P|P|P|P|D|P|P|P|0|0
1RF|1R7|1|1|P|P|P|P|P|P|P|P|P|D|P|P|P|0|0
1RG|1R7|1|3|P|P|P|P|P|P|P|P|P|D|P|P|P|0|0
1RH|1R7|1|1|P|P|P|P|P|P|P|P|P|D|P|P|P|0|0
1RI|1R7|1|1|P|P|P|P|P|P|P|P|P|D|P|P|P|0|0
1RJ|1R7|1|1|P|P|P|P|P|P|P|P|P|D|P|P|P|0|0
1RK|1R7|1|3|P|P|P|P|P|P|P|P|P|D|P|P|P|0|0
1RL|1R7|1|3|P|P|P|P|P|P|P|P|P|D|P|P|P|0|0
1RM|1R7|1|3|P|P|P|P|P|P|P|P|P|D|P|P|P|0|0
1RN|1R7|1|1|P|P|P|P|P|P|P|P|P|D|P|P|P|0|0
1RV|1RU|1|3|P|P|P|P|P|P|P|P|P|D|P|P|P|0|0
1RW|1RV|1|3|P|P|P|P|P|P|P|P|P|D|P|P|P|0|0
1RX|1RV|1|1|P|P|P|P|P|P|P|P|P|D|P|P|P|0|0
1RY|1RV|1|1|P|P|P|P|P|P|P|P|P|D|P|P|P|0|0
1RZ|1RV|1|3|P|P|P|P|P|P|P|P|P|D|P|P|P|0|0
1S0|1RV|1|3|P|P|P|P|P|P|P|P|P|D|P|P|P|0|0
1S1|1RV|1|1|P|P|P|P|P|P|P|P|P|D|P|P|P|0|0
1S2|1RU|1|3|P|P|P|P|P|P|P|P|P|D|P|P|P|0|0
1S3|1S2|1|3|P|P|P|P|P|P|P|P|P|D|P|P|P|0|0
1S4|1S2|1|1|P|P|P|P|P|P|P|P|P|D|P|P|P|0|0
1S5|1S2|1|3|P|P|P|P|P|P|P|P|P|D|P|P|P|0|0
1S6|1S2|1|1|P|P|P|P|P|P|P|P|P|D|P|P|P|0|0
1S7|1S2|1|3|P|P|P|P|P|P|P|P|P|D|P|P|P|0|0
1S8|1S2|1|1|P|P|P|P|P|P|P|P|P|D|P|P|P|0|0
1S9|1S2|1|3|P|P|P|P|P|P|P|P|P|D|P|P|P|0|0
1SA|1S2|1|1|P|P|P|P|P|P|P|P|P|D|P|P|P|0|0
1SB|1S2|1|3|P|P|P|P|P|P|P|P|P|D|P|P|P|0|0
1SC|1S2|1|1|P|P|P|P|P|P|P|P|P|D|P|P|P|0|0
1SD|1RU|1|1|P|P|P|P|P|P|P|P|P|D|P|P|P|0|0
1SE|1SD|1|2|P|P|P|P|P|P|P|P|P|D|P|P|P|0|0
1SF|1SD|1|2|P|P|P|P|P|P|P|P|P|D|P|P|P|0|0
1SG|1SD|1|2|P|P|P|P|P|P|P|P|P|D|P|P|P|0|0
1SH|1SD|1|2|P|P|P|P|P|P|P|P|P|D|P|P|P|0|0
1SI|1SD|1|2|P|P|P|P|P|P|P|P|P|D|P|P|P|0|0
1SJ|1SD|1|2|P|P|P|P|P|P|P|P|P|D|P|P|P|0|0
1SK|1SD|1|2|P|P|P|P|P|P|P|P|P|D|P|P|P|0|0
1SM|1SL|1|3|P|P|P|P|P|P|P|P|P|D|P|P|P|0|0
1SN|1SM|1|3|P|P|P|P|P|P|P|P|P|D|P|P|P|0|0
1SO|1SM|1|1|P|P|P|P|P|P|P|P|P|D|P|P|P|0|0
1SP|1SM|1|1|P|P|P|P|P|P|P|P|P|D|P|P|P|0|0
1SQ|1SL|1|3|P|P|P|P|P|P|P|P|P|D|P|P|P|0|0
1SR|1SQ|1|3|P|P|P|P|P|P|P|P|P|D|P|P|P|0|0
1SS|1SQ|1|3|P|P|P|P|P|P|P|P|P|D|P|P|P|0|0
1ST|1SQ|1|3|P|P|P|P|P|P|P|P|P|D|P|P|P|0|0
1SU|1SQ|1|3|P|P|P|P|P|P|P|P|P|D|P|P|P|0|0
1SV|1SQ|1|1|P|P|P|P|P|P|P|P|P|D|P|P|P|0|0
1SW|1SQ|1|1|P|P|P|P|P|P|P|P|P|D|P|P|P|0|0
1SX|1SQ|1|3|P|P|P|P|P|P|P|P|P|D|P|P|P|0|0
1SY|1SQ|1|1|P|P|P|P|P|P|P|P|P|D|P|P|P|0|0
1SZ|1SQ|1|3|P|P|P|P|P|P|P|P|P|D|P|P|P|0|0
1T0|1SQ|1|3|P|P|P|P|P|P|P|P|P|D|P|P|P|0|0
1T1|1SQ|1|1|P|P|P|P|P|P|P|P|P|D|P|P|P|0|0
1T2|1SQ|1|1|P|P|P|P|P|P|P|P|P|D|P|P|P|0|0
1T3|1SL|1|3|P|P|P|P|P|P|P|P|P|D|P|P|P|0|0
1T5|1T4|1|3|P|P|P|P|P|P|P|P|P|D|P|P|P|0|0
1T6|1T5|1|1|P|P|P|P|P|P|P|P|P|D|P|P|P|0|0
1T7|1T5|1|1|P|P|P|P|P|P|P|P|P|D|P|P|P|0|0
1T8|1T5|1|1|P|P|P|P|P|P|P|P|P|D|P|P|P|0|0
1T9|1T5|1|1|P|P|P|P|P|P|P|P|P|D|P|P|P|0|0
1TA|1T5|1|3|P|P|P|P|P|P|P|P|P|D|P|P|P|0|0
1TB|1T5|1|3|P|P|P|P|P|P|P|P|P|D|P|P|P|0|0
1TC|1T5|1|3|P|P|P|P|P|P|P|P|P|D|P|P|P|0|0
1TD|1T4|1|3|P|P|P|P|P|P|P|P|P|D|P|P|P|0|0
1TE|1TD|1|3|P|P|P|P|P|P|P|P|P|D|P|P|P|0|0
1TF|1TD|1|1|P|P|P|P|P|P|P|P|P|D|P|P|P|0|0
1TG|1TD|1|3|P|P|P|P|P|P|P|P|P|D|P|P|P|0|0
1TH|1TD|1|1|P|P|P|P|P|P|P|P|P|D|P|P|P|0|0
1TI|1TD|1|3|P|P|P|P|P|P|P|P|P|D|P|P|P|0|0
1TJ|1TD|1|3|P|P|P|P|P|P|P|P|P|D|P|P|P|0|0
1TK|1TD|1|1|P|P|P|P|P|P|P|P|P|D|P|P|P|0|0
1TL|1TD|1|1|P|P|P|P|P|P|P|P|P|D|P|P|P|0|0
1TM|1TD|1|3|P|P|P|P|P|P|P|P|P|D|P|P|P|0|0
1TN|1TD|1|3|P|P|P|P|P|P|P|P|P|D|P|P|P|0|0
1TO|1TD|1|3|P|P|P|P|P|P|P|P|P|D|P|P|P|0|0
1TP|1TD|1|3|P|P|P|P|P|P|P|P|P|D|P|P|P|0|0
1TQ|1TD|1|3|P|P|P|P|P|P|P|P|P|D|P|P|P|0|0
1TR|1TD|1|1|P|P|P|P|P|P|P|P|P|D|P|P|P|0|0
1TS|1TD|1|3|P|P|P|P|P|P|P|P|P|D|P|P|P|0|0
1TT|1TD|1|3|P|P|P|P|P|P|P|P|P|D|P|P|P|0|0
1TU|1TD|1|3|P|P|P|P|P|P|P|P|P|D|P|P|P|0|0
1TV|1TD|1|3|P|P|P|P|P|P|P|P|P|D|P|P|P|0|0
1TW|1TD|1|3|P|P|P|P|P|P|P|P|P|D|P|P|P|0|0
1TX|1TD|1|3|P|P|P|P|P|P|P|P|P|D|P|P|P|0|0
1TY|1TD|1|3|P|P|P|P|P|P|P|P|P|D|P|P|P|0|0
1TZ|1T4|1|1|P|P|P|P|P|P|P|P|P|D|P|P|P|0|0
1U0|1TZ|1|2|P|P|P|P|P|P|P|P|P|D|P|P|P|0|0
1U1|1TZ|1|2|P|P|P|P|P|P|P|P|P|D|P|P|P|0|0
1U3|1U2|1|3|P|P|P|P|P|P|P|P|P|D|P|P|P|0|0
1U4|1U3|1|3|P|P|P|P|P|P|P|P|P|D|P|P|P|0|0
1U5|1U3|1|1|P|P|P|P|P|P|P|P|P|D|P|P|P|0|0
1U6|1U3|1|1|P|P|P|P|P|P|P|P|P|D|P|P|P|0|0
1U7|1U3|1|3|P|P|P|P|P|P|P|P|P|D|P|P|P|0|0
1U8|1U3|1|3|P|P|P|P|P|P|P|P|P|D|P|P|P|0|0
1U9|1U3|1|1|P|P|P|P|P|P|P|P|P|D|P|P|P|0|0
1UA|1U3|1|1|P|P|P|P|P|P|P|P|P|D|P|P|P|0|0
1UB|1U2|1|3|P|P|P|P|P|P|P|P|P|D|P|P|P|0|0
1UC|1UB|1|3|P|P|P|P|P|P|P|P|P|D|P|P|P|0|0
1UD|1UB|1|1|P|P|P|P|P|P|P|P|P|D|P|P|P|0|0
1UE|1UB|1|3|P|P|P|P|P|P|P|P|P|D|P|P|P|0|0
1UF|1UB|1|3|P|P|P|P|P|P|P|P|P|D|P|P|P|0|0
1UG|1UB|1|1|P|P|P|P|P|P|P|P|P|D|P|P|P|0|0
1UH|1UB|1|3|P|P|P|P|P|P|P|P|P|D|P|P|P|0|0
1UI|1UB|1|3|P|P|P|P|P|P|P|P|P|D|P|P|P|0|0
1UJ|1UB|1|3|P|P|P|P|P|P|P|P|P|D|P|P|P|0|0
1UK|1UB|1|1|P|P|P|P|P|P|P|P|P|D|P|P|P|0|0
1UL|1UB|1|1|P|P|P|P|P|P|P|P|P|D|P|P|P|0|0
1UM|1UB|1|1|P|P|P|P|P|P|P|P|P|D|P|P|P|0|0
1UN|1UB|1|1|P|P|P|P|P|P|P|P|P|D|P|P|P|0|0
1UO|1UB|1|3|P|P|P|P|P|P|P|P|P|D|P|P|P|0|0
1UP|1UB|1|3|P|P|P|P|P|P|P|P|P|D|P|P|P|0|0
1UQ|1UB|1|3|P|P|P|P|P|P|P|P|P|D|P|P|P|0|0
1UR|1UB|1|3|P|P|P|P|P|P|P|P|P|D|P|P|P|0|0
1US|1UB|1|3|P|P|P|P|P|P|P|P|P|D|P|P|P|0|0
1UT|1UB|1|1|P|P|P|P|P|P|P|P|P|D|P|P|P|0|0
1UU|1UB|1|1|P|P|P|P|P|P|P|P|P|D|P|P|P|0|0
1UV|1UB|1|3|P|P|P|P|P|P|P|P|P|D|P|P|P|0|0
1UW|1U2|1|1|P|P|P|P|P|P|P|P|P|D|P|P|P|0|0
1UX|1UW|1|2|P|P|P|P|P|P|P|P|P|D|P|P|P|0|0
1UY|1UW|1|2|P|P|P|P|P|P|P|P|P|D|P|P|P|0|0
1UZ|1UW|1|2|P|P|P|P|P|P|P|P|P|D|P|P|P|0|0
1V0|1UW|1|2|P|P|P|P|P|P|P|P|P|D|P|P|P|0|0
1V1|1UW|1|2|P|P|P|P|P|P|P|P|P|D|P|P|P|0|0
1V3|1V2|1|3|P|P|P|P|P|P|P|P|P|D|P|P|P|0|0
1V4|1V3|1|3|P|P|P|P|P|P|P|P|P|D|P|P|P|0|0
1V5|1V3|1|1|P|P|P|P|P|P|P|P|P|D|P|P|P|0|0
1V6|1V3|1|1|P|P|P|P|P|P|P|P|P|D|P|P|P|0|0
1V7|1V3|1|3|P|P|P|P|P|P|P|P|P|D|P|P|P|0|0
1V8|1V3|1|3|P|P|P|P|P|P|P|P|P|D|P|P|P|0|0
1V9|1V3|1|3|P|P|P|P|P|P|P|P|P|D|P|P|P|0|0
1VA|1V3|1|3|P|P|P|P|P|P|P|P|P|D|P|P|P|0|0
1VB|1V3|1|3|P|P|P|P|P|P|P|P|P|D|P|P|P|0|0
1VC|1V3|1|3|P|P|P|P|P|P|P|P|P|D|P|P|P|0|0
1VD|1V3|1|1|P|P|P|P|P|P|P|P|P|D|P|P|P|0|0
1VE|1V3|1|1|P|P|P|P|P|P|P|P|P|D|P|P|P|0|0
1VF|1V3|1|1|P|P|P|P|P|P|P|P|P|D|P|P|P|0|0
1VG|1V3|1|3|P|P|P|P|P|P|P|P|P|D|P|P|P|0|0
1VH|1V3|1|1|P|P|P|P|P|P|P|P|P|D|P|P|P|0|0
1VI|1V2|1|3|P|P|P|P|P|P|P|P|P|D|P|P|P|0|0
1VJ|1VI|1|3|P|P|P|P|P|P|P|P|P|D|P|P|P|0|0
1VK|1VI|1|1|P|P|P|P|P|P|P|P|P|D|P|P|P|0|0
1VL|1VI|1|3|P|P|P|P|P|P|P|P|P|D|P|P|P|0|0
1VM|1VI|1|1|P|P|P|P|P|P|P|P|P|D|P|P|P|0|0
1VN|1VI|1|3|P|P|P|P|P|P|P|P|P|D|P|P|P|0|0
1VO|1VI|1|3|P|P|P|P|P|P|P|P|P|D|P|P|P|0|0
1VP|1VI|1|1|P|P|P|P|P|P|P|P|P|D|P|P|P|0|0
1VQ|1VI|1|3|P|P|P|P|P|P|P|P|P|D|P|P|P|0|0
1VR|1VI|1|3|P|P|P|P|P|P|P|P|P|D|P|P|P|0|0
1VS|1VI|1|3|P|P|P|P|P|P|P|P|P|D|P|P|P|0|0
1VT|1VI|1|1|P|P|P|P|P|P|P|P|P|D|P|P|P|0|0
1VU|1VI|1|1|P|P|P|P|P|P|P|P|P|D|P|P|P|0|0
1VV|1VI|1|3|P|P|P|P|P|P|P|P|P|D|P|P|P|0|0
1VW|1VI|1|3|P|P|P|P|P|P|P|P|P|D|P|P|P|0|0
1VX|1VI|1|1|P|P|P|P|P|P|P|P|P|D|P|P|P|0|0
1VZ|1VY|1|3|P|P|P|P|P|P|P|P|P|D|P|P|P|0|0
1W0|1VZ|1|3|P|P|P|P|P|P|P|P|P|D|P|P|P|0|0
1W1|1VZ|1|1|P|P|P|P|P|P|P|P|P|D|P|P|P|0|0
1W2|1VZ|1|3|P|P|P|P|P|P|P|P|P|D|P|P|P|0|0
1W3|1VZ|1|1|P|P|P|P|P|P|P|P|P|D|P|P|P|0|0
1W4|1VZ|1|3|P|P|P|P|P|P|P|P|P|D|P|P|P|0|0
1W5|1VZ|1|1|P|P|P|P|P|P|P|P|P|D|P|P|P|0|0
1W6|1VZ|1|1|P|P|P|P|P|P|P|P|P|D|P|P|P|0|0
1W7|1VZ|1|3|P|P|P|P|P|P|P|P|P|D|P|P|P|0|0
1W8|1VY|1|3|P|P|P|P|P|P|P|P|P|D|P|P|P|0|0
1W9|1W8|1|3|P|P|P|P|P|P|P|P|P|D|P|P|P|0|0
1WA|1W8|1|1|P|P|P|P|P|P|P|P|P|D|P|P|P|0|0
1WB|1W8|1|3|P|P|P|P|P|P|P|P|P|D|P|P|P|0|0
1WC|1W8|1|3|P|P|P|P|P|P|P|P|P|D|P|P|P|0|0
1WD|1W8|1|3|P|P|P|P|P|P|P|P|P|D|P|P|P|0|0
1WE|1W8|1|3|P|P|P|P|P|P|P|P|P|D|P|P|P|0|0
1WF|1W8|1|1|P|P|P|P|P|P|P|P|P|D|P|P|P|0|0
1WG|1W8|1|3|P|P|P|P|P|P|P|P|P|D|P|P|P|0|0
1WH|1W8|1|3|P|P|P|P|P|P|P|P|P|D|P|P|P|0|0
1WI|1W8|1|3|P|P|P|P|P|P|P|P|P|D|P|P|P|0|0
1WJ|1W8|1|1|P|P|P|P|P|P|P|P|P|D|P|P|P|0|0
1WK|1VY|1|1|P|P|P|P|P|P|P|P|P|D|P|P|P|0|0
1WL|1WK|1|2|P|P|P|P|P|P|P|P|P|D|P|P|P|0|0
1WM|1WK|1|2|P|P|P|P|P|P|P|P|P|D|P|P|P|0|0
1WN|1WK|1|1|P|P|P|P|P|P|P|P|P|D|P|P|P|0|0
1WO|1WK|1|2|P|P|P|P|P|P|P|P|P|D|P|P|P|0|0
1WP|1WK|1|2|P|P|P|P|P|P|P|P|P|D|P|P|P|0|0
1WR|1WQ|1|3|P|P|P|P|P|P|P|P|P|D|P|P|P|0|0
1WS|1WQ|1|3|P|P|P|P|P|P|P|P|P|D|P|P|P|0|0
1WT|1WS|1|3|P|P|P|P|P|P|P|P|P|D|P|P|P|0|0
1WU|1WS|1|1|P|P|P|P|P|P|P|P|P|D|P|P|P|0|0
1WV|1WS|1|3|P|P|P|P|P|P|P|P|P|D|P|P|P|0|0
1WW|1WS|1|1|P|P|P|P|P|P|P|P|P|D|P|P|P|0|0
1WX|1WS|1|3|P|P|P|P|P|P|P|P|P|D|P|P|P|0|0
1WY|1WS|1|3|P|P|P|P|P|P|P|P|P|D|P|P|P|0|0
1WZ|1WS|1|1|P|P|P|P|P|P|P|P|P|D|P|P|P|0|0
1X0|1WQ|1|3|P|P|P|P|P|P|P|P|P|D|P|P|P|0|0
1X1|1WQ|1|3|P|P|P|P|P|P|P|P|P|D|P|P|P|0|0
1X2|1X1|1|3|P|P|P|P|P|P|P|P|P|D|P|P|P|0|0
1X3|1X1|1|1|P|P|P|P|P|P|P|P|P|D|P|P|P|0|0
1X5|1X4|1|3|P|P|P|P|P|P|P|P|P|D|P|P|P|0|0
1X6|1X4|1|3|P|P|P|P|P|P|P|P|P|D|P|P|P|0|0
1X7|1X6|1|1|P|P|P|P|P|P|P|P|P|D|P|P|P|0|0
1X8|1X6|1|1|P|P|P|P|P|P|P|P|P|D|P|P|P|0|0
1X9|1X6|1|1|P|P|P|P|P|P|P|P|P|D|P|P|P|0|0
1XA|1X4|1|3|P|P|P|P|P|P|P|P|P|D|P|P|P|0|0
1XB|1X4|1|3|P|P|P|P|P|P|P|P|P|D|P|P|P|0|0
1XC|1XB|1|1|P|P|P|P|P|P|P|P|P|D|P|P|P|0|0
1XD|1XB|1|1|P|P|P|P|P|P|P|P|P|D|P|P|P|0|0
1XE|1XB|1|3|P|P|P|P|P|P|P|P|P|D|P|P|P|0|0
1XF|1XB|1|3|P|P|P|P|P|P|P|P|P|D|P|P|P|0|0
1XG|1X4|1|1|P|P|P|P|P|P|P|P|P|D|P|P|P|0|0
1XH|1XG|1|2|P|P|P|P|P|P|P|P|P|D|P|P|P|0|0
1XI|1XG|1|1|P|P|P|P|P|P|P|P|P|D|P|P|P|0|0
1XK|1XJ|1|3|P|P|P|P|P|P|P|P|P|D|P|P|P|0|0
1XL|1XJ|1|3|P|P|P|P|P|P|P|P|P|D|P|P|P|0|0
1XM|1XJ|1|3|P|P|P|P|P|P|P|P|P|D|P|P|P|0|0
1XN|1XJ|1|3|P|P|P|P|P|P|P|P|P|D|P|P|P|0|0
1XO|1XJ|1|1|P|P|P|P|P|P|P|P|P|D|P|P|P|0|0
1XP|1XJ|1|3|P|P|P|P|P|P|P|P|P|D|P|P|P|0|0
1XR|1XQ|1|3|P|P|P|P|P|P|P|P|P|D|P|P|P|0|0
1XS|1XQ|1|1|P|P|P|P|P|P|P|P|P|D|P|P|P|0|0
1XT|1XQ|1|3|P|P|P|P|P|P|P|P|P|D|P|P|P|0|0
1XU|1XT|1|3|P|P|P|P|P|P|P|P|P|D|P|P|P|0|0
1XV|1XT|1|3|P|P|P|P|P|P|P|P|P|D|P|P|P|0|0
1XW|1XQ|1|3|P|P|P|P|P|P|P|P|P|D|P|P|P|0|0
1XX|1XQ|1|1|P|P|P|P|P|P|P|P|P|D|P|P|P|0|0
1XY|1XQ|1|3|P|P|P|P|P|P|P|P|P|D|P|P|P|0|0
1Y0|1XZ|1|3|P|P|P|P|P|P|P|P|P|D|P|P|P|0|0
1Y1|1XZ|1|1|P|P|P|P|P|P|P|P|P|D|P|P|P|0|0
1Y2|1XZ|1|1|P|P|P|P|P|P|P|P|P|D|P|P|P|0|0
1Y3|1XZ|1|1|P|P|P|P|P|P|P|P|P|D|P|P|P|0|0
1Y4|1XZ|1|3|P|P|P|P|P|P|P|P|P|D|P|P|P|0|0
1Y6|1Y5|1|3|P|P|P|P|P|P|P|P|P|D|P|P|P|0|0
1Y7|1Y5|1|3|P|P|P|P|P|P|P|P|P|D|P|P|P|0|0
1Y8|1Y7|1|3|P|P|P|P|P|P|P|P|P|D|P|P|P|0|0
1Y9|1Y7|1|3|P|P|P|P|P|P|P|P|P|D|P|P|P|0|0
1YA|1Y7|1|3|P|P|P|P|P|P|P|P|P|D|P|P|P|0|0
1YB|1Y7|1|3|P|P|P|P|P|P|P|P|P|D|P|P|P|0|0
1YC|1Y5|1|3|P|P|P|P|P|P|P|P|P|D|P|P|P|0|0
1YD|1Y5|1|3|P|P|P|P|P|P|P|P|P|D|P|P|P|0|0
1YE|1Y5|1|3|P|P|P|P|P|P|P|P|P|D|P|P|P|0|0
1YG|1YF|1|3|P|P|P|P|P|P|P|P|P|D|P|P|P|0|0
1YH|1YF|1|3|P|P|P|P|P|P|P|P|P|D|P|P|P|0|0
1YI|1YH|1|3|P|P|P|P|P|P|P|P|P|D|P|P|P|0|0
1YJ|1YH|1|3|P|P|P|P|P|P|P|P|P|D|P|P|P|0|0
1YK|1YF|1|3|P|P|P|P|P|P|P|P|P|D|P|P|P|0|0
1YL|1YF|1|3|P|P|P|P|P|P|P|P|P|D|P|P|P|0|0
1YM|1YF|1|3|P|P|P|P|P|P|P|P|P|D|P|P|P|0|0
1YO|1YN|1|3|P|P|P|P|P|P|P|P|P|D|P|P|P|0|0
1YP|1YN|1|3|P|P|P|P|P|P|P|P|P|D|P|P|P|0|0
1YQ|1YN|1|3|P|P|P|P|P|P|P|P|P|D|P|P|P|0|0
1YR|1YN|1|3|P|P|P|P|P|P|P|P|P|D|P|P|P|0|0
1YS|1YN|1|3|P|P|P|P|P|P|P|P|P|D|P|P|P|0|0
1YT|1YS|1|3|P|P|P|P|P|P|P|P|P|D|P|P|P|0|0
1YU|1YS|1|3|P|P|P|P|P|P|P|P|P|D|P|P|P|0|0
1YV|1YN|1|1|P|P|P|P|P|P|P|P|P|D|P|P|P|0|0
1YW|1YN|1|3|P|P|P|P|P|P|P|P|P|D|P|P|P|0|0
1Z3|1Z2|1|3|P|P|P|P|P|P|P|P|P|D|P|P|P|0|0
1Z4|1Z2|1|1|P|P|P|P|P|P|P|P|P|D|P|P|P|0|0
1Z5|1Z4|1|1|P|P|P|P|P|P|P|P|P|D|P|P|P|0|0
1Z6|1Z4|1|2|P|P|P|P|P|P|P|P|P|D|P|P|P|0|0
1Z7|1Z4|1|1|P|P|P|P|P|P|P|P|P|D|P|P|P|0|0
1Z8|1Z4|1|1|P|P|P|P|P|P|P|P|P|D|P|P|P|0|0
1Z9|1Z2|1|3|P|P|P|P|P|P|P|P|P|D|P|P|P|0|0
1ZA|1Z9|1|3|P|P|P|P|P|P|P|P|P|D|P|P|P|0|0
1ZB|1Z9|1|1|P|P|P|P|P|P|P|P|P|D|P|P|P|0|0
1ZC|1Z9|1|1|P|P|P|P|P|P|P|P|P|D|P|P|P|0|0
1ZD|1Z9|1|1|P|P|P|P|P|P|P|P|P|D|P|P|P|0|0
1ZE|1Z9|1|3|P|P|P|P|P|P|P|P|P|D|P|P|P|0|0
1ZF|1Z9|1|1|P|P|P|P|P|P|P|P|P|D|P|P|P|0|0
1ZG|1Z9|1|1|P|P|P|P|P|P|P|P|P|D|P|P|P|0|0
1ZH|1Z9|1|1|P|P|P|P|P|P|P|P|P|D|P|P|P|0|0
1ZI|1Z9|1|3|P|P|P|P|P|P|P|P|P|D|P|P|P|0|0
1ZJ|1Z9|1|3|P|P|P|P|P|P|P|P|P|D|P|P|P|0|0
1ZK|1Z9|1|3|P|P|P|P|P|P|P|P|P|D|P|P|P|0|0
1ZL|1Z9|1|1|P|P|P|P|P|P|P|P|P|D|P|P|P|0|0
1ZM|1Z9|1|3|P|P|P|P|P|P|P|P|P|D|P|P|P|0|0
1ZN|1Z9|1|3|P|P|P|P|P|P|P|P|P|D|P|P|P|0|0
1ZO|1Z9|1|3|P|P|P|P|P|P|P|P|P|D|P|P|P|0|0
1ZP|1Z9|1|3|P|P|P|P|P|P|P|P|P|D|P|P|P|0|0
1ZQ|1Z9|1|1|P|P|P|P|P|P|P|P|P|D|P|P|P|0|0
1ZR|1Z9|1|1|P|P|P|P|P|P|P|P|P|D|P|P|P|0|0
1ZS|1Z9|1|3|P|P|P|P|P|P|P|P|P|D|P|P|P|0|0
1ZT|1Z9|1|1|P|P|P|P|P|P|P|P|P|D|P|P|P|0|0
1ZU|1Z9|1|1|P|P|P|P|P|P|P|P|P|D|P|P|P|0|0
1ZV|1Z9|1|3|P|P|P|P|P|P|P|P|P|D|P|P|P|0|0
1ZW|1Z9|1|3|P|P|P|P|P|P|P|P|P|D|P|P|P|0|0
1ZX|1Z9|1|1|P|P|P|P|P|P|P|P|P|D|P|P|P|0|0
1ZY|1Z9|1|3|P|P|P|P|P|P|P|P|P|D|P|P|P|0|0
1ZZ|1Z9|1|3|P|P|P|P|P|P|P|P|P|D|P|P|P|0|0
200|1Z9|1|3|P|P|P|P|P|P|P|P|P|D|P|P|P|0|0
201|1Z9|1|1|P|P|P|P|P|P|P|P|P|D|P|P|P|0|0
202|1Z2|1|3|P|P|P|P|P|P|P|P|P|D|P|P|P|0|0
204|203|1|3|P|P|P|P|P|P|P|P|P|D|P|P|P|0|0
205|204|1|3|P|P|P|P|P|P|P|P|P|D|P|P|P|0|0
206|204|1|3|P|P|P|P|P|P|P|P|P|D|P|P|P|0|0
207|204|1|1|P|P|P|P|P|P|P|P|P|D|P|P|P|0|0
208|204|1|1|P|P|P|P|P|P|P|P|P|D|P|P|P|0|0
209|204|1|1|P|P|P|P|P|P|P|P|P|D|P|P|P|0|0
20A|204|1|1|P|P|P|P|P|P|P|P|P|D|P|P|P|0|0
20B|204|1|1|P|P|P|P|P|P|P|P|P|D|P|P|P|0|0
20C|203|1|3|P|P|P|P|P|P|P|P|P|D|P|P|P|0|0
20D|20C|1|3|P|P|P|P|P|P|P|P|P|D|P|P|P|0|0
20E|20C|1|1|P|P|P|P|P|P|P|P|P|D|P|P|P|0|0
20F|20C|1|1|P|P|P|P|P|P|P|P|P|D|P|P|P|0|0
20G|20C|1|1|P|P|P|P|P|P|P|P|P|D|P|P|P|0|0
20H|20C|1|1|P|P|P|P|P|P|P|P|P|D|P|P|P|0|0
20I|20C|1|3|P|P|P|P|P|P|P|P|P|D|P|P|P|0|0
20J|20C|1|1|P|P|P|P|P|P|P|P|P|D|P|P|P|0|0
20K|20C|1|1|P|P|P|P|P|P|P|P|P|D|P|P|P|0|0
20L|20C|1|3|P|P|P|P|P|P|P|P|P|D|P|P|P|0|0
20M|20C|1|3|P|P|P|P|P|P|P|P|P|D|P|P|P|0|0
20N|20C|1|1|P|P|P|P|P|P|P|P|P|D|P|P|P|0|0
20O|20C|1|3|P|P|P|P|P|P|P|P|P|D|P|P|P|0|0
20P|20C|1|1|P|P|P|P|P|P|P|P|P|D|P|P|P|0|0
20Q|20C|1|3|P|P|P|P|P|P|P|P|P|D|P|P|P|0|0
20R|20C|1|3|P|P|P|P|P|P|P|P|P|D|P|P|P|0|0
20S|20C|1|3|P|P|P|P|P|P|P|P|P|D|P|P|P|0|0
20T|20C|1|3|P|P|P|P|P|P|P|P|P|D|P|P|P|0|0
20U|20C|1|3|P|P|P|P|P|P|P|P|P|D|P|P|P|0|0
20V|20C|1|3|P|P|P|P|P|P|P|P|P|D|P|P|P|0|0
20X|20W|1|3|P|P|P|P|P|P|P|P|P|D|P|P|P|0|0
20Y|20X|1|3|P|P|P|P|P|P|P|P|P|D|P|P|P|0|0
20Z|20X|1|3|P|P|P|P|P|P|P|P|P|D|P|P|P|0|0
210|20X|1|3|P|P|P|P|P|P|P|P|P|D|P|P|P|0|0
211|20X|1|1|P|P|P|P|P|P|P|P|P|D|P|P|P|0|0
212|20X|1|1|P|P|P|P|P|P|P|P|P|D|P|P|P|0|0
213|20X|1|3|P|P|P|P|P|P|P|P|P|D|P|P|P|0|0
214|20X|1|1|P|P|P|P|P|P|P|P|P|D|P|P|P|0|0
215|20X|1|1|P|P|P|P|P|P|P|P|P|D|P|P|P|0|0
216|20W|1|3|P|P|P|P|P|P|P|P|P|D|P|P|P|0|0
217|216|1|3|P|P|P|P|P|P|P|P|P|D|P|P|P|0|0
218|216|1|1|P|P|P|P|P|P|P|P|P|D|P|P|P|0|0
219|216|1|1|P|P|P|P|P|P|P|P|P|D|P|P|P|0|0
21A|216|1|3|P|P|P|P|P|P|P|P|P|D|P|P|P|0|0
21B|216|1|3|P|P|P|P|P|P|P|P|P|D|P|P|P|0|0
21C|216|1|1|P|P|P|P|P|P|P|P|P|D|P|P|P|0|0
21D|216|1|3|P|P|P|P|P|P|P|P|P|D|P|P|P|0|0
21E|216|1|3|P|P|P|P|P|P|P|P|P|D|P|P|P|0|0
21F|216|1|1|P|P|P|P|P|P|P|P|P|D|P|P|P|0|0
21G|20W|1|3|P|P|P|P|P|P|P|P|P|D|P|P|P|0|0
21H|21G|1|1|P|P|P|P|P|P|P|P|P|D|P|P|P|0|0
21I|21G|1|1|P|P|P|P|P|P|P|P|P|D|P|P|P|0|0
21J|21G|1|3|P|P|P|P|P|P|P|P|P|D|P|P|P|0|0
21L|21K|1|3|P|P|P|P|P|P|P|P|P|D|P|P|P|0|0
21M|21L|1|3|P|P|P|P|P|P|P|P|P|D|P|P|P|0|0
21N|21L|1|3|P|P|P|P|P|P|P|P|P|D|P|P|P|0|0
21O|21L|1|1|P|P|P|P|P|P|P|P|P|D|P|P|P|0|0
21P|21L|1|1|P|P|P|P|P|P|P|P|P|D|P|P|P|0|0
21Q|21L|1|3|P|P|P|P|P|P|P|P|P|D|P|P|P|0|0
21R|21L|1|3|P|P|P|P|P|P|P|P|P|D|P|P|P|0|0
21S|21L|1|3|P|P|P|P|P|P|P|P|P|D|P|P|P|0|0
21T|21L|1|1|P|P|P|P|P|P|P|P|P|D|P|P|P|0|0
21U|21L|1|1|P|P|P|P|P|P|P|P|P|D|P|P|P|0|0
21V|21K|1|3|P|P|P|P|P|P|P|P|P|D|P|P|P|0|0
21W|21V|1|3|P|P|P|P|P|P|P|P|P|D|P|P|P|0|0
21X|21V|1|1|P|P|P|P|P|P|P|P|P|D|P|P|P|0|0
21Y|21V|1|3|P|P|P|P|P|P|P|P|P|D|P|P|P|0|0
21Z|21V|1|1|P|P|P|P|P|P|P|P|P|D|P|P|P|0|0
220|21V|1|3|P|P|P|P|P|P|P|P|P|D|P|P|P|0|0
221|21V|1|1|P|P|P|P|P|P|P|P|P|D|P|P|P|0|0
222|21V|1|1|P|P|P|P|P|P|P|P|P|D|P|P|P|0|0
223|21V|1|1|P|P|P|P|P|P|P|P|P|D|P|P|P|0|0
224|21V|1|3|P|P|P|P|P|P|P|P|P|D|P|P|P|0|0
225|21V|1|1|P|P|P|P|P|P|P|P|P|D|P|P|P|0|0
226|21V|1|3|P|P|P|P|P|P|P|P|P|D|P|P|P|0|0
227|21V|1|1|P|P|P|P|P|P|P|P|P|D|P|P|P|0|0
228|21V|1|3|P|P|P|P|P|P|P|P|P|D|P|P|P|0|0
229|21V|1|1|P|P|P|P|P|P|P|P|P|D|P|P|P|0|0
22A|21V|1|1|P|P|P|P|P|P|P|P|P|D|P|P|P|0|0
22B|21V|1|1|P|P|P|P|P|P|P|P|P|D|P|P|P|0|0
22C|21V|1|3|P|P|P|P|P|P|P|P|P|D|P|P|P|0|0
22D|21V|1|1|P|P|P|P|P|P|P|P|P|D|P|P|P|0|0
22E|21V|1|3|P|P|P|P|P|P|P|P|P|D|P|P|P|0|0
22F|21V|1|1|P|P|P|P|P|P|P|P|P|D|P|P|P|0|0
22H|22G|1|3|P|P|P|P|P|P|P|P|P|D|P|P|P|0|0
22I|22H|1|3|P|P|P|P|P|P|P|P|P|D|P|P|P|0|0
22J|22H|1|1|P|P|P|P|P|P|P|P|P|D|P|P|P|0|0
22K|22H|1|3|P|P|P|P|P|P|P|P|P|D|P|P|P|0|0
22L|22H|1|3|P|P|P|P|P|P|P|P|P|D|P|P|P|0|0
22M|22H|1|1|P|P|P|P|P|P|P|P|P|D|P|P|P|0|0
22N|22H|1|3|P|P|P|P|P|P|P|P|P|D|P|P|P|0|0
22O|22H|1|3|P|P|P|P|P|P|P|P|P|D|P|P|P|0|0
22P|22H|1|3|P|P|P|P|P|P|P|P|P|D|P|P|P|0|0
22Q|22H|1|1|P|P|P|P|P|P|P|P|P|D|P|P|P|0|0
22R|22G|1|3|P|P|P|P|P|P|P|P|P|D|P|P|P|0|0
22S|22R|1|3|P|P|P|P|P|P|P|P|P|D|P|P|P|0|0
22T|22R|1|1|P|P|P|P|P|P|P|P|P|D|P|P|P|0|0
22U|22R|1|3|P|P|P|P|P|P|P|P|P|D|P|P|P|0|0
22V|22R|1|1|P|P|P|P|P|P|P|P|P|D|P|P|P|0|0
22W|22R|1|3|P|P|P|P|P|P|P|P|P|D|P|P|P|0|0
22X|22R|1|3|P|P|P|P|P|P|P|P|P|D|P|P|P|0|0
22Y|22R|1|1|P|P|P|P|P|P|P|P|P|D|P|P|P|0|0
22Z|22R|1|3|P|P|P|P|P|P|P|P|P|D|P|P|P|0|0
230|22R|1|3|P|P|P|P|P|P|P|P|P|D|P|P|P|0|0
231|22R|1|3|P|P|P|P|P|P|P|P|P|D|P|P|P|0|0
232|22R|1|3|P|P|P|P|P|P|P|P|P|D|P|P|P|0|0
233|22R|1|3|P|P|P|P|P|P|P|P|P|D|P|P|P|0|0
234|22R|1|3|P|P|P|P|P|P|P|P|P|D|P|P|P|0|0
235|22R|1|3|P|P|P|P|P|P|P|P|P|D|P|P|P|0|0
237|236|1|3|P|P|P|P|P|P|P|P|P|D|P|P|P|0|0
238|237|1|1|P|P|P|P|P|P|P|P|P|D|P|P|P|0|0
239|237|1|1|P|P|P|P|P|P|P|P|P|D|P|P|P|0|0
23A|237|1|1|P|P|P|P|P|P|P|P|P|D|P|P|P|0|0
23B|237|1|3|P|P|P|P|P|P|P|P|P|D|P|P|P|0|0
23C|237|1|3|P|P|P|P|P|P|P|P|P|D|P|P|P|0|0
23D|237|1|3|P|P|P|P|P|P|P|P|P|D|P|P|P|0|0
23E|237|1|1|P|P|P|P|P|P|P|P|P|D|P|P|P|0|0
23F|237|1|1|P|P|P|P|P|P|P|P|P|D|P|P|P|0|0
23G|237|1|3|P|P|P|P|P|P|P|P|P|D|P|P|P|0|0
23H|237|1|1|P|P|P|P|P|P|P|P|P|D|P|P|P|0|0
23I|236|1|3|P|P|P|P|P|P|P|P|P|D|P|P|P|0|0
23J|23I|1|3|P|P|P|P|P|P|P|P|P|D|P|P|P|0|0
23K|23I|1|1|P|P|P|P|P|P|P|P|P|D|P|P|P|0|0
23L|23I|1|1|P|P|P|P|P|P|P|P|P|D|P|P|P|0|0
23M|23I|1|3|P|P|P|P|P|P|P|P|P|D|P|P|P|0|0
23N|23I|1|1|P|P|P|P|P|P|P|P|P|D|P|P|P|0|0
23O|23I|1|1|P|P|P|P|P|P|P|P|P|D|P|P|P|0|0
23P|23I|1|3|P|P|P|P|P|P|P|P|P|D|P|P|P|0|0
23Q|23I|1|3|P|P|P|P|P|P|P|P|P|D|P|P|P|0|0
23R|23I|1|3|P|P|P|P|P|P|P|P|P|D|P|P|P|0|0
23S|23I|1|3|P|P|P|P|P|P|P|P|P|D|P|P|P|0|0
23T|23I|1|3|P|P|P|P|P|P|P|P|P|D|P|P|P|0|0
23U|23I|1|1|P|P|P|P|P|P|P|P|P|D|P|P|P|0|0
23V|23I|1|1|P|P|P|P|P|P|P|P|P|D|P|P|P|0|0
23W|23I|1|1|P|P|P|P|P|P|P|P|P|D|P|P|P|0|0
23X|23I|1|3|P|P|P|P|P|P|P|P|P|D|P|P|P|0|0
23Y|23I|1|3|P|P|P|P|P|P|P|P|P|D|P|P|P|0|0
23Z|23I|1|3|P|P|P|P|P|P|P|P|P|D|P|P|P|0|0
240|23I|1|3|P|P|P|P|P|P|P|P|P|D|P|P|P|0|0
241|236|1|3|P|P|P|P|P|P|P|P|P|D|P|P|P|0|0
242|241|1|3|P|P|P|P|P|P|P|P|P|D|P|P|P|0|0
243|241|1|1|P|P|P|P|P|P|P|P|P|D|P|P|P|0|0
245|244|1|3|P|P|P|P|P|P|P|P|P|D|P|P|P|0|0
246|245|1|1|P|P|P|P|P|P|P|P|P|D|P|P|P|0|0
247|245|1|1|P|P|P|P|P|P|P|P|P|D|P|P|P|0|0
248|245|1|3|P|P|P|P|P|P|P|P|P|D|P|P|P|0|0
249|245|1|3|P|P|P|P|P|P|P|P|P|D|P|P|P|0|0
24A|245|1|3|P|P|P|P|P|P|P|P|P|D|P|P|P|0|0
24B|245|1|3|P|P|P|P|P|P|P|P|P|D|P|P|P|0|0
24C|245|1|3|P|P|P|P|P|P|P|P|P|D|P|P|P|0|0
24D|245|1|1|P|P|P|P|P|P|P|P|P|D|P|P|P|0|0
24E|245|1|3|P|P|P|P|P|P|P|P|P|D|P|P|P|0|0
24F|245|1|1|P|P|P|P|P|P|P|P|P|D|P|P|P|0|0
24G|245|1|1|P|P|P|P|P|P|P|P|P|D|P|P|P|0|0
24H|245|1|1|P|P|P|P|P|P|P|P|P|D|P|P|P|0|0
24I|244|1|3|P|P|P|P|P|P|P|P|P|D|P|P|P|0|0
24J|24I|1|1|P|P|P|P|P|P|P|P|P|D|P|P|P|0|0
24K|24I|1|1|P|P|P|P|P|P|P|P|P|D|P|P|P|0|0
24L|24I|1|1|P|P|P|P|P|P|P|P|P|D|P|P|P|0|0
24M|24I|1|1|P|P|P|P|P|P|P|P|P|D|P|P|P|0|0
24N|24I|1|1|P|P|P|P|P|P|P|P|P|D|P|P|P|0|0
24O|24I|1|1|P|P|P|P|P|P|P|P|P|D|P|P|P|0|0
24P|24I|1|1|P|P|P|P|P|P|P|P|P|D|P|P|P|0|0
24Q|24I|1|1|P|P|P|P|P|P|P|P|P|D|P|P|P|0|0
24R|24I|1|1|P|P|P|P|P|P|P|P|P|D|P|P|P|0|0
24T|24S|1|3|P|P|P|P|P|P|P|P|P|D|P|P|P|0|0
24U|24T|1|3|P|P|P|P|P|P|P|P|P|D|P|P|P|0|0
24V|24T|1|3|P|P|P|P|P|P|P|P|P|D|P|P|P|0|0
24W|24T|1|3|P|P|P|P|P|P|P|P|P|D|P|P|P|0|0
24X|24T|1|3|P|P|P|P|P|P|P|P|P|D|P|P|P|0|0
24Y|24T|1|1|P|P|P|P|P|P|P|P|P|D|P|P|P|0|0
24Z|24T|1|1|P|P|P|P|P|P|P|P|P|D|P|P|P|0|0
250|24T|1|3|P|P|P|P|P|P|P|P|P|D|P|P|P|0|0
251|24T|1|1|P|P|P|P|P|P|P|P|P|D|P|P|P|0|0
252|24S|1|3|P|P|P|P|P|P|P|P|P|D|P|P|P|0|0
253|252|1|3|P|P|P|P|P|P|P|P|P|D|P|P|P|0|0
254|252|1|1|P|P|P|P|P|P|P|P|P|D|P|P|P|0|0
255|252|1|1|P|P|P|P|P|P|P|P|P|D|P|P|P|0|0
256|252|1|3|P|P|P|P|P|P|P|P|P|D|P|P|P|0|0
257|252|1|1|P|P|P|P|P|P|P|P|P|D|P|P|P|0|0
258|252|1|1|P|P|P|P|P|P|P|P|P|D|P|P|P|0|0
259|252|1|1|P|P|P|P|P|P|P|P|P|D|P|P|P|0|0
25A|252|1|3|P|P|P|P|P|P|P|P|P|D|P|P|P|0|0
25B|252|1|1|P|P|P|P|P|P|P|P|P|D|P|P|P|0|0
25C|24S|1|3|P|P|P|P|P|P|P|P|P|D|P|P|P|0|0
25D|25C|1|1|P|P|P|P|P|P|P|P|P|D|P|P|P|0|0
25F|25E|1|3|P|P|P|P|P|P|P|P|P|D|P|P|P|0|0
25G|25F|1|3|P|P|P|P|P|P|P|P|P|D|P|P|P|0|0
25H|25F|1|1|P|P|P|P|P|P|P|P|P|D|P|P|P|0|0
25I|25F|1|1|P|P|P|P|P|P|P|P|P|D|P|P|P|0|0
25J|25F|1|3|P|P|P|P|P|P|P|P|P|D|P|P|P|0|0
25K|25F|1|1|P|P|P|P|P|P|P|P|P|D|P|P|P|0|0
25L|25F|1|3|P|P|P|P|P|P|P|P|P|D|P|P|P|0|0
25M|25F|1|3|P|P|P|P|P|P|P|P|P|D|P|P|P|0|0
25N|25F|1|3|P|P|P|P|P|P|P|P|P|D|P|P|P|0|0
25O|25F|1|3|P|P|P|P|P|P|P|P|P|D|P|P|P|0|0
25P|25F|1|3|P|P|P|P|P|P|P|P|P|D|P|P|P|0|0
25Q|25F|1|3|P|P|P|P|P|P|P|P|P|D|P|P|P|0|0
25R|25F|1|3|P|P|P|P|P|P|P|P|P|D|P|P|P|0|0
25S|25F|1|1|P|P|P|P|P|P|P|P|P|D|P|P|P|0|0
25T|25F|1|1|P|P|P|P|P|P|P|P|P|D|P|P|P|0|0
25U|25E|1|3|P|P|P|P|P|P|P|P|P|D|P|P|P|0|0
25V|25U|1|1|P|P|P|P|P|P|P|P|P|D|P|P|P|0|0
25W|25U|1|1|P|P|P|P|P|P|P|P|P|D|P|P|P|0|0
25X|25U|1|1|P|P|P|P|P|P|P|P|P|D|P|P|P|0|0
25Z|25Y|1|3|P|P|P|P|P|P|P|P|P|D|P|P|P|0|0
260|25Z|1|3|P|P|P|P|P|P|P|P|P|D|P|P|P|0|0
261|25Z|1|3|P|P|P|P|P|P|P|P|P|D|P|P|P|0|0
262|25Z|1|1|P|P|P|P|P|P|P|P|P|D|P|P|P|0|0
263|25Z|1|1|P|P|P|P|P|P|P|P|P|D|P|P|P|0|0
264|25Z|1|3|P|P|P|P|P|P|P|P|P|D|P|P|P|0|0
265|25Z|1|3|P|P|P|P|P|P|P|P|P|D|P|P|P|0|0
266|25Y|1|3|P|P|P|P|P|P|P|P|P|D|P|P|P|0|0
267|266|1|3|P|P|P|P|P|P|P|P|P|D|P|P|P|0|0
268|266|1|3|P|P|P|P|P|P|P|P|P|D|P|P|P|0|0
269|266|1|3|P|P|P|P|P|P|P|P|P|D|P|P|P|0|0
26A|25Y|1|3|P|P|P|P|P|P|P|P|P|D|P|P|P|0|0
26B|26A|1|3|P|P|P|P|P|P|P|P|P|D|P|P|P|0|0
26C|26A|1|1|P|P|P|P|P|P|P|P|P|D|P|P|P|0|0
26D|26A|1|1|P|P|P|P|P|P|P|P|P|D|P|P|P|0|0
26E|26A|1|3|P|P|P|P|P|P|P|P|P|D|P|P|P|0|0
26F|26A|1|1|P|P|P|P|P|P|P|P|P|D|P|P|P|0|0
26G|26A|1|3|P|P|P|P|P|P|P|P|P|D|P|P|P|0|0
26H|26A|1|1|P|P|P|P|P|P|P|P|P|D|P|P|P|0|0
26J|26I|1|3|P|P|P|P|P|P|P|P|P|D|P|P|P|0|0
26K|26I|1|3|P|P|P|P|P|P|P|P|P|D|P|P|P|0|0
26L|26K|1|3|P|P|P|P|P|P|P|P|P|D|P|P|P|0|0
26M|26K|1|3|P|P|P|P|P|P|P|P|P|D|P|P|P|0|0
26N|26K|1|3|P|P|P|P|P|P|P|P|P|D|P|P|P|0|0
26O|26I|1|1|P|P|P|P|P|P|P|P|P|D|P|P|P|0|0
26P|26I|1|3|P|P|P|P|P|P|P|P|P|D|P|P|P|0|0
26Q|26I|1|3|P|P|P|P|P|P|P|P|P|D|P|P|P|0|0
26S|26R|1|3|P|P|P|P|P|P|P|P|P|D|P|P|P|0|0
26T|26R|1|3|P|P|P|P|P|P|P|P|P|D|P|P|P|0|0
26U|26R|1|3|P|P|P|P|P|P|P|P|P|D|P|P|P|0|0
26V|26U|1|3|P|P|P|P|P|P|P|P|P|D|P|P|P|0|0
26W|26U|1|3|P|P|P|P|P|P|P|P|P|D|P|P|P|0|0
26X|26U|1|3|P|P|P|P|P|P|P|P|P|D|P|P|P|0|0
26Y|26R|1|3|P|P|P|P|P|P|P|P|P|D|P|P|P|0|0
270|26Z|1|3|P|P|P|P|P|P|P|P|P|D|P|P|P|0|0
271|26Z|1|3|P|P|P|P|P|P|P|P|P|D|P|P|P|0|0
272|271|1|1|P|P|P|P|P|P|P|P|P|D|P|P|P|0|0
273|271|1|1|P|P|P|P|P|P|P|P|P|D|P|P|P|0|0
274|271|1|1|P|P|P|P|P|P|P|P|P|D|P|P|P|0|0
275|26Z|1|3|P|P|P|P|P|P|P|P|P|D|P|P|P|0|0
276|26Z|1|1|P|P|P|P|P|P|P|P|P|D|P|P|P|0|0
277|26Z|1|3|P|P|P|P|P|P|P|P|P|D|P|P|P|0|0
279|278|1|3|P|P|P|P|P|P|P|P|P|D|P|P|P|0|0
27A|278|1|1|P|P|P|P|P|P|P|P|P|D|P|P|P|0|0
27B|27A|1|1|P|P|P|P|P|P|P|P|P|D|P|P|P|0|0
27C|27A|1|1|P|P|P|P|P|P|P|P|P|D|P|P|P|0|0
27D|278|1|3|P|P|P|P|P|P|P|P|P|D|P|P|P|0|0
27E|27D|1|3|P|P|P|P|P|P|P|P|P|D|P|P|P|0|0
27F|27D|1|3|P|P|P|P|P|P|P|P|P|D|P|P|P|0|0
27G|27D|1|3|P|P|P|P|P|P|P|P|P|D|P|P|P|0|0
27H|27D|1|3|P|P|P|P|P|P|P|P|P|D|P|P|P|0|0
27I|27D|1|3|P|P|P|P|P|P|P|P|P|D|P|P|P|0|0
27J|278|1|1|P|P|P|P|P|P|P|P|P|D|P|P|P|0|0
27K|278|1|3|P|P|P|P|P|P|P|P|P|D|P|P|P|0|0
27L|27K|1|3|P|P|P|P|P|P|P|P|P|D|P|P|P|0|0
27M|27K|1|3|P|P|P|P|P|P|P|P|P|D|P|P|P|0|0
27N|27K|1|3|P|P|P|P|P|P|P|P|P|D|P|P|P|0|0
27O|27K|1|1|P|P|P|P|P|P|P|P|P|D|P|P|P|0|0
27U|27T|1|3|P|P|P|P|P|P|P|P|P|D|P|P|P|0|0
27V|27T|1|3|P|P|P|P|P|P|P|P|P|D|P|P|P|0|0
27W|27T|1|3|P|P|P|P|P|P|P|P|P|D|P|P|P|0|0
27X|27T|1|3|P|P|P|P|P|P|P|P|P|D|P|P|P|0|0
27Y|27T|1|3|P|P|P|P|P|P|P|P|P|D|P|P|P|0|0
27Z|27T|1|3|P|P|P|P|P|P|P|P|P|D|P|P|P|0|0
282|281|1|3|P|P|P|P|P|P|P|P|P|D|P|P|P|0|0
283|281|1|3|P|P|P|P|P|P|P|P|P|D|P|P|P|0|0
284|281|1|3|P|P|P|P|P|P|P|P|P|D|P|P|P|0|0
285|284|1|3|P|P|P|P|P|P|P|P|P|D|P|P|P|0|0
286|284|1|3|P|P|P|P|P|P|P|P|P|D|P|P|P|0|0
287|284|1|3|P|P|P|P|P|P|P|P|P|D|P|P|P|0|0
288|284|1|3|P|P|P|P|P|P|P|P|P|D|P|P|P|0|0
289|284|1|3|P|P|P|P|P|P|P|P|P|D|P|P|P|0|0
28A|281|1|3|P|P|P|P|P|P|P|P|P|D|P|P|P|0|0
28C|28B|1|3|P|P|P|P|P|P|P|P|P|D|P|P|P|0|0
28D|28B|1|3|P|P|P|P|P|P|P|P|P|D|P|P|P|0|0
28E|28B|1|3|P|P|P|P|P|P|P|P|P|D|P|P|P|0|0
28F|28E|1|3|P|P|P|P|P|P|P|P|P|D|P|P|P|0|0
28G|28E|1|3|P|P|P|P|P|P|P|P|P|D|P|P|P|0|0
28H|28E|1|3|P|P|P|P|P|P|P|P|P|D|P|P|P|0|0
28I|28B|1|3|P|P|P|P|P|P|P|P|P|D|P|P|P|0|0
28J|28I|1|1|P|P|P|P|P|P|P|P|P|D|P|P|P|0|0
28K|28I|1|1|P|P|P|P|P|P|P|P|P|D|P|P|P|0|0
28L|28I|1|1|P|P|P|P|P|P|P|P|P|D|P|P|P|0|0
28N|28M|1|3|P|P|P|P|P|P|P|P|P|D|P|P|P|0|0
28O|28M|1|1|P|P|P|P|P|P|P|P|P|D|P|P|P|0|0
28P|28M|1|1|P|P|P|P|P|P|P|P|P|D|P|P|P|0|0
28Q|28M|1|1|P|P|P|P|P|P|P|P|P|D|P|P|P|0|0
28R|28M|1|1|P|P|P|P|P|P|P|P|P|D|P|P|P|0|0
28T|28S|1|3|P|P|P|P|P|P|P|P|P|D|P|P|P|0|0
28U|28S|1|1|P|P|P|P|P|P|P|P|P|D|P|P|P|0|0
28V|28S|1|3|P|P|P|P|P|P|P|P|P|D|P|P|P|0|0
28W|28V|1|3|P|P|P|P|P|P|P|P|P|D|P|P|P|0|0
28X|28V|1|3|P|P|P|P|P|P|P|P|P|D|P|P|P|0|0
28Y|28V|1|3|P|P|P|P|P|P|P|P|P|D|P|P|P|0|0
28Z|28V|1|3|P|P|P|P|P|P|P|P|P|D|P|P|P|0|0
290|28V|1|3|P|P|P|P|P|P|P|P|P|D|P|P|P|0|0
291|28S|1|3|P|P|P|P|P|P|P|P|P|D|P|P|P|0|0
293|292|1|3|P|P|P|P|P|P|P|P|P|D|P|P|P|0|0
294|292|1|3|P|P|P|P|P|P|P|P|P|D|P|P|P|0|0
295|292|1|3|P|P|P|P|P|P|P|P|P|D|P|P|P|0|0
296|292|1|3|P|P|P|P|P|P|P|P|P|D|P|P|P|0|0
297|296|1|3|P|P|P|P|P|P|P|P|P|D|P|P|P|0|0
298|296|1|3|P|P|P|P|P|P|P|P|P|D|P|P|P|0|0
299|296|1|3|P|P|P|P|P|P|P|P|P|D|P|P|P|0|0
29A|292|1|1|P|P|P|P|P|P|P|P|P|D|P|P|P|0|0
29B|292|1|3|P|P|P|P|P|P|P|P|P|D|P|P|P|0|0
29C|292|1|1|P|P|P|P|P|P|P|P|P|D|P|P|P|0|0
29E|29D|1|3|P|P|P|P|P|P|P|P|P|D|P|P|P|0|0
29F|29D|1|3|P|P|P|P|P|P|P|P|P|D|P|P|P|0|0
29G|29F|1|3|P|P|P|P|P|P|P|P|P|D|P|P|P|0|0
29H|29F|1|3|P|P|P|P|P|P|P|P|P|D|P|P|P|0|0
29I|29D|1|3|P|P|P|P|P|P|P|P|P|D|P|P|P|0|0
29J|29D|1|3|P|P|P|P|P|P|P|P|P|D|P|P|P|0|0
29K|29D|1|1|P|P|P|P|P|P|P|P|P|D|P|P|P|0|0
29L|29K|1|2|P|P|P|P|P|P|P|P|P|D|P|P|P|0|0
29M|29K|1|2|P|P|P|P|P|P|P|P|P|D|P|P|P|0|0
29N|29D|1|1|P|P|P|P|P|P|P|P|P|D|P|P|P|0|0
29P|29O|1|3|P|P|P|P|P|P|P|P|P|D|P|P|P|0|0
29Q|29O|1|3|P|P|P|P|P|P|P|P|P|D|P|P|P|0|0
29R|29O|1|3|P|P|P|P|P|P|P|P|P|D|P|P|P|0|0
29S|29O|1|3|P|P|P|P|P|P|P|P|P|D|P|P|P|0|0
29T|29O|1|1|P|P|P|P|P|P|P|P|P|D|P|P|P|0|0
29U|29O|1|3|P|P|P|P|P|P|P|P|P|D|P|P|P|0|0
29V|29O|1|1|P|P|P|P|P|P|P|P|P|D|P|P|P|0|0
29X|29W|1|3|P|P|P|P|P|P|P|P|P|D|P|P|P|0|0
29Y|29W|1|3|P|P|P|P|P|P|P|P|P|D|P|P|P|0|0
29Z|29W|1|3|P|P|P|P|P|P|P|P|P|D|P|P|P|0|0
2A0|29W|1|3|P|P|P|P|P|P|P|P|P|D|P|P|P|0|0
2A1|29W|1|3|P|P|P|P|P|P|P|P|P|D|P|P|P|0|0
2A2|2A1|1|1|P|P|P|P|P|P|P|P|P|D|P|P|P|0|0
2A3|2A1|1|1|P|P|P|P|P|P|P|P|P|D|P|P|P|0|0
2A4|2A1|1|1|P|P|P|P|P|P|P|P|P|D|P|P|P|0|0
2A5|29W|1|1|P|P|P|P|P|P|P|P|P|D|P|P|P|0|0
2A7|2A6|1|3|P|P|P|P|P|P|P|P|P|D|P|P|P|0|0
2A8|2A6|1|3|P|P|P|P|P|P|P|P|P|D|P|P|P|0|0
2A9|2A6|1|3|P|P|P|P|P|P|P|P|P|D|P|P|P|0|0
2AA|2A6|1|3|P|P|P|P|P|P|P|P|P|D|P|P|P|0|0
2AB|2AA|1|1|P|P|P|P|P|P|P|P|P|D|P|P|P|0|0
2AC|2AA|1|1|P|P|P|P|P|P|P|P|P|D|P|P|P|0|0
2AD|2AA|1|1|P|P|P|P|P|P|P|P|P|D|P|P|P|0|0
2AE|2AA|1|1|P|P|P|P|P|P|P|P|P|D|P|P|P|0|0
2AG|2AF|1|3|P|P|P|P|P|P|P|P|P|D|P|P|P|0|0
2AH|2AF|1|3|P|P|P|P|P|P|P|P|P|D|P|P|P|0|0
2AI|2AF|1|3|P|P|P|P|P|P|P|P|P|D|P|P|P|0|0
2AJ|2AI|1|3|P|P|P|P|P|P|P|P|P|D|P|P|P|0|0
2AK|2AI|1|3|P|P|P|P|P|P|P|P|P|D|P|P|P|0|0
2AL|2AI|1|3|P|P|P|P|P|P|P|P|P|D|P|P|P|0|0
2AM|2AF|1|1|P|P|P|P|P|P|P|P|P|D|P|P|P|0|0
2AO|2AN|1|3|P|P|P|P|P|P|P|P|P|D|P|P|P|0|0
2AP|2AN|1|3|P|P|P|P|P|P|P|P|P|D|P|P|P|0|0
2AQ|2AN|1|3|P|P|P|P|P|P|P|P|P|D|P|P|P|0|0
2AR|2AN|1|1|P|P|P|P|P|P|P|P|P|D|P|P|P|0|0
2AS|2AN|1|3|P|P|P|P|P|P|P|P|P|D|P|P|P|0|0
2AT|2AN|1|1|P|P|P|P|P|P|P|P|P|D|P|P|P|0|0
2AV|2AU|1|3|P|P|P|P|P|P|P|P|P|D|P|P|P|0|0
2AW|2AU|1|3|P|P|P|P|P|P|P|P|P|D|P|P|P|0|0
2AX|2AU|1|3|P|P|P|P|P|P|P|P|P|D|P|P|P|0|0
2AY|2AX|1|3|P|P|P|P|P|P|P|P|P|D|P|P|P|0|0
2AZ|2AX|1|3|P|P|P|P|P|P|P|P|P|D|P|P|P|0|0
2B0|2AU|1|1|P|P|P|P|P|P|P|P|P|D|P|P|P|0|0
2B2|2B1|1|3|P|P|P|P|P|P|P|P|P|D|P|P|P|0|0
2B3|2B1|1|3|P|P|P|P|P|P|P|P|P|D|P|P|P|0|0
2B4|2B1|1|3|P|P|P|P|P|P|P|P|P|D|P|P|P|0|0
2B5|2B1|1|3|P|P|P|P|P|P|P|P|P|D|P|P|P|0|0
2B6|2B1|1|3|P|P|P|P|P|P|P|P|P|D|P|P|P|0|0
2B7|2B1|1|1|P|P|P|P|P|P|P|P|P|D|P|P|P|0|0
2B9|2B8|1|3|P|P|P|P|P|P|P|P|P|D|P|P|P|0|0
2BA|2B8|1|3|P|P|P|P|P|P|P|P|P|D|P|P|P|0|0
2BB|2B8|1|3|P|P|P|P|P|P|P|P|P|D|P|P|P|0|0
2BC|2B8|1|3|P|P|P|P|P|P|P|P|P|D|P|P|P|0|0
2BD|2B8|1|1|P|P|P|P|P|P|P|P|P|D|P|P|P|0|0
```

运行门禁：SECTION_STATUS_CODE=3时必须读取同SECTION_ID的本复核实体；缺失、UNKNOWN、CONFLICT或FAIL_CLOSED时，该章节及其原子不得形成方向性贡献。

## 十六点七、SECTION_SCOPE_ENTITY

SCHEMA_TSV=IMPLICIT_SECTION_ID|LOCAL_BRANCH_SET|LOCAL_TEMPORAL_SET|LOCAL_POSITION_SET|LOCAL_BRIGHTNESS_SET|EFFECTIVE_BRANCH_SET|EFFECTIVE_TEMPORAL_SET|EFFECTIVE_POSITION_SET|EFFECTIVE_BRIGHTNESS_SET|STATUS_CODE
```text
3L|3L|3L|3L|3L|3L|3L|3L|3
3L|3L|3L|3L|3L|3L|3L|3L|3
3L|3L|3L|3L|3L|3L|3L|3L|3
3L|3L|3L|3L|3L|3L|3L|3L|3
3L|3L|3L|3L|3L|3L|3L|3L|3
3L|3L|3L|3L|3L|3L|3L|3L|3
3L|3L|3L|3L|3L|3L|3L|3L|3
3L|3L|3L|3L|3L|3L|3L|3L|3
3L|3L|3L|3L|3L|3L|3L|3L|3
3L|3L|3L|3L|3L|3L|3L|3L|3
3L|3L|3L|3L|3L|3L|3L|3L|3
3L|3L|3L|3L|3L|3L|3L|3L|3
3L|3L|3L|3L|3L|3L|3L|3L|3
3L|3L|3L|3L|3L|3L|3L|3L|3
3L|3L|3L|3L|3L|3L|3L|3L|3
3L|3L|3L|3L|3L|3L|3L|3L|3
3L|3L|3L|3L|3L|3L|3L|3L|3
3L|3L|3L|3L|3L|3L|3L|3L|3
3L|2T|3L|3L|3L|2T|3L|3L|1
3L|3L|3L|3L|3L|3L|3L|3L|3
86|3L|V|3L|86|3L|V|3L|1
3L|3L|3L|3L|86|3L|V|3L|2
3L|3L|3L|3L|86|3L|V|3L|2
3L|3L|3L|3L|86|3L|V|3L|2
3L|3L|3L|3L|86|3L|V|3L|2
3L|3L|3L|3L|86|3L|V|3L|2
3L|3L|3L|3L|86|3L|V|3L|2
77|3L|I|3L|77|3L|I|3L|1
3L|3L|3L|3L|77|3L|I|3L|2
3L|3L|3L|3L|77|3L|I|3L|2
3L|3L|3L|3L|77|3L|I|3L|2
3L|3L|3L|3L|77|3L|I|3L|2
8K|3L|I|3L|8K|3L|I|3L|1
3L|3L|3L|3L|8K|3L|I|3L|2
3L|3L|3L|3L|8K|3L|I|3L|2
3L|3L|3L|3L|8K|3L|I|3L|2
3L|3L|3L|3L|8K|3L|I|3L|2
3L|3L|3L|3L|8K|3L|I|3L|2
3L|3L|3L|3L|8K|3L|I|3L|2
80|3L|I|3L|80|3L|I|3L|1
3L|3L|3L|3L|80|3L|I|3L|2
3L|3L|3L|3L|80|3L|I|3L|2
3L|3L|3L|3L|80|3L|I|3L|2
3L|3L|3L|3L|80|3L|I|3L|2
3L|3L|3L|3L|80|3L|I|3L|2
9E|3L|I|3L|9E|3L|I|3L|1
3L|3L|3L|3L|9E|3L|I|3L|2
3L|3L|3L|3L|9E|3L|I|3L|2
3L|3L|3L|3L|9E|3L|I|3L|2
3L|3L|3L|3L|9E|3L|I|3L|2
3L|3L|3L|3L|9E|3L|I|3L|2
8S|3L|I|3L|8S|3L|I|3L|1
3L|3L|3L|3L|8S|3L|I|3L|2
3L|3L|3L|3L|8S|3L|I|3L|2
3L|3L|3L|3L|8S|3L|I|3L|2
3L|3L|3L|3L|8S|3L|I|3L|2
3L|3L|3L|3L|86|3L|V|3L|2
86|3L|V|3L|86|3L|V|3L|1
3L|2U|3L|3L|86|2U|V|3L|1
3L|38|3L|3L|86|38|V|3L|1
3L|3L|3L|3L|86|3L|V|3L|2
3L|3L|3L|3L|86|3L|V|3L|2
86|3L|V|3L|86|3L|V|3L|1
86|3L|K|3L|86|3L|K|3L|1
3L|3L|3L|3L|86|3L|V|3L|2
3L|3L|3L|3L|86|3L|V|3L|2
3L|3L|3L|3L|86|3L|V|3L|2
3L|37|I|3L|86|37|I|3L|1
3L|3L|3L|3L|86|3L|V|3L|2
3L|3L|V|3L|86|3L|V|3L|1
3L|3L|3L|3L|86|3L|V|3L|2
3L|3L|I|3L|86|3L|I|3L|1
3L|35|2E|3L|86|35|2E|3L|1
3L|3L|3L|3L|86|3L|V|3L|2
8S|3L|V|3L|8S|3L|V|3L|1
3L|2T|3L|3L|86|2T|V|3L|1
3L|2T|3M|3L|86|2T|3M|3L|1
3L|3L|3L|3L|86|3L|V|3L|2
3L|3L|3L|3L|86|3L|V|3L|2
3L|3L|3L|3L|86|3L|V|3L|2
3L|3L|3L|3L|86|3L|V|3L|2
3L|3L|3L|3L|86|3L|V|3L|2
3L|2U|3L|3L|86|2U|V|3L|1
7W|2U|3L|3L|7W|2U|V|3L|1
3L|3L|3L|3L|86|3L|V|3L|2
3L|3L|3L|3L|86|3L|V|3L|2
3L|6T|3L|3L|86|6T|V|3L|1
3L|2T|3L|3L|86|2T|V|3L|1
3L|2T|3L|3L|86|2T|V|3L|1
3L|2T|3L|3L|86|2T|V|3L|1
3L|6T|3L|3L|86|6T|V|3L|1
3L|2T|3L|3L|86|2T|V|3L|1
3L|3L|3L|3L|86|3L|V|3L|2
3L|3L|3L|3L|86|3L|V|3L|2
3L|3L|3L|3L|86|3L|V|3L|2
3L|3L|3L|3L|86|3L|V|3L|2
3L|3L|3L|3L|86|3L|V|3L|2
8K|3L|3L|3L|8K|3L|V|3L|1
3L|3L|3L|3L|86|3L|V|3L|2
3L|2T|3L|3L|86|2T|V|3L|1
3L|3L|3L|3L|3L|3L|3L|3L|3
86|3L|V|51|86|3L|V|51|1
3L|3L|3L|3L|86|3L|V|51|2
3L|3L|3L|3L|86|3L|V|51|2
3L|3L|3L|3L|86|3L|V|51|2
3L|3L|3L|3L|86|3L|V|51|2
77|3L|V|26|77|3L|V|26|1
3L|3L|3L|3L|77|3L|V|26|2
3L|3L|3L|3L|77|3L|V|26|2
3L|3L|3L|3L|77|3L|V|26|2
3L|3L|3L|3L|77|3L|V|26|2
8K|3L|I|3L|8K|3L|I|3L|1
3L|3L|3L|3L|8K|3L|I|3L|2
3L|3L|3L|3L|8K|3L|I|3L|2
3L|3L|3L|3L|8K|3L|I|3L|2
3L|3L|3L|3L|8K|3L|I|3L|2
3L|3L|3L|3L|8K|3L|I|3L|2
80|3L|I|3L|80|3L|I|3L|1
3L|3L|3L|3L|80|3L|I|3L|2
3L|3L|3L|3L|80|3L|I|3L|2
3L|3L|3L|3L|80|3L|I|3L|2
3L|3L|3L|3L|80|3L|I|3L|2
3L|3L|3L|3L|80|3L|I|3L|2
3L|3L|3L|3L|80|3L|I|3L|2
3L|3L|3L|3L|80|3L|I|3L|2
9E|3L|I|3L|9E|3L|I|3L|1
3L|3L|3L|3L|9E|3L|I|3L|2
3L|3L|3L|3L|9E|3L|I|3L|2
3L|3L|3L|3L|9E|3L|I|3L|2
3L|3L|3L|3L|9E|3L|I|3L|2
3L|3L|3L|3L|9E|3L|I|3L|2
3L|3L|3L|3L|9E|3L|I|3L|2
3L|3L|3L|3L|9E|3L|I|3L|2
8S|3L|V|3L|8S|3L|V|3L|1
3L|3L|3L|3L|8S|3L|V|3L|2
3L|3L|3L|3L|8S|3L|V|3L|2
3L|3L|3L|3L|8S|3L|V|3L|2
3L|3L|3L|3L|8S|3L|V|3L|2
3L|3L|3L|3L|8S|3L|V|3L|2
3L|3L|3L|3L|8S|3L|V|3L|2
3L|3L|3L|3L|3L|3L|3L|3L|3
86|3L|V|3L|86|3L|V|3L|1
3L|3L|3L|3L|86|3L|V|3L|2
3L|3L|3M|3L|86|3L|3M|3L|1
3L|3L|1|3L|86|3L|1|3L|1
3L|3L|I|3L|86|3L|I|3L|1
3L|3L|I|3L|86|3L|I|3L|1
3L|3L|3L|3L|86|3L|V|3L|2
77|3L|V|3L|77|3L|V|3L|1
3L|3L|3L|3L|77|3L|V|3L|2
3L|3L|I|3L|77|3L|I|3L|1
91|3L|3L|3L|91|3L|V|3L|1
3L|3L|3M|3L|77|3L|3M|3L|1
3L|2U|3L|3L|77|2U|V|3L|1
8K|3L|3L|3L|8K|3L|3L|3L|1
98|3L|3L|3L|98|3L|3L|3L|1
8F|3L|3L|3L|8F|3L|3L|3L|1
3L|2T|3L|3L|8K|2T|3L|3L|1
3L|6T|I|3L|8K|6T|I|3L|1
80|3L|3L|3L|80|3L|3L|3L|1
3L|3L|3L|3L|80|3L|3L|3L|2
3L|6T|3L|3L|80|6T|3L|3L|1
3L|2T|3L|3L|80|2T|3L|3L|1
3L|3L|3L|3L|80|3L|3L|3L|2
9H|3L|I|3L|9H|3L|I|3L|1
3L|2U|3L|3L|80|2U|3L|3L|1
9E|3L|3L|3L|9E|3L|3L|3L|1
3L|3L|3L|3L|9E|3L|3L|3L|2
3L|3L|3L|3L|9E|3L|3L|3L|2
3L|3L|3L|3L|9E|3L|3L|3L|2
9C|3L|3L|3L|9C|3L|3L|3L|1
3L|2U|3L|3L|9E|2U|3L|3L|1
8S|3L|V|3L|8S|3L|V|3L|1
3L|3L|I|3L|8S|3L|I|3L|1
3L|2T|3L|3L|8S|2T|V|3L|1
3L|3L|3L|3L|8S|3L|V|3L|2
3L|3L|2E|3L|8S|3L|2E|3L|1
3L|3L|3L|3L|8S|3L|V|3L|2
3L|2U|3L|3L|8S|2U|V|3L|1
3L|3L|3L|3L|3L|3L|3L|3L|3
3L|3L|3L|3L|3L|3L|3L|3L|3
86|3L|V|3L|86|3L|V|3L|1
83|3L|3L|26|83|3L|V|26|1
7M|3L|3L|3L|7M|3L|V|3L|1
3L|3L|3L|3L|86|3L|V|3L|2
3L|3L|3L|3L|86|3L|V|3L|2
77|3L|I|3L|77|3L|I|3L|1
3L|3L|3L|3L|77|3L|I|3L|2
3L|3L|3L|3L|77|3L|I|3L|2
3L|3L|3L|3L|77|3L|I|3L|2
3L|3L|3L|3L|77|3L|I|3L|2
3L|2U|3L|3L|77|2U|I|3L|1
3L|3L|3L|3L|77|3L|I|3L|2
3L|2U|3L|3L|77|2U|I|3L|1
8K|3L|I|3L|8K|3L|I|3L|1
3L|3L|3L|3L|8K|3L|I|3L|2
3L|3L|3L|3L|8K|3L|I|3L|2
3L|3L|3L|3L|8K|3L|I|3L|2
3L|3L|3L|3L|8K|3L|I|3L|2
3L|2U|3L|3L|8K|2U|I|3L|1
3L|3L|3L|3L|8K|3L|I|3L|2
3L|3L|3L|3L|8K|3L|I|3L|2
80|3L|I|3L|80|3L|I|3L|1
7T|3L|3L|3L|7T|3L|I|3L|1
9H|3L|3L|3L|9H|3L|I|3L|1
3L|3L|3L|3L|80|3L|I|3L|2
3L|3L|3L|3L|80|3L|I|3L|2
3L|3L|3L|3L|80|3L|I|3L|2
3L|3L|3L|3L|80|3L|I|3L|2
80|3L|3L|3L|80|3L|I|3L|1
3L|3L|3L|3L|80|3L|I|3L|2
9H|3L|3L|3L|9H|3L|I|3L|1
80|3L|3L|3L|80|3L|I|3L|1
3L|2U|3L|3L|80|2U|I|3L|1
9E|3L|V|3L|9E|3L|V|3L|1
9C|3L|3L|3L|9C|3L|V|3L|1
8Y|3L|3L|3L|8Y|3L|V|3L|1
3L|3L|3L|3L|9E|3L|V|3L|2
3L|3L|3L|3L|9E|3L|V|3L|2
3L|2U|3L|3L|9E|2U|V|3L|1
3L|3L|3L|3L|9E|3L|V|3L|2
3L|3L|3L|3L|9E|3L|V|3L|2
3L|3L|3L|U|9E|3L|V|U|1
9E|3L|3L|3L|9E|3L|V|3L|1
9E|3L|3M|3L|9E|3L|3M|3L|1
3L|2U|3L|3L|9E|2U|V|3L|1
8S|3L|V|3L|8S|3L|V|3L|1
8Q|3L|3L|3L|8Q|3L|V|3L|1
7G|3L|3L|3L|7G|3L|V|3L|1
3L|3L|3L|3L|8S|3L|V|3L|2
3L|2U|3L|3L|8S|2U|V|3L|1
3L|3L|3L|3L|3L|3L|3L|3L|3
3L|3L|3L|3L|3L|3L|3L|3L|3
3L|3L|3L|2C|3L|3L|3L|2C|1
3L|3L|3L|3L|3L|3L|3L|3L|3
3L|3L|3L|3L|3L|3L|3L|3L|3
3L|3L|3L|3L|3L|3L|3L|3L|3
3L|3L|3L|3L|3L|3L|3L|3L|3
3L|3L|I|26|3L|3L|I|26|1
3L|3L|3L|3L|3L|3L|3L|3L|3
3L|3L|3L|3L|3L|3L|3L|3L|3
3L|3L|3L|3L|3L|3L|3L|3L|3
86|3L|I|3L|86|3L|I|3L|1
3L|3L|3L|3L|86|3L|I|3L|2
3L|3L|V|3L|86|3L|V|3L|1
3L|3L|3L|3L|86|3L|I|3L|2
3L|3L|3L|3L|86|3L|I|3L|2
3L|3L|3L|3L|86|3L|I|3L|2
3L|2U|3L|3L|86|2U|I|3L|1
3L|3L|3L|3L|86|3L|I|3L|2
86|3L|3L|26|86|3L|I|26|1
3L|3L|3L|3L|86|3L|I|3L|2
3L|3L|3L|3L|86|3L|I|3L|2
3L|6T|3L|3L|86|6T|I|3L|1
77|3L|I|3L|77|3L|I|3L|1
3L|3L|3L|3L|77|3L|I|3L|2
3L|3L|3L|3L|77|3L|I|3L|2
3L|3L|3L|3L|77|3L|I|3L|2
3L|3L|3L|3L|77|3L|I|3L|2
3L|3L|3L|3L|77|3L|I|3L|2
3L|3L|3L|3L|77|3L|I|3L|2
3L|3L|3L|3L|77|3L|I|3L|2
3L|2U|3L|3L|77|2U|I|3L|1
3L|3L|3L|3L|77|3L|I|3L|2
3L|3L|I|3L|77|3L|I|3L|1
3L|3L|I|3L|77|3L|I|3L|1
3L|3L|3L|3L|77|3L|I|3L|2
3L|3L|3L|3L|77|3L|I|3L|2
3L|6T|3L|3L|77|6T|I|3L|1
3L|3L|I|3L|77|3L|I|3L|1
8K|3L|I|3L|8K|3L|I|3L|1
3L|3L|3L|3L|8K|3L|I|3L|2
3L|3L|3L|3L|8K|3L|I|3L|2
3L|3L|3M|3L|8K|3L|3M|3L|1
3L|3L|3L|3L|8K|3L|I|3L|2
3L|3L|3L|3L|8K|3L|I|3L|2
3L|3L|3L|3L|8K|3L|I|3L|2
3L|3L|3L|3L|8K|3L|I|3L|2
3L|3L|3L|3L|8K|3L|I|3L|2
3L|3L|I|3L|8K|3L|I|3L|1
8J|3L|3L|3L|8J|3L|I|3L|1
3L|3L|3L|3L|8K|3L|I|3L|2
3L|3L|O|3L|8K|3L|O|3L|1
3L|2U|3L|3L|8K|2U|I|3L|1
80|3L|I|3L|80|3L|I|3L|1
3L|3L|3L|3L|80|3L|I|3L|2
7T|3L|3L|3L|7T|3L|I|3L|1
9H|3L|3L|3L|9H|3L|I|3L|1
3L|3L|3L|3L|80|3L|I|3L|2
3L|3L|3L|3L|80|3L|I|3L|2
3L|3L|3L|3L|80|3L|I|3L|2
3L|3L|3L|3L|80|3L|I|3L|2
3L|2U|3L|3L|80|2U|I|3L|1
3L|3L|3L|3L|80|3L|I|3L|2
3L|3L|3L|3L|80|3L|I|3L|2
80|3L|3L|3L|80|3L|I|3L|1
80|3L|3L|3L|80|3L|I|3L|1
3L|2U|3L|3L|80|2U|I|3L|1
9E|3L|V|3L|9E|3L|V|3L|1
3L|3L|3L|3L|9E|3L|V|3L|2
3L|3L|3L|3L|9E|3L|V|3L|2
3L|3L|3L|3L|9E|3L|V|3L|2
3L|3L|3L|3L|9E|3L|V|3L|2
3L|3L|3L|3L|9E|3L|V|3L|2
3L|3L|3L|3L|9E|3L|V|3L|2
3L|2U|3L|3L|9E|2U|V|3L|1
3L|3L|3L|3L|9E|3L|V|3L|2
3L|3L|3L|3L|9E|3L|V|3L|2
77|2U|3L|3L|77|2U|V|3L|1
3L|3L|I|3L|9E|3L|I|3L|1
8S|3L|I|3L|8S|3L|I|3L|1
3L|3L|3L|3L|8S|3L|I|3L|2
3L|3L|3L|3L|8S|3L|I|3L|2
3L|3L|3L|3L|8S|3L|I|3L|2
3L|2U|3L|3L|8S|2U|I|3L|1
3L|3L|3L|3L|8S|3L|I|3L|2
3L|3L|I|3L|8S|3L|I|3L|1
3L|3L|3L|3L|8S|3L|I|3L|2
3L|2U|3L|3L|8S|2U|I|3L|1
3L|3L|3L|3L|3L|3L|3L|3L|3
3L|3L|3L|3L|3L|3L|3L|3L|3
3L|3L|3L|3L|3L|3L|3L|3L|3
3L|3L|3L|3L|3L|3L|3L|3L|3
3L|3L|3L|3L|3L|3L|3L|3L|3
86|3L|I|3L|86|3L|I|3L|1
83|3L|3L|51|83|3L|I|51|1
7M|3L|3L|26|7M|3L|I|26|1
3L|3L|3L|3L|86|3L|I|3L|2
3L|3L|3L|3L|86|3L|I|3L|2
3L|2U|3L|3L|86|2U|I|3L|1
3L|3L|3L|3L|86|3L|I|3L|2
86|3L|3L|26|86|3L|I|26|1
3L|3L|3L|3L|86|3L|I|3L|2
77|3L|I|3L|77|3L|I|3L|1
3L|3L|3L|3L|77|3L|I|3L|2
3L|3L|3L|3L|77|3L|I|3L|2
3L|3L|3L|3L|77|3L|I|3L|2
3L|3L|3L|3L|77|3L|I|3L|2
3L|2U|3L|3L|77|2U|I|3L|1
3L|3L|3L|3L|77|3L|I|3L|2
3L|3L|3L|3L|77|3L|I|3L|2
3L|3L|3L|3L|77|3L|I|3L|2
3L|3L|3L|3L|77|3L|I|3L|2
3L|3L|I|3L|77|3L|I|3L|1
8K|3L|I|3L|8K|3L|I|3L|1
3L|3L|3L|3L|8K|3L|I|3L|2
3L|3L|3L|3L|8K|3L|I|3L|2
3L|2U|3L|3L|8K|2U|I|3L|1
3L|3L|3L|3L|8K|3L|I|3L|2
8K|3L|S|3L|8K|3L|S|3L|1
3L|3L|3L|3L|8K|3L|I|3L|2
3L|3L|3L|3L|8K|3L|I|3L|2
3L|2U|3L|3L|8K|2U|I|3L|1
80|3L|V|3L|80|3L|V|3L|1
3L|3L|3L|3L|80|3L|V|3L|2
3L|3L|3L|3L|80|3L|V|3L|2
3L|3L|3L|3L|80|3L|V|3L|2
3L|2U|3L|3L|80|2U|V|3L|1
3L|3L|3L|3L|80|3L|V|3L|2
80|3L|V|3L|80|3L|V|3L|1
9J|3L|3M|3L|9J|3L|3M|3L|1
77|3L|3L|3L|77|3L|V|3L|1
3L|3L|3L|3L|80|3L|V|3L|2
9E|3L|V|3L|9E|3L|V|3L|1
3L|3L|3L|3L|9E|3L|V|3L|2
3L|3L|3L|3L|9E|3L|V|3L|2
3L|2U|3L|3L|9E|2U|V|3L|1
3L|3L|3L|3L|9E|3L|V|3L|2
9E|3L|3M|3L|9E|3L|3M|3L|1
9E|3L|3M|3L|9E|3L|3M|3L|1
3L|3L|3L|3L|9E|3L|V|3L|2
3L|3L|3L|3L|9E|3L|V|3L|2
8S|3L|V|3L|8S|3L|V|3L|1
3L|3L|3L|3L|8S|3L|V|3L|2
3L|3L|3L|3L|8S|3L|V|3L|2
3L|3L|3L|3L|8S|3L|V|3L|2
3L|2U|3L|3L|8S|2U|V|3L|1
3L|3L|3L|3L|8S|3L|V|3L|2
8S|3L|3M|3L|8S|3L|3M|3L|1
3L|3L|3L|3L|8S|3L|V|3L|2
7K|3L|3L|3L|7K|3L|V|3L|1
3L|3L|3L|3L|8S|3L|V|3L|2
3L|3L|3L|3L|8S|3L|V|3L|2
3L|3L|3L|3L|3L|3L|3L|3L|3
3L|3L|3L|3L|3L|3L|3L|3L|3
3L|3L|3L|3L|3L|3L|3L|3L|3
3L|3L|3L|3L|3L|3L|3L|3L|3
3L|3L|3L|3L|3L|3L|3L|3L|3
86|3L|I|3L|86|3L|I|3L|1
3L|3L|3L|3L|86|3L|I|3L|2
3L|3L|3L|3L|86|3L|I|3L|2
3L|3L|3L|3L|86|3L|I|3L|2
3L|3L|3L|3L|86|3L|I|3L|2
3L|2U|3L|3L|86|2U|I|3L|1
3L|3L|3L|3L|86|3L|I|3L|2
89|3L|3L|3L|89|3L|I|3L|1
3L|3L|I|3L|86|3L|I|3L|1
3L|3L|4V|3L|86|3L|4V|3L|1
3L|3L|3N|3L|86|3L|3N|3L|1
3L|2U|3L|3L|86|2U|I|3L|1
77|3L|I|3L|77|3L|I|3L|1
3L|3L|3L|3L|77|3L|I|3L|2
3L|3L|3L|3L|77|3L|I|3L|2
3L|3L|3L|3L|77|3L|I|3L|2
3L|3L|3L|3L|77|3L|I|3L|2
3L|2U|3L|3L|77|2U|I|3L|1
3L|3L|3L|3L|77|3L|I|3L|2
3L|3L|I|3L|77|3L|I|3L|1
3L|3L|3L|3L|77|3L|I|3L|2
3L|2U|3L|3L|77|2U|I|3L|1
8K|3L|V|3L|8K|3L|V|3L|1
3L|3L|3L|3L|8K|3L|V|3L|2
98|3L|3L|3L|98|3L|V|3L|1
3L|3L|3L|3L|8K|3L|V|3L|2
3L|3L|3L|3L|8K|3L|V|3L|2
3L|2U|3L|3L|8K|2U|V|3L|1
3L|3L|3L|3L|8K|3L|V|3L|2
9A|3L|3L|3L|9A|3L|V|3L|1
3L|3L|3M|3L|8K|3L|3M|3L|1
3L|2U|3L|3L|8K|2U|V|3L|1
80|3L|I|3L|80|3L|I|3L|1
3L|3L|3L|3L|80|3L|I|3L|2
3L|3L|3L|3L|80|3L|I|3L|2
3L|3L|3L|3L|80|3L|I|3L|2
9H|3L|I|3L|9H|3L|I|3L|1
3L|3L|3L|3L|80|3L|I|3L|2
3L|3L|3L|3L|80|3L|I|3L|2
3L|3L|3L|3L|80|3L|I|3L|2
3L|3L|I|3L|80|3L|I|3L|1
3L|2T|3L|3L|80|2T|I|3L|1
3L|3L|3L|3L|80|3L|I|3L|2
9E|3L|I|3L|9E|3L|I|3L|1
3L|3L|3L|3L|9E|3L|I|3L|2
3L|3L|3L|3L|9E|3L|I|3L|2
3L|2U|3L|3L|9E|2U|I|3L|1
3L|3L|3L|3L|9E|3L|I|3L|2
3L|3L|3L|3L|9E|3L|I|3L|2
3L|3L|3L|3L|9E|3L|I|3L|2
8Z|3L|1|3L|8Z|3L|1|3L|1
3L|2U|3L|3L|9E|2U|I|3L|1
8S|3L|I|3L|8S|3L|I|3L|1
3L|3L|3L|3L|8S|3L|I|3L|2
3L|3L|3L|3L|8S|3L|I|3L|2
3L|3L|3L|3L|8S|3L|I|3L|2
3L|3L|3L|3L|8S|3L|I|3L|2
3L|3L|3L|3L|8S|3L|I|3L|2
3L|3L|3L|3L|8S|3L|I|3L|2
3L|2U|3L|3L|8S|2U|I|3L|1
3L|3L|3L|3L|8S|3L|I|3L|2
3L|3L|3L|3L|8S|3L|I|3L|2
3L|3L|I|3L|8S|3L|I|3L|1
3L|3L|4V|3L|8S|3L|4V|3L|1
3L|3L|3L|3L|8S|3L|I|3L|2
8Q|3L|3L|3L|8Q|3L|I|3L|1
3L|3L|3L|3L|3L|3L|3L|3L|3
3L|3L|3L|3L|3L|3L|3L|3L|3
3L|3L|3L|3L|3L|3L|3L|3L|3
3L|3L|3L|3L|3L|3L|3L|3L|3
3L|3L|3L|3L|3L|3L|3L|3L|3
3L|3L|3L|3L|3L|3L|3L|3L|3
86|3L|I|3L|86|3L|I|3L|1
77|3L|V|3L|77|3L|V|3L|1
3L|3L|1|3L|77|3L|1|3L|1
3L|3L|3L|3L|77|3L|V|3L|2
3L|3L|3L|3L|77|3L|V|3L|2
3L|3L|3L|3L|77|3L|V|3L|2
3L|3L|3L|3L|77|3L|V|3L|2
77|3L|1|3L|77|3L|1|3L|1
91|3L|1|3L|91|3L|1|3L|1
3L|2U|3L|3L|77|2U|V|3L|1
8K|3L|I|3L|8K|3L|I|3L|1
80|3L|V|3L|80|3L|V|3L|1
3L|3L|3M|3L|80|3L|3M|3L|1
3L|3L|3L|3L|80|3L|V|3L|2
3L|3L|3L|3L|80|3L|V|3L|2
3L|3L|3L|3L|80|3L|V|3L|2
3L|3L|3L|3L|80|3L|V|3L|2
80|3L|V|3L|80|3L|V|3L|1
3L|3L|4W|3L|80|3L|4W|3L|1
3L|2U|3L|3L|80|2U|V|3L|1
9E|3L|I|3L|9E|3L|I|3L|1
8S|3L|V|3L|8S|3L|V|3L|1
3L|3L|3M|3L|8S|3L|3M|3L|1
3L|3L|3L|3L|8S|3L|V|3L|2
3L|3L|3L|3L|8S|3L|V|3L|2
3L|3L|3L|3L|8S|3L|V|3L|2
3L|3L|3L|3L|8S|3L|V|3L|2
3L|3L|3M|3L|8S|3L|3M|3L|1
3L|3L|1|3L|8S|3L|1|3L|1
3L|3L|1|3L|8S|3L|1|3L|1
3L|3L|3L|3L|8S|3L|V|3L|2
3L|2U|3L|3L|8S|2U|V|3L|1
3L|2U|V|3L|3L|2U|V|3L|1
3L|3L|3L|3L|3L|2U|V|3L|2
3L|3L|3L|3L|3L|3L|3L|3L|3
3L|3L|T|3L|3L|3L|T|3L|1
3L|3L|3L|3L|3L|3L|3L|3L|3
3L|3L|3L|3L|3L|3L|3L|3L|3
3L|3L|1|3L|3L|3L|1|3L|1
3L|3L|3M|3L|3L|3L|3M|3L|1
3L|3L|1|3L|3L|3L|1|3L|1
3L|3L|3L|3L|3L|3L|3L|3L|3
3L|3L|3L|3L|3L|3L|3L|3L|3
3L|3L|3L|3L|3L|3L|3L|3L|3
3L|3L|3L|3L|3L|3L|3L|3L|3
3L|3L|3L|3L|3L|3L|3L|3L|3
3L|3L|3L|3L|3L|3L|3L|3L|3
3L|3L|3L|3L|3L|3L|3L|3L|3
3L|3L|3L|3L|3L|3L|3L|3L|3
3L|3L|3L|3L|3L|3L|3L|3L|3
3L|3L|V|3L|3L|3L|V|3L|1
7T|3L|3L|3L|7T|3L|V|3L|1
9C|3L|3L|3L|9C|3L|V|3L|1
8Q|3L|3L|3L|8Q|3L|V|3L|1
9H|3L|3L|3L|9H|3L|V|3L|1
8Y|3L|3L|3L|8Y|3L|V|3L|1
7G|3L|3L|3L|7G|3L|V|3L|1
3L|3L|3L|3L|3L|3L|3L|3L|3
3L|3L|3L|3L|3L|3L|3L|3L|3
3L|3L|3L|26|3L|3L|3L|26|1
3L|3L|3L|3L|3L|3L|3L|3L|3
3L|3L|3L|3L|3L|3L|3L|3L|3
3L|3L|3L|3L|3L|3L|3L|3L|3
3L|3L|3L|3L|3L|3L|3L|3L|3
3L|3L|3L|3L|3L|3L|3L|3L|3
3L|3L|3L|3L|3L|3L|3L|3L|3
3L|3L|2E|3L|3L|3L|2E|3L|1
3L|3L|1|3L|3L|3L|1|3L|1
3L|3L|3L|3L|3L|3L|3L|3L|3
3L|3L|3L|3L|3L|3L|3L|3L|3
3L|3L|1|3L|3L|3L|1|3L|1
3L|3L|3L|3L|3L|3L|3L|3L|3
3L|3L|I|3L|3L|3L|I|3L|1
3L|3L|3L|3L|3L|3L|3L|3L|3
3L|3L|3L|3L|3L|3L|3L|3L|3
3L|3L|3L|3L|3L|3L|3L|3L|3
80|3L|V|3L|80|3L|V|3L|1
80|2U|3L|3L|80|2U|3L|3L|1
9E|3L|3L|3L|9E|3L|3L|3L|1
9E|3L|3L|3L|9E|3L|3L|3L|1
8S|3L|3L|3L|8S|3L|3L|3L|1
8S|2U|3L|3L|8S|2U|3L|3L|1
3L|3L|3L|3L|3L|3L|3L|3L|3
3L|3L|3L|3L|3L|3L|3L|3L|3
86|3L|V|3L|86|3L|V|3L|1
3L|3L|3L|3L|86|3L|V|3L|2
83|3L|3L|3L|83|3L|V|3L|1
7M|3L|3L|3L|7M|3L|V|3L|1
3L|3L|3L|3L|86|3L|V|3L|2
3L|3L|3L|4O|86|3L|V|4O|1
77|3L|I|3L|77|3L|I|3L|1
8K|3L|V|3L|8K|3L|V|3L|1
8F|3L|3L|3L|8F|3L|V|3L|1
98|3L|3L|3L|98|3L|V|3L|1
3L|3L|3L|3L|8K|3L|V|3L|2
3L|3L|3L|3L|8K|3L|V|3L|2
3L|3L|3L|3L|8K|3L|V|3L|2
80|3L|I|3L|80|3L|I|3L|1
9E|3L|V|3L|9E|3L|V|3L|1
3L|3L|3L|3L|9E|3L|V|3L|2
3L|3L|3L|3L|9E|3L|V|3L|2
3L|3L|3L|3L|9E|3L|V|3L|2
3L|3L|3L|3L|9E|3L|V|3L|2
8S|3L|I|3L|8S|3L|I|3L|1
3L|3L|3L|3L|3L|3L|3L|3L|3
3L|3L|3L|3L|3L|3L|3L|3L|3
3L|3L|3L|3L|3L|3L|3L|3L|3
3L|3L|3L|3L|3L|3L|3L|3L|3
3L|3L|3L|3L|3L|3L|3L|3L|3
3L|3L|3L|3L|3L|3L|3L|3L|3
3L|3L|3L|3L|3L|3L|3L|3L|3
3L|3L|3L|3L|3L|3L|3L|3L|3
3L|3L|3L|3L|3L|3L|3L|3L|3
3L|3L|I|3L|3L|3L|I|3L|1
3L|3L|3L|3L|3L|3L|3L|3L|3
3L|3L|I|3L|3L|3L|I|3L|1
3L|3L|3L|3L|3L|3L|3L|3L|3
3L|3L|3L|3L|3L|3L|3L|3L|3
3L|3L|3L|3L|3L|3L|3L|3L|3
7D|3L|K|51|7D|3L|K|51|1
3L|3L|3L|3L|3L|3L|3L|3L|3
3L|3L|3L|3L|3L|3L|3L|3L|3
3L|3L|3L|3L|3L|3L|3L|3L|3
3L|3L|3L|3L|3L|3L|3L|3L|3
3L|3L|3L|3L|3L|3L|3L|3L|3
3L|3L|3L|3L|3L|3L|3L|3L|3
98|3L|3L|3L|98|3L|3L|3L|1
8F|3L|3L|3L|8F|3L|3L|3L|1
83|3L|3L|3L|83|3L|3L|3L|1
3L|3L|V|3L|83|3L|V|3L|1
7M|3L|3L|3L|7M|3L|3L|3L|1
3L|3L|3L|3L|7M|3L|3L|3L|2
9E|3L|3L|3L|9E|3L|3L|3L|1
7D|3L|K|3L|7D|3L|K|3L|1
3L|3L|3L|4O|3L|3L|3L|4O|1
3L|3L|3L|3L|3L|3L|3L|3L|3
3L|3L|3R|3L|3L|3L|3R|3L|1
3L|2U|3L|3L|3L|2U|3L|3L|1
3L|2U|V|3L|3L|2U|V|3L|1
3L|3L|3L|3L|3L|2U|3L|3L|2
3L|3L|3L|3L|3L|2U|3L|3L|2
3L|3L|3L|26|3L|2U|3L|26|1
3L|2U|3L|3L|3L|2U|3L|3L|1
3L|3L|3L|3L|3L|3L|3L|3L|3
3L|3L|3L|3L|3L|3L|3L|3L|3
3L|3L|3L|3L|3L|3L|3L|3L|3
3L|3L|3L|3L|3L|3L|3L|3L|3
3L|3L|3L|3L|3L|3L|3L|3L|3
86|3L|V|3L|86|3L|V|3L|1
3L|3L|3L|3L|86|3L|V|3L|2
3L|3L|3L|3L|86|3L|V|3L|2
3L|3L|3L|3L|86|3L|V|3L|2
3L|3L|3L|3L|86|3L|V|3L|2
77|3L|I|3L|77|3L|I|3L|1
8K|3L|I|3L|8K|3L|I|3L|1
80|3L|I|3L|80|3L|I|3L|1
9E|3L|V|3L|9E|3L|V|3L|1
3L|3L|3L|3L|9E|3L|V|3L|2
3L|3L|3L|3L|9E|3L|V|3L|2
3L|3L|3L|3L|9E|3L|V|3L|2
3L|3L|3L|3L|9E|3L|V|3L|2
3L|3L|3L|3L|9E|3L|V|3L|2
8S|3L|V|3L|8S|3L|V|3L|1
8Q|3L|3L|26|8Q|3L|V|26|1
7G|3L|3L|4O|7G|3L|V|4O|1
8S|3L|3L|3L|8S|3L|V|3L|1
3L|2U|3L|3L|8S|2U|V|3L|1
3L|3L|3L|3L|3L|3L|3L|3L|3
3L|3L|3L|3L|3L|3L|3L|3L|3
3L|3L|3L|3L|3L|3L|3L|3L|3
3L|3L|3L|26|3L|3L|3L|26|1
3L|3L|3L|3L|3L|3L|3L|3L|3
3L|3L|3L|3L|3L|3L|3L|3L|3
3L|3L|3L|3L|3L|3L|3L|3L|3
8K|3L|3L|3L|8K|3L|3L|3L|1
80|3L|I|3L|80|3L|I|3L|1
86|3L|3L|3L|86|3L|3L|3L|1
3L|2T|I|3L|86|2T|I|3L|1
3L|2U|3L|3L|86|2U|3L|3L|1
3L|3L|3L|3L|86|3L|3L|3L|2
9E|3L|3L|3L|9E|3L|3L|3L|1
9E|3L|3L|3L|9E|3L|3L|3L|1
3L|3L|3L|51|9E|3L|3L|51|1
8Y|3L|3L|3L|8Y|3L|3L|3L|1
8S|3L|3L|3L|8S|3L|3L|3L|1
8Q|3L|3M|3L|8Q|3L|3M|3L|1
3L|3L|3L|3L|3L|3L|3L|3L|3
3L|2U|3L|3L|3L|2U|3L|3L|1
77|3L|1|3L|77|3L|1|3L|1
3L|3L|I|3L|3L|3L|I|3L|1
3L|3L|3L|3L|3L|3L|3L|3L|3
3L|3L|3L|3L|3L|3L|3L|3L|3
86|3L|I|3L|86|3L|I|3L|1
77|3L|V|3L|77|3L|V|3L|1
3L|3L|3L|3L|77|3L|V|3L|2
77|3L|1|3L|77|3L|1|3L|1
3L|3L|3L|3L|77|3L|V|3L|2
8K|3L|3L|3L|8K|3L|3L|3L|1
80|3L|V|3L|80|3L|V|3L|1
3L|3L|3L|3L|80|3L|V|3L|2
3L|3L|1|3L|80|3L|1|3L|1
9E|3L|I|3L|9E|3L|I|3L|1
8S|3L|V|3L|8S|3L|V|3L|1
3L|3L|3L|3L|8S|3L|V|3L|2
3L|3L|3L|3L|8S|3L|V|3L|2
3L|3L|3L|3L|3L|3L|3L|3L|3
3L|3L|1|3L|3L|3L|1|3L|1
3L|3L|1|3L|3L|3L|1|3L|1
3L|3L|3L|3L|3L|3L|3L|3L|3
3L|2U|3L|3L|3L|2U|3L|3L|1
3L|3L|3L|3L|3L|3L|3L|3L|3
3L|3L|3L|3L|3L|3L|3L|3L|3
3L|3L|1|3L|3L|3L|1|3L|1
3L|3L|1|3L|3L|3L|1|3L|1
3L|3L|3L|3L|3L|3L|3L|3L|3
3L|3L|3L|3L|3L|3L|3L|3L|3
3L|3L|1|3L|3L|3L|1|3L|1
3L|3L|3L|3L|3L|3L|3L|3L|3
3L|3L|J|3L|3L|3L|J|3L|1
3L|3L|3L|3L|3L|3L|3L|3L|3
3L|3L|3L|3L|3L|3L|3L|3L|3
3L|3L|3L|3L|3L|3L|3L|3L|3
3L|3L|3L|3L|3L|3L|3L|3L|3
3L|6T|3L|3L|3L|6T|3L|3L|1
3L|6T|3L|3L|3L|6T|3L|3L|1
3L|3L|3L|3L|3L|3L|3L|3L|3
8K|3L|I|3L|8K|3L|I|3L|1
3L|3L|3L|3L|3L|3L|3L|3L|3
3L|3L|V|3L|3L|3L|V|3L|1
3L|3L|3L|3L|3L|3L|3L|3L|3
3L|3L|3L|3L|3L|3L|3L|3L|3
3L|3L|3L|3L|3L|3L|3L|3L|3
3L|3L|3L|3L|3L|3L|3L|3L|3
86|3L|V|3L|86|3L|V|3L|1
3L|3L|3L|3L|86|3L|V|3L|2
3L|3L|3L|3L|86|3L|V|3L|2
3L|3L|3L|3L|86|3L|V|3L|2
3L|3L|3L|3L|86|3L|V|3L|2
3L|3L|3L|3L|86|3L|V|3L|2
86|3L|3L|3L|86|3L|V|3L|1
3L|3L|3L|3L|86|3L|V|3L|2
3L|3L|3L|3L|86|3L|V|3L|2
3L|3L|3L|3L|86|3L|V|3L|2
77|3L|V|3L|77|3L|V|3L|1
73|3L|3L|3L|73|3L|V|3L|1
90|3L|3L|3L|90|3L|V|3L|1
3L|3L|3L|3L|77|3L|V|3L|2
3L|3L|3L|3L|77|3L|V|3L|2
73|3L|3L|3L|73|3L|V|3L|1
3L|3L|I|3L|77|3L|I|3L|1
3L|3L|3L|3L|77|3L|V|3L|2
3L|3L|3L|3L|77|3L|V|3L|2
3L|2U|3L|3L|77|2U|V|3L|1
8K|3L|I|3L|8K|3L|I|3L|1
80|3L|I|3L|80|3L|I|3L|1
9E|3L|I|3L|9E|3L|I|3L|1
8S|3L|V|26|8S|3L|V|26|1
3L|3L|3L|3L|8S|3L|V|26|2
3L|3L|3L|3L|8S|3L|V|26|2
8Q|3L|3L|3L|8Q|3L|V|26|1
3L|3L|3L|3L|8S|3L|V|26|2
3L|3L|3L|3L|3L|3L|3L|3L|3
3L|2U|3L|3L|3L|2U|3L|3L|1
3L|3L|3L|3L|3L|3L|3L|3L|3
3L|3L|3L|3L|3L|3L|3L|3L|3
3L|3L|3L|3L|3L|3L|3L|3L|3
3L|3L|3L|3L|3L|3L|3L|3L|3
3L|3L|3L|3L|3L|3L|3L|3L|3
3L|3L|3L|3L|3L|3L|3L|3L|3
3L|3L|3L|3L|3L|3L|3L|3L|3
3L|3L|O|3L|3L|3L|O|3L|1
3L|3L|3L|3L|3L|3L|3L|3L|3
3L|3L|3L|3L|3L|3L|3L|3L|3
3L|3L|I|3L|3L|3L|I|3L|1
3L|3L|I|3L|3L|3L|I|3L|1
3L|3L|3L|3L|3L|3L|3L|3L|3
3L|3L|3L|3L|3L|3L|3L|3L|3
86|3L|V|3L|86|3L|V|3L|1
3L|3L|3L|3L|86|3L|V|3L|2
3L|3L|3L|3L|86|3L|V|3L|2
3L|37|3L|3L|86|37|V|3L|1
7M|3L|3L|3L|7M|3L|V|3L|1
7M|3L|I|3L|7M|3L|I|3L|1
83|3L|I|3L|83|3L|I|3L|1
3L|3L|V|3L|7M|3L|V|3L|1
3L|3L|V|3L|7M|3L|V|3L|1
77|3L|I|3L|77|3L|I|3L|1
8K|3L|V|3L|8K|3L|V|3L|1
3L|3L|3L|3L|8K|3L|V|3L|2
3L|3L|3L|3L|8K|3L|V|3L|2
3L|3L|3L|3L|8K|3L|V|3L|2
3L|3L|3L|3L|8K|3L|V|3L|2
3L|3L|3L|3L|8K|3L|V|3L|2
3L|3L|3L|3L|8K|3L|V|3L|2
3L|6T|3L|3L|8K|6T|V|3L|1
80|3L|I|3L|80|3L|I|3L|1
9E|3L|V|3L|9E|3L|V|3L|1
3L|3L|3L|3L|9E|3L|V|3L|2
3L|3L|3L|3L|9E|3L|V|3L|2
3L|3L|3L|3L|9E|3L|V|3L|2
3L|3L|3L|3L|9E|3L|V|3L|2
3L|3L|3L|3L|9E|3L|V|3L|2
3L|2U|3M|3L|9E|2U|3M|3L|1
3L|3L|3L|3L|9E|3L|V|3L|2
8S|3L|I|3L|8S|3L|I|3L|1
3L|3L|3L|3L|3L|3L|3L|3L|3
3L|2U|3L|3L|3L|2U|3L|3L|1
3L|3L|3L|3L|3L|3L|3L|3L|3
3L|3L|3L|3L|3L|3L|3L|3L|3
3L|3L|3L|3L|3L|3L|3L|3L|3
3L|3L|3L|3L|3L|3L|3L|3L|3
3L|3L|3L|3L|3L|3L|3L|3L|3
3L|3L|3L|3L|3L|3L|3L|3L|3
3L|3L|3L|3L|3L|3L|3L|3L|3
3L|3L|I|3L|3L|3L|I|3L|1
3L|3L|3L|3L|3L|3L|3L|3L|3
3L|3L|3L|3L|3L|3L|3L|3L|3
3L|3L|3L|3L|3L|3L|3L|3L|3
3L|3L|3L|3L|3L|3L|3L|3L|3
3L|3L|3L|3L|3L|3L|3L|3L|3
3L|3L|3L|3L|3L|3L|3L|3L|3
3L|3L|3L|3L|3L|3L|3L|3L|3
3L|3L|3L|3L|3L|3L|3L|3L|3
3L|3L|3L|3L|3L|3L|3L|3L|3
86|3L|V|3L|86|3L|V|3L|1
3L|3L|3L|3L|86|3L|V|3L|2
3L|3L|3L|3L|86|3L|V|3L|2
3L|3L|3L|3L|86|3L|V|3L|2
3L|3L|3L|3L|86|3L|V|3L|2
3L|3L|3L|3L|86|3L|V|3L|2
3L|3L|3L|3L|86|3L|V|3L|2
3L|3L|3M|51|86|3L|3M|51|1
3L|6T|3L|51|86|6T|V|51|1
77|3L|I|3L|77|3L|I|3L|1
8K|3L|V|3L|8K|3L|V|3L|1
3L|3L|3L|3L|8K|3L|V|3L|2
3L|3L|3L|3L|8K|3L|V|3L|2
3L|3L|3L|3L|8K|3L|V|3L|2
3L|3L|3L|3L|8K|3L|V|3L|2
3L|3L|3L|3L|8K|3L|V|3L|2
3L|3L|3L|3L|8K|3L|V|3L|2
3L|2U|3L|3L|8K|2U|V|3L|1
80|3L|I|3L|80|3L|I|3L|1
9E|3L|V|3L|9E|3L|V|3L|1
3L|3L|3L|3L|9E|3L|V|3L|2
3L|3L|3L|3L|9E|3L|V|3L|2
3L|3L|3L|3L|9E|3L|V|3L|2
3L|3L|3L|3L|9E|3L|V|3L|2
3L|3L|3M|3L|9E|3L|3M|3L|1
3L|3L|3L|3L|9E|3L|V|3L|2
3L|3L|I|3L|9E|3L|I|3L|1
3L|3L|3L|3L|9E|3L|V|3L|2
3L|3L|3L|3L|9E|3L|V|3L|2
3L|3L|3L|3L|9E|3L|V|3L|2
3L|2U|3L|3L|9E|2U|V|3L|1
8S|3L|I|3L|8S|3L|I|3L|1
3L|2U|3L|3L|3L|2U|3L|3L|1
3L|3L|3L|3L|3L|2U|3L|3L|2
3L|2U|3L|3L|3L|2U|3L|3L|1
3L|3L|3L|3L|3L|3L|3L|3L|3
3L|3L|3L|3L|3L|3L|3L|3L|3
3L|3L|3L|3L|3L|3L|3L|3L|3
3L|3L|3L|3L|3L|3L|3L|3L|3
8K|3L|O|3L|8K|3L|O|3L|1
3L|3L|3L|3L|3L|3L|3L|3L|3
3L|3L|3L|3L|3L|3L|3L|3L|3
3L|3L|3L|3L|3L|3L|3L|3L|3
3L|3L|3L|3L|3L|3L|3L|3L|3
3L|3L|3L|3L|3L|3L|3L|3L|3
3L|3L|3L|3L|3L|3L|3L|3L|3
3L|3L|3L|3L|3L|3L|3L|3L|3
3L|3L|3L|3L|3L|3L|3L|3L|3
3L|3L|3L|3L|3L|3L|3L|3L|3
3L|3L|3L|3L|3L|3L|3L|3L|3
3L|3L|3L|3L|3L|3L|3L|3L|3
3L|3L|3L|3L|3L|3L|3L|3L|3
3L|3L|3L|3L|3L|3L|3L|3L|3
3L|3L|3L|3L|3L|3L|3L|3L|3
3L|3L|3L|3L|3L|3L|3L|3L|3
3L|3L|3L|3L|3L|3L|3L|3L|3
3L|3L|3L|3L|3L|3L|3L|3L|3
3L|3L|3L|3L|3L|3L|3L|3L|3
3L|3L|3L|3L|3L|3L|3L|3L|3
3L|3L|3L|3L|3L|3L|3L|3L|3
3L|3L|3L|3L|3L|3L|3L|3L|3
3L|3L|3L|3L|3L|3L|3L|3L|3
3L|3L|3L|3L|3L|3L|3L|3L|3
3L|3L|3L|3L|3L|3L|3L|3L|3
3L|3L|3L|3L|3L|3L|3L|3L|3
3L|3L|3L|3L|3L|3L|3L|3L|3
3L|3L|3L|3L|3L|3L|3L|3L|3
3L|3L|3L|3L|3L|3L|3L|3L|3
3L|3L|3L|3L|3L|3L|3L|3L|3
3L|3L|3L|3L|3L|3L|3L|3L|3
3L|3L|3L|3L|3L|3L|3L|3L|3
3L|3L|3L|3L|3L|3L|3L|3L|3
3L|3L|3L|3L|3L|3L|3L|3L|3
3L|3L|3L|3L|3L|3L|3L|3L|3
3L|3L|3L|3L|3L|3L|3L|3L|3
3L|3L|3L|3L|3L|3L|3L|3L|3
3L|3L|3L|3L|3L|3L|3L|3L|3
3L|3L|3L|3L|3L|3L|3L|3L|3
3L|3L|3L|3L|3L|3L|3L|3L|3
3L|3L|3L|3L|3L|3L|3L|3L|3
3L|3L|3L|3L|3L|3L|3L|3L|3
3L|3L|3L|3L|3L|3L|3L|3L|3
3L|3L|V|3L|3L|3L|V|3L|1
3L|3L|3L|3L|3L|3L|3L|3L|3
3L|3L|3L|3L|3L|3L|3L|3L|3
3L|3L|3L|3L|3L|3L|3L|3L|3
3L|3L|3L|3L|3L|3L|3L|3L|3
3L|3L|3L|3L|3L|3L|3L|3L|3
3L|3L|3L|3L|3L|3L|3L|3L|3
3L|3L|3L|3L|3L|3L|3L|3L|3
3L|3L|3L|3L|3L|3L|3L|3L|3
3L|3L|3L|3L|3L|3L|3L|3L|3
3L|3L|3L|3L|3L|3L|3L|3L|3
3L|3L|3L|3L|3L|3L|3L|3L|3
3L|3L|3L|3L|3L|3L|3L|3L|3
3L|3L|3L|3L|3L|3L|3L|3L|3
3L|3L|3L|3L|3L|3L|3L|3L|3
3L|3L|3L|3L|3L|3L|3L|3L|3
3L|3L|3L|3L|3L|3L|3L|3L|3
3L|3L|3L|3L|3L|3L|3L|3L|3
3L|3L|3L|3L|3L|3L|3L|3L|3
3L|3L|3L|3L|3L|3L|3L|3L|3
3L|3L|3L|3L|3L|3L|3L|3L|3
3L|3L|3L|3L|3L|3L|3L|3L|3
3L|3L|3L|3L|3L|3L|3L|3L|3
3L|3L|3L|3L|3L|3L|3L|3L|3
3L|3L|3L|3L|3L|3L|3L|3L|3
3L|3L|3L|3L|3L|3L|3L|3L|3
3L|3L|3L|3L|3L|3L|3L|3L|3
3L|3L|3L|3L|3L|3L|3L|3L|3
3L|3L|3L|3L|3L|3L|3L|3L|3
3L|3L|3L|3L|3L|3L|3L|3L|3
3L|3L|3L|3L|3L|3L|3L|3L|3
3L|3L|3L|3L|3L|3L|3L|3L|3
3L|3L|3L|3L|3L|3L|3L|3L|3
3L|3L|3L|3L|3L|3L|3L|3L|3
3L|3L|3L|3L|3L|3L|3L|3L|3
3L|3L|3L|3L|3L|3L|3L|3L|3
3L|3L|3L|3L|3L|3L|3L|3L|3
3L|3L|3L|3L|3L|3L|3L|3L|3
3L|3L|3L|3L|3L|3L|3L|3L|3
3L|3L|3L|3L|3L|3L|3L|3L|3
3L|3L|3L|3L|3L|3L|3L|3L|3
3L|3L|3L|3L|3L|3L|3L|3L|3
3L|3L|3L|3L|3L|3L|3L|3L|3
3L|3L|3L|3L|3L|3L|3L|3L|3
3L|3L|3L|3L|3L|3L|3L|3L|3
3L|3L|V|3L|3L|3L|V|3L|1
3L|3L|3L|3L|3L|3L|3L|3L|3
3L|3L|3L|3L|3L|3L|3L|3L|3
3L|3L|3L|3L|3L|3L|3L|3L|3
3L|3L|V|3L|3L|3L|V|3L|1
3L|3L|3L|3L|3L|3L|3L|3L|3
3L|3L|3L|3L|3L|3L|3L|3L|3
3L|3L|3L|3L|3L|3L|3L|3L|3
3L|3L|3L|3L|3L|3L|3L|3L|3
3L|3L|3L|3L|3L|3L|3L|3L|3
3L|3L|3L|3L|3L|3L|3L|3L|3
3L|3L|3L|3L|3L|3L|3L|3L|3
3L|3L|3L|3L|3L|3L|3L|3L|3
3L|3L|3L|3L|3L|3L|3L|3L|3
3L|3L|3L|3L|3L|3L|3L|3L|3
3L|3L|3L|3L|3L|3L|3L|3L|3
3L|3L|3L|3L|3L|3L|3L|3L|3
3L|3L|3L|3L|3L|3L|3L|3L|3
3L|3L|3L|3L|3L|3L|3L|3L|3
3L|3L|3L|3L|3L|3L|3L|3L|3
3L|3L|3L|3L|3L|3L|3L|3L|3
3L|3L|3L|3L|3L|3L|3L|3L|3
3L|3L|V|3L|3L|3L|V|3L|1
3L|3L|3L|3L|3L|3L|3L|3L|3
3L|3L|3L|3L|3L|3L|3L|3L|3
3L|3L|V|3L|3L|3L|V|3L|1
3L|3L|3L|3L|3L|3L|3L|3L|3
3L|3L|3L|3L|3L|3L|3L|3L|3
3L|3L|V|3L|3L|3L|V|3L|1
3L|3L|3L|3L|3L|3L|3L|3L|3
3L|3L|3L|3L|3L|3L|3L|3L|3
3L|3L|V|3L|3L|3L|V|3L|1
3L|3L|3L|3L|3L|3L|3L|3L|3
3L|3L|3L|3L|3L|3L|3L|3L|3
3L|3L|3L|3L|3L|3L|3L|3L|3
3L|3L|3L|3L|3L|3L|3L|3L|3
3L|3L|3L|3L|3L|3L|3L|3L|3
3L|3L|V|3L|3L|3L|V|3L|1
3L|3L|3L|3L|3L|3L|3L|3L|3
3L|3L|3L|3L|3L|3L|3L|3L|3
3L|3L|V|3L|3L|3L|V|3L|1
3L|3L|3L|3L|3L|3L|3L|3L|3
3L|3L|3L|3L|3L|3L|3L|3L|3
3L|3L|3L|3L|3L|3L|3L|3L|3
3L|3L|V|3L|3L|3L|V|3L|1
3L|3L|3L|3L|3L|3L|3L|3L|3
3L|3L|3L|3L|3L|3L|3L|3L|3
3L|3L|3L|3L|3L|3L|3L|3L|3
3L|3L|3L|3L|3L|3L|3L|3L|3
3L|3L|3L|3L|3L|3L|3L|3L|3
3L|3L|3L|3L|3L|3L|3L|3L|3
3L|3L|3L|3L|3L|3L|3L|3L|3
3L|3L|3L|3L|3L|3L|3L|3L|3
3L|3L|3L|3L|3L|3L|3L|3L|3
3L|3L|3L|3L|3L|3L|3L|3L|3
3L|3L|3L|3L|3L|3L|3L|3L|3
3L|3L|3L|3L|3L|3L|3L|3L|3
3L|3L|3L|3L|3L|3L|3L|3L|3
3L|3L|3L|3L|3L|3L|3L|3L|3
3L|3L|3L|3L|3L|3L|3L|3L|3
3L|3L|3L|3L|3L|3L|3L|3L|3
3L|3L|3L|3L|3L|3L|3L|3L|3
3L|3L|3L|3L|3L|3L|3L|3L|3
3L|3L|3L|3L|3L|3L|3L|3L|3
3L|3L|3L|3L|3L|3L|3L|3L|3
3L|3L|3L|3L|3L|3L|3L|3L|3
3L|3L|3L|3L|3L|3L|3L|3L|3
3L|3L|3L|3L|3L|3L|3L|3L|3
3L|3L|3L|3L|3L|3L|3L|3L|3
3L|3L|3L|3L|3L|3L|3L|3L|3
3L|3L|3L|3L|3L|3L|3L|3L|3
3L|3L|3L|3L|3L|3L|3L|3L|3
3L|3L|3L|3L|3L|3L|3L|3L|3
3L|3L|3L|3L|3L|3L|3L|3L|3
3L|3L|3L|3L|3L|3L|3L|3L|3
3L|3L|3L|3L|3L|3L|3L|3L|3
3L|3L|3L|3L|3L|3L|3L|3L|3
3L|3L|3L|3L|3L|3L|3L|3L|3
3L|3L|3L|3L|3L|3L|3L|3L|3
3L|3L|3L|3L|3L|3L|3L|3L|3
3L|3L|3L|3L|3L|3L|3L|3L|3
3L|3L|3L|3L|3L|3L|3L|3L|3
3L|3L|3L|3L|3L|3L|3L|3L|3
3L|3L|3L|3L|3L|3L|3L|3L|3
3L|3L|3L|3L|3L|3L|3L|3L|3
3L|3L|3L|3L|3L|3L|3L|3L|3
3L|3L|3L|3L|3L|3L|3L|3L|3
3L|3L|3L|3L|3L|3L|3L|3L|3
3L|3L|3L|3L|3L|3L|3L|3L|3
3L|3L|3L|3L|3L|3L|3L|3L|3
3L|3L|3L|3L|3L|3L|3L|3L|3
3L|3L|3L|3L|3L|3L|3L|3L|3
3L|3L|3L|3L|3L|3L|3L|3L|3
3L|3L|3L|3L|3L|3L|3L|3L|3
3L|3L|3L|3L|3L|3L|3L|3L|3
3L|3L|3L|3L|3L|3L|3L|3L|3
3L|3L|3L|3L|3L|3L|3L|3L|3
3L|3L|3L|3L|3L|3L|3L|3L|3
3L|3L|3L|3L|3L|3L|3L|3L|3
3L|3L|3L|3L|3L|3L|3L|3L|3
3L|3L|3L|3L|3L|3L|3L|3L|3
3L|3L|3L|3L|3L|3L|3L|3L|3
3L|3L|3L|3L|3L|3L|3L|3L|3
3L|3L|3L|3L|3L|3L|3L|3L|3
3L|3L|3L|3L|3L|3L|3L|3L|3
3L|2U|3L|3L|3L|2U|3L|3L|1
3L|3L|3L|3L|3L|3L|3L|3L|3
3L|3L|3L|3L|3L|3L|3L|3L|3
3L|3L|3L|3L|3L|3L|3L|3L|3
3L|3L|1|3L|3L|3L|1|3L|1
3L|3L|3L|3L|3L|3L|3L|3L|3
3L|2U|3L|3L|3L|2U|3L|3L|1
3L|3L|3L|3L|3L|3L|3L|3L|3
3L|3L|3L|3L|3L|3L|3L|3L|3
3L|3L|3L|3L|3L|3L|3L|3L|3
3L|3L|3L|3L|3L|3L|3L|3L|3
3L|2U|3L|3L|3L|2U|3L|3L|1
3L|3L|3L|3L|3L|3L|3L|3L|3
3L|3L|3L|3L|3L|3L|3L|3L|3
3L|3L|3L|3L|3L|3L|3L|3L|3
3L|2U|3L|3L|3L|2U|3L|3L|1
3L|3L|3L|3L|3L|3L|3L|3L|3
3L|3L|3L|3L|3L|3L|3L|3L|3
3L|3L|3L|3L|3L|3L|3L|3L|3
3L|3L|3L|3L|3L|3L|3L|3L|3
3L|2U|3L|3L|3L|2U|3L|3L|1
3L|3L|3L|3L|3L|3L|3L|3L|3
3L|3L|3L|3L|3L|3L|3L|3L|3
3L|3L|3L|3L|3L|3L|3L|3L|3
3L|3L|3L|3L|3L|3L|3L|3L|3
3L|3L|3L|3L|3L|3L|3L|3L|3
3L|3L|3L|3L|3L|3L|3L|3L|3
3L|3L|3L|3L|3L|3L|3L|3L|3
3L|3L|3L|3L|3L|3L|3L|3L|3
3L|3L|3L|3L|3L|3L|3L|3L|3
3L|3L|3L|3L|3L|3L|3L|3L|3
3L|3L|3L|3L|3L|3L|3L|3L|3
3L|3L|3L|3L|3L|3L|3L|3L|3
3L|3L|3L|3L|3L|3L|3L|3L|3
3L|3L|3L|3L|3L|3L|3L|3L|3
3L|3L|3L|3L|3L|3L|3L|3L|3
3L|3L|3L|3L|3L|3L|3L|3L|3
3L|3L|3L|3L|3L|3L|3L|3L|3
3L|3L|3L|3L|3L|3L|3L|3L|3
3L|3L|3L|3L|3L|3L|3L|3L|3
3L|3L|3L|3L|3L|3L|3L|3L|3
3L|3L|3L|3L|3L|3L|3L|3L|3
3L|3L|3L|3L|3L|3L|3L|3L|3
3L|3L|3L|3L|3L|3L|3L|3L|3
3L|3L|3L|3L|3L|3L|3L|3L|3
3L|3L|3L|3L|3L|3L|3L|3L|3
3L|3L|3L|3L|3L|3L|3L|3L|3
3L|3L|3L|3L|3L|3L|3L|3L|3
3L|3L|3L|3L|3L|3L|3L|3L|3
3L|3L|3L|3L|3L|3L|3L|3L|3
3L|3L|3L|3L|3L|3L|3L|3L|3
3L|3L|3L|3L|3L|3L|3L|3L|3
3L|3L|3L|3L|3L|3L|3L|3L|3
3L|3L|3L|3L|3L|3L|3L|3L|3
3L|3L|3L|3L|3L|3L|3L|3L|3
3L|3L|3L|3L|3L|3L|3L|3L|3
3L|3L|3L|3L|3L|3L|3L|3L|3
3L|3L|3L|3L|3L|3L|3L|3L|3
3L|3L|3L|3L|3L|3L|3L|3L|3
3L|3L|3L|3L|3L|3L|3L|3L|3
3L|3L|3L|3L|3L|3L|3L|3L|3
3L|3L|3L|3L|3L|3L|3L|3L|3
3L|3L|3L|3L|3L|3L|3L|3L|3
3L|3L|3L|3L|3L|3L|3L|3L|3
3L|3L|3L|3L|3L|3L|3L|3L|3
3L|3L|3L|3L|3L|3L|3L|3L|3
3L|3L|3L|3L|3L|3L|3L|3L|3
3L|3L|3L|3L|3L|3L|3L|3L|3
3L|3L|3L|3L|3L|3L|3L|3L|3
3L|3L|3L|3L|3L|3L|3L|3L|3
3L|3L|3L|3L|3L|3L|3L|3L|3
3L|3L|3L|3L|3L|3L|3L|3L|3
3L|3L|3L|3L|3L|3L|3L|3L|3
3L|3L|3L|3L|3L|3L|3L|3L|3
3L|3L|3L|3L|3L|3L|3L|3L|3
3L|3L|3L|3L|3L|3L|3L|3L|3
3L|3L|3L|3L|3L|3L|3L|3L|3
3L|3L|3L|3L|3L|3L|3L|3L|3
3L|3L|3L|3L|3L|3L|3L|3L|3
3L|3L|3L|3L|3L|3L|3L|3L|3
3L|3L|3L|3L|3L|3L|3L|3L|3
3L|3L|3L|3L|3L|3L|3L|3L|3
3L|3L|3L|3L|3L|3L|3L|3L|3
3L|3L|3L|3L|3L|3L|3L|3L|3
3L|3L|3L|3L|3L|3L|3L|3L|3
3L|3L|3L|3L|3L|3L|3L|3L|3
3L|3L|3L|3L|3L|3L|3L|3L|3
3L|3L|3L|3L|3L|3L|3L|3L|3
3L|3L|3L|3L|3L|3L|3L|3L|3
3L|3L|3L|3L|3L|3L|3L|3L|3
3L|3L|3L|3L|3L|3L|3L|3L|3
3L|3L|3L|3L|3L|3L|3L|3L|3
3L|3L|3L|3L|3L|3L|3L|3L|3
3L|3L|3L|3L|3L|3L|3L|3L|3
3L|3L|3L|3L|3L|3L|3L|3L|3
3L|3L|3L|3L|3L|3L|3L|3L|3
3L|3L|3L|3L|3L|3L|3L|3L|3
3L|3L|3L|3L|3L|3L|3L|3L|3
3L|3L|3L|3L|3L|3L|3L|3L|3
3L|3L|3L|3L|3L|3L|3L|3L|3
3L|3L|3L|3L|3L|3L|3L|3L|3
3L|3L|3L|3L|3L|3L|3L|3L|3
3L|3L|3L|3L|3L|3L|3L|3L|3
3L|3L|57|3L|3L|3L|57|3L|1
3L|3L|3L|3L|3L|3L|3L|3L|3
3L|3L|3L|3L|3L|3L|3L|3L|3
3L|3L|3L|3L|3L|3L|3L|3L|3
3L|3L|3L|3L|3L|3L|3L|3L|3
3L|3L|3L|3L|3L|3L|3L|3L|3
3L|3L|3L|3L|3L|3L|3L|3L|3
3L|3L|3L|3L|3L|3L|3L|3L|3
3L|3L|3L|3L|3L|3L|3L|3L|3
3L|3L|3L|3L|3L|3L|3L|3L|3
3L|3L|3L|3L|3L|3L|3L|3L|3
3L|3L|3L|3L|3L|3L|3L|3L|3
3L|3L|3L|3L|3L|3L|3L|3L|3
3L|3L|2E|3L|3L|3L|2E|3L|1
3L|3L|2E|3L|3L|3L|2E|3L|1
3L|3L|3L|3L|3L|3L|3L|3L|3
3L|3L|3L|3L|3L|3L|3L|3L|3
3L|3L|I|3L|3L|3L|I|3L|1
3L|3L|3L|3L|3L|3L|I|3L|2
3L|3L|3L|3L|3L|3L|I|3L|2
3L|3L|3L|3L|3L|3L|I|3L|2
3L|3L|3L|3L|3L|3L|I|3L|2
3L|3L|3L|3L|3L|3L|I|3L|2
3L|3L|3L|3L|3L|3L|3L|3L|3
3L|3L|3L|3L|3L|3L|3L|3L|3
3L|3L|3L|3L|3L|3L|3L|3L|3
3L|3L|3L|3L|3L|3L|3L|3L|3
3L|3L|3L|2C|3L|3L|3L|2C|1
3L|3L|I|3L|3L|3L|I|3L|1
3L|3L|3L|3L|3L|3L|I|3L|2
3L|3L|3L|3L|3L|3L|I|3L|2
3L|3L|3L|3L|3L|3L|I|3L|2
3L|3L|3L|3L|3L|3L|3L|3L|3
3L|3L|3L|3L|3L|3L|3L|3L|3
3L|3L|3L|3L|3L|3L|3L|3L|3
3L|3L|I|3L|3L|3L|I|3L|1
3L|3L|I|3L|3L|3L|I|3L|1
3L|3L|3L|3L|3L|3L|3L|3L|3
3L|3L|3L|51|3L|3L|3L|51|1
3L|3L|3L|3L|3L|3L|3L|3L|3
3L|3L|3L|3L|3L|3L|3L|3L|3
3L|3L|3L|3L|3L|3L|3L|3L|3
3L|3L|3L|3L|3L|3L|3L|3L|3
3L|3L|I|3L|3L|3L|I|3L|1
3L|3L|3L|3L|3L|3L|I|3L|2
3L|3L|3L|3L|3L|3L|I|3L|2
3L|3L|3L|3L|3L|3L|I|3L|2
3L|3L|3L|3L|3L|3L|3L|3L|3
3L|3L|3L|3L|3L|3L|3L|3L|3
3L|3L|3L|3L|3L|3L|3L|3L|3
3L|3L|2E|3L|3L|3L|2E|3L|1
3L|3L|I|3L|3L|3L|I|3L|1
3L|3L|I|3L|3L|3L|I|3L|1
3L|3L|3L|3L|3L|3L|I|3L|2
3L|3L|3L|3L|3L|3L|I|3L|2
3L|3L|3L|3L|3L|3L|I|3L|2
3L|3L|3L|3L|3L|3L|I|3L|2
3L|3L|3L|3L|3L|3L|I|3L|2
3L|3L|3L|3L|3L|3L|3L|3L|3
3L|3L|3L|3L|3L|3L|3L|3L|3
3L|3L|3L|3L|3L|3L|3L|3L|3
3L|3L|3L|3L|3L|3L|3L|3L|3
3L|3L|2E|3L|3L|3L|2E|3L|1
3L|3L|3L|3L|3L|3L|2E|3L|2
3L|3L|I|3L|3L|3L|I|3L|1
3L|3L|3L|3L|3L|3L|I|3L|2
3L|3L|3L|3L|3L|3L|I|3L|2
3L|3L|3L|3L|3L|3L|I|3L|2
3L|3L|3L|3L|3L|3L|3L|3L|3
3L|3L|3L|3L|3L|3L|3L|3L|3
3L|3L|3L|3L|3L|3L|3L|3L|3
3L|3L|3L|3L|3L|3L|3L|3L|3
3L|3L|3L|3L|3L|3L|3L|3L|3
3L|3L|I|3L|3L|3L|I|3L|1
3L|3L|3L|3L|3L|3L|I|3L|2
3L|3L|3L|3L|3L|3L|I|3L|2
3L|3L|3L|3L|3L|3L|I|3L|2
3L|3L|3L|3L|3L|3L|I|3L|2
3L|3L|3L|3L|3L|3L|3L|3L|3
3L|3L|3L|3L|3L|3L|3L|3L|3
3L|3L|3L|3L|3L|3L|3L|3L|3
3L|3L|3L|3L|3L|3L|3L|3L|3
3L|3L|2E|3L|3L|3L|2E|3L|1
3L|3L|2E|3L|3L|3L|2E|3L|1
3L|3L|2E|3L|3L|3L|2E|3L|1
3L|3L|2E|3L|3L|3L|2E|3L|1
3L|3L|3L|3L|3L|3L|3L|3L|3
3L|3L|3L|3L|3L|3L|3L|3L|3
3L|3L|3L|3L|3L|3L|3L|3L|3
3L|3L|3L|3L|3L|3L|3L|3L|3
3L|3L|2E|3L|3L|3L|2E|3L|1
3L|3L|I|3L|3L|3L|I|3L|1
3L|3L|I|3L|3L|3L|I|3L|1
3L|3L|3L|3L|3L|3L|I|3L|2
3L|3L|3L|3L|3L|3L|I|3L|2
3L|3L|3L|3L|3L|3L|3L|3L|3
3L|3L|3L|3L|3L|3L|3L|3L|3
3L|3L|3L|3L|3L|3L|3L|3L|3
3L|3L|3L|3L|3L|3L|3L|3L|3
3L|3L|3L|3L|3L|3L|3L|3L|3
3L|3L|3L|3L|3L|3L|3L|3L|3
3L|3L|O|3L|3L|3L|O|3L|1
3L|3L|I|3L|3L|3L|I|3L|1
3L|3L|I|3L|3L|3L|I|3L|1
3L|3L|3M|3L|3L|3L|3M|3L|1
3L|3L|2E|3L|3L|3L|2E|3L|1
3L|3L|I|3L|3L|3L|I|3L|1
3L|3L|3L|3L|3L|3L|3L|3L|3
3L|3L|3L|3L|3L|3L|3L|3L|3
3L|3L|I|3L|3L|3L|I|3L|1
3L|3L|3L|3L|3L|3L|3L|3L|3
3L|3L|3L|3L|3L|3L|3L|3L|3
3L|3L|2E|3L|3L|3L|2E|3L|1
3L|3L|3L|3L|3L|3L|2E|3L|2
3L|3L|I|3L|3L|3L|I|3L|1
3L|3L|3L|3L|3L|3L|I|3L|2
3L|3L|3L|3L|3L|3L|I|3L|2
3L|3L|3L|3L|3L|3L|I|3L|2
3L|3L|3L|3L|3L|3L|3L|3L|3
3L|3L|3L|3L|3L|3L|3L|3L|3
3L|3L|3L|3L|3L|3L|3L|3L|3
3L|3L|2E|3L|3L|3L|2E|3L|1
3L|3L|2E|3L|3L|3L|2E|3L|1
3L|3L|O|3L|3L|3L|O|3L|1
3L|3L|O|3L|3L|3L|O|3L|1
3L|3L|3L|3L|3L|3L|O|3L|2
3L|3L|3L|3L|3L|3L|O|3L|2
3L|3L|1|3L|3L|3L|1|3L|1
3L|3L|3M|3L|3L|3L|3M|3L|1
3L|3L|1|3L|3L|3L|1|3L|1
3L|3L|J|3L|3L|3L|J|3L|1
3L|3L|3L|3L|3L|3L|3L|3L|3
3L|3L|3L|3L|3L|3L|3L|3L|3
3L|3L|3L|3L|3L|3L|3L|3L|3
3L|3L|2E|3L|3L|3L|2E|3L|1
3L|3L|M|3L|3L|3L|M|3L|1
3L|3L|I|3L|3L|3L|I|3L|1
3L|3L|3L|3L|3L|3L|I|3L|2
3L|3L|3L|3L|3L|3L|I|3L|2
3L|3L|3L|3L|3L|3L|3L|3L|3
3L|3L|3L|3L|3L|3L|3L|3L|3
3L|3L|3L|3L|3L|3L|3L|3L|3
3L|3L|2E|3L|3L|3L|2E|3L|1
3L|3L|I|3L|3L|3L|I|3L|1
3L|3L|I|3L|3L|3L|I|3L|1
3L|3L|I|3L|3L|3L|I|3L|1
3L|3L|I|3L|3L|3L|I|3L|1
3L|3L|3L|3L|3L|3L|I|3L|2
3L|3L|3L|3L|3L|3L|I|3L|2
3L|3L|3L|3L|3L|3L|I|3L|2
8K|3L|3L|3L|8K|3L|3L|3L|1
3L|3L|3L|3L|3L|3L|3L|3L|3
3L|3L|3L|3L|3L|3L|3L|3L|3
3L|3L|3L|3L|3L|3L|3L|3L|3
3L|3L|2E|3L|3L|3L|2E|3L|1
3L|3L|I|3L|3L|3L|I|3L|1
3L|3L|I|3L|3L|3L|I|3L|1
3L|3L|3L|3L|3L|3L|I|3L|2
3L|3L|3L|3L|3L|3L|I|3L|2
3L|3L|3L|3L|3L|3L|I|3L|2
3L|3L|3L|3L|3L|3L|I|3L|2
3L|3L|3L|3L|3L|3L|3L|3L|3
3L|3L|3L|3L|3L|3L|3L|3L|3
3L|3L|3L|3L|3L|3L|3L|3L|3
3L|3L|3L|3L|3L|3L|3L|3L|3
3L|3L|3L|3L|3L|3L|3L|3L|3
3L|3L|3L|3L|3L|3L|3L|3L|3
3L|3L|3L|3L|3L|3L|3L|3L|3
3L|3L|3L|3L|3L|3L|3L|3L|3
3L|3L|3L|3L|3L|3L|3L|3L|3
3L|3L|3L|3L|3L|3L|3L|3L|3
3L|3L|3L|3L|3L|3L|3L|3L|3
3L|3L|3L|3L|3L|3L|3L|3L|3
3L|3L|3L|3L|3L|3L|3L|3L|3
3L|3L|3L|3L|3L|3L|3L|3L|3
3L|3L|3L|3L|3L|3L|3L|3L|3
3L|3L|3L|3L|3L|3L|3L|3L|3
3L|3L|3L|3L|3L|3L|3L|3L|3
3L|3L|3L|3L|3L|3L|3L|3L|3
3L|3L|3L|3L|3L|3L|3L|3L|3
3L|3L|3L|3L|3L|3L|3L|3L|3
3L|3L|3L|3L|3L|3L|3L|3L|3
3L|3L|3L|3L|3L|3L|3L|3L|3
3L|3L|3L|3L|3L|3L|3L|3L|3
3L|3L|3L|3L|3L|3L|3L|3L|3
3L|3L|3L|3L|3L|3L|3L|3L|3
3L|3L|3L|3L|3L|3L|3L|3L|3
3L|3L|3L|3L|3L|3L|3L|3L|3
3L|3L|3L|3L|3L|3L|3L|3L|3
3L|3L|3L|3L|3L|3L|3L|3L|3
3L|3L|3L|3L|3L|3L|3L|3L|3
3L|3L|3L|3L|3L|3L|3L|3L|3
3L|3L|3L|3L|3L|3L|3L|3L|3
3L|3L|3L|3L|3L|3L|3L|3L|3
3L|3L|3L|3L|3L|3L|3L|3L|3
3L|3L|3L|3L|3L|3L|3L|3L|3
3L|3L|3L|3L|3L|3L|3L|3L|3
3L|3L|3L|3L|3L|3L|3L|3L|3
3L|3L|3L|3L|3L|3L|3L|3L|3
3L|3L|3L|3L|3L|3L|3L|3L|3
3L|3L|3L|3L|3L|3L|3L|3L|3
3L|3L|3L|3L|3L|3L|3L|3L|3
3L|3L|3L|3L|3L|3L|3L|3L|3
3L|3L|3L|3L|3L|3L|3L|3L|3
3L|3L|3L|3L|3L|3L|3L|3L|3
3L|3L|3L|3L|3L|3L|3L|3L|3
3L|3L|3L|3L|3L|3L|3L|3L|3
3L|3L|3L|3L|3L|3L|3L|3L|3
3L|3L|3L|3L|3L|3L|3L|3L|3
3L|3L|3L|3L|3L|3L|3L|3L|3
3L|3L|3L|3L|3L|3L|3L|3L|3
3L|3L|3L|3L|3L|3L|3L|3L|3
3L|3L|3L|3L|3L|3L|3L|3L|3
3L|3L|3L|3L|3L|3L|3L|3L|3
3L|3L|3L|3L|3L|3L|3L|3L|3
3L|3L|3L|3L|3L|3L|3L|3L|3
3L|3L|3L|3L|3L|3L|3L|3L|3
3L|3L|3L|3L|3L|3L|3L|3L|3
3L|3L|3L|3L|3L|3L|3L|3L|3
3L|3L|3L|3L|3L|3L|3L|3L|3
3L|3L|3L|3L|3L|3L|3L|3L|3
3L|3L|3L|3L|3L|3L|3L|3L|3
3L|3L|3L|3L|3L|3L|3L|3L|3
3L|3L|3L|3L|3L|3L|3L|3L|3
3L|3L|3L|3L|3L|3L|3L|3L|3
3L|3L|3L|3L|3L|3L|3L|3L|3
3L|3L|3L|3L|3L|3L|3L|3L|3
3L|3L|3L|3L|3L|3L|3L|3L|3
3L|3L|3L|3L|3L|3L|3L|3L|3
3L|3L|3L|3L|3L|3L|3L|3L|3
3L|3L|3L|3L|3L|3L|3L|3L|3
3L|3L|3L|3L|3L|3L|3L|3L|3
3L|3L|3L|3L|3L|3L|3L|3L|3
3L|3L|3L|3L|3L|3L|3L|3L|3
3L|3L|3L|3L|3L|3L|3L|3L|3
3L|3L|3L|3L|3L|3L|3L|3L|3
3L|3L|3L|3L|3L|3L|3L|3L|3
3L|3L|3L|3L|3L|3L|3L|3L|3
3L|3L|3L|3L|3L|3L|3L|3L|3
3L|3L|3L|3L|3L|3L|3L|3L|3
3L|3L|3L|3L|3L|3L|3L|3L|3
3L|3L|3L|3L|3L|3L|3L|3L|3
3L|3L|3L|3L|3L|3L|3L|3L|3
3L|3L|3L|3L|3L|3L|3L|3L|3
3L|3L|3L|3L|3L|3L|3L|3L|3
3L|3L|3L|3L|3L|3L|3L|3L|3
3L|3L|3L|3L|3L|3L|3L|3L|3
3L|3L|3L|3L|3L|3L|3L|3L|3
3L|3L|3L|3L|3L|3L|3L|3L|3
3L|3L|3L|3L|3L|3L|3L|3L|3
3L|3L|3L|3L|3L|3L|3L|3L|3
3L|3L|3L|3L|3L|3L|3L|3L|3
3L|3L|3L|3L|3L|3L|3L|3L|3
3L|3L|3L|3L|3L|3L|3L|3L|3
3L|3L|3L|3L|3L|3L|3L|3L|3
3L|3L|3L|3L|3L|3L|3L|3L|3
3L|3L|3L|3L|3L|3L|3L|3L|3
3L|3L|3L|3L|3L|3L|3L|3L|3
3L|3L|3L|3L|3L|3L|3L|3L|3
3L|3L|3L|3L|3L|3L|3L|3L|3
3L|3L|3L|3L|3L|3L|3L|3L|3
3L|3L|3L|3L|3L|3L|3L|3L|3
83|3L|3L|3L|83|3L|3L|3L|1
83|3L|3L|3L|83|3L|3L|3L|1
83|3L|3L|3L|83|3L|3L|3L|1
83|3L|3L|3L|83|3L|3L|3L|1
3L|3L|3L|3L|83|3L|3L|3L|2
3L|3L|3L|3L|83|3L|3L|3L|2
3L|3L|3L|3L|83|3L|3L|3L|2
3L|3L|3L|3L|3L|3L|3L|3L|3
3L|3L|3L|3L|3L|3L|3L|3L|3
3L|3L|3L|3L|3L|3L|3L|3L|3
3L|3L|3L|3L|3L|3L|3L|3L|3
3L|3L|3L|3L|3L|3L|3L|3L|3
3L|3L|3L|3L|3L|3L|3L|3L|3
3L|3L|3L|3L|3L|3L|3L|3L|3
3L|3L|3L|3L|3L|3L|3L|3L|3
3L|3L|3L|3L|3L|3L|3L|3L|3
3L|3L|3L|3L|3L|3L|3L|3L|3
3L|3L|3L|3L|3L|3L|3L|3L|3
3L|3L|3L|3L|3L|3L|3L|3L|3
3L|3L|3L|3L|3L|3L|3L|3L|3
3L|3L|3L|3L|3L|3L|3L|3L|3
3L|3L|3L|3L|3L|3L|3L|3L|3
3L|3L|2E|3L|3L|3L|2E|3L|1
3L|3L|2E|3L|3L|3L|2E|3L|1
3L|3L|2E|3L|3L|3L|2E|3L|1
3L|3L|2E|3L|3L|3L|2E|3L|1
3L|3L|3L|3L|3L|3L|2E|3L|2
3L|3L|I|3L|3L|3L|I|3L|1
3L|3L|3L|3L|3L|3L|I|3L|2
3L|3L|3L|3L|3L|3L|I|3L|2
3L|3L|3L|3L|3L|3L|I|3L|2
3L|3L|3L|3L|3L|3L|I|3L|2
3L|3L|3L|3L|3L|3L|I|3L|2
3L|3L|3L|3L|3L|3L|3L|3L|3
3L|3L|3L|3L|3L|3L|3L|3L|3
3L|3L|3L|3L|3L|3L|3L|3L|3
3L|3L|2E|3L|3L|3L|2E|3L|1
3L|3L|3L|3L|3L|3L|2E|3L|2
3L|3L|3L|3L|3L|3L|2E|3L|2
3L|3L|3L|3L|3L|3L|2E|3L|2
3L|3L|O|3L|3L|3L|O|3L|1
3L|3L|3L|3L|3L|3L|O|3L|2
3L|3L|3L|3L|3L|3L|O|3L|2
3L|3L|3L|3L|3L|3L|O|3L|2
3L|3L|3L|3L|3L|3L|3L|3L|3
3L|3L|3L|3L|3L|3L|3L|3L|3
3L|3L|3L|3L|3L|3L|3L|3L|3
3L|3L|3L|3L|3L|3L|3L|3L|3
3L|3L|O|3L|3L|3L|O|3L|1
3L|3L|3L|3L|3L|3L|O|3L|2
3L|3L|3L|3L|3L|3L|O|3L|2
3L|3L|3L|3L|3L|3L|O|3L|2
3L|3L|3L|3L|3L|3L|3L|3L|3
3L|3L|3L|3L|3L|3L|3L|3L|3
3L|3L|3L|3L|3L|3L|3L|3L|3
3L|3L|2E|3L|3L|3L|2E|3L|1
3L|3L|3L|3L|3L|3L|2E|3L|2
3L|3L|I|3L|3L|3L|I|3L|1
3L|3L|3L|3L|3L|3L|I|3L|2
3L|3L|3L|3L|3L|3L|I|3L|2
3L|3L|3L|3L|3L|3L|I|3L|2
3L|3L|3L|3L|3L|3L|I|3L|2
3L|3L|3L|3L|3L|3L|I|3L|2
3L|3L|3L|3L|3L|3L|3L|3L|3
3L|3L|3L|3L|3L|3L|3L|3L|3
3L|3L|3L|3L|3L|3L|3L|3L|3
3L|3L|3L|2C|3L|3L|3L|2C|1
3L|3L|3L|51|3L|3L|3L|51|1
3L|3L|2E|3L|3L|3L|2E|3L|1
3L|3L|O|3L|3L|3L|O|3L|1
3L|3L|3L|3L|3L|3L|O|3L|2
3L|3L|3L|3L|3L|3L|O|3L|2
3L|3L|3L|3L|3L|3L|O|3L|2
3L|3L|3L|3L|3L|3L|3L|3L|3
3L|3L|3L|3L|3L|3L|3L|3L|3
3L|3L|3L|3L|3L|3L|3L|3L|3
3L|3L|3L|3L|3L|3L|3L|3L|3
3L|3L|3L|3L|3L|3L|3L|3L|3
3L|3L|2E|3L|3L|3L|2E|3L|1
3L|3L|I|3L|3L|3L|I|3L|1
3L|3L|3L|3L|3L|3L|I|3L|2
3L|3L|3L|3L|3L|3L|I|3L|2
3L|3L|3L|3L|3L|3L|I|3L|2
3L|3L|3L|3L|3L|3L|I|3L|2
3L|3L|3L|3L|3L|3L|I|3L|2
3L|3L|3L|3L|3L|3L|3L|3L|3
3L|3L|3L|3L|3L|3L|3L|3L|3
3L|3L|3L|3L|3L|3L|3L|3L|3
3L|3L|3L|3L|3L|3L|3L|3L|3
3L|3L|3L|3L|3L|3L|3L|3L|3
3L|3L|2E|3L|3L|3L|2E|3L|1
3L|3L|I|3L|3L|3L|I|3L|1
3L|3L|I|3L|3L|3L|I|3L|1
3L|3L|I|3L|3L|3L|I|3L|1
3L|3L|I|3L|3L|3L|I|3L|1
3L|3L|2E|3L|3L|3L|2E|3L|1
3L|3L|3L|3L|3L|3L|3L|3L|3
3L|3L|3L|3L|3L|3L|3L|3L|3
3L|3L|3L|3L|3L|3L|3L|3L|3
3L|3L|3L|3L|3L|3L|3L|3L|3
3L|3L|3L|2C|3L|3L|3L|2C|1
3L|3L|2E|3L|3L|3L|2E|3L|1
3L|3L|3L|2C|3L|3L|2E|2C|1
3L|3L|I|3L|3L|3L|I|3L|1
3L|3L|2E|3L|3L|3L|2E|3L|1
3L|3L|I|3L|3L|3L|I|3L|1
3L|3L|2E|3L|3L|3L|2E|3L|1
3L|3L|3L|3L|3L|3L|2E|3L|2
3L|3L|I|3L|3L|3L|I|3L|1
3L|3L|3L|3L|3L|3L|I|3L|2
3L|3L|3L|3L|3L|3L|I|3L|2
3L|3L|3L|3L|3L|3L|I|3L|2
3L|3L|3L|3L|3L|3L|3L|3L|3
3L|3L|3L|3L|3L|3L|3L|3L|3
3L|3L|3L|3L|3L|3L|3L|3L|3
3L|3L|2E|3L|3L|3L|2E|3L|1
3L|3L|3L|3L|3L|3L|2E|3L|2
3L|3L|2E|3L|3L|3L|2E|3L|1
3L|3L|2E|3L|3L|3L|2E|3L|1
3L|3L|3L|3L|3L|3L|2E|3L|2
3L|3L|I|3L|3L|3L|I|3L|1
3L|3L|3L|3L|3L|3L|I|3L|2
8K|3L|3M|3L|8K|3L|3M|3L|1
9E|3L|3L|3L|9E|3L|I|3L|1
3L|3L|3L|3L|3L|3L|I|3L|2
3L|3L|3L|3L|3L|3L|I|3L|2
3L|6T|3L|3L|3L|6T|3L|3L|1
3L|3L|3L|3L|3L|3L|3L|3L|3
3L|3L|3L|3L|3L|3L|3L|3L|3
3L|3L|3L|3L|3L|3L|3L|3L|3
3L|6T|3L|3L|3L|6T|3L|3L|1
3L|3L|3L|3L|3L|3L|3L|3L|3
3L|3L|3L|3L|3L|3L|3L|3L|3
3L|3L|I|3L|3L|3L|I|3L|1
3L|3L|3L|3L|3L|3L|I|3L|2
3L|3L|3L|3L|3L|3L|I|3L|2
3L|3L|3L|3L|3L|3L|3L|3L|3
3L|3L|3L|3L|3L|3L|3L|3L|3
3L|3L|3L|3L|3L|3L|3L|3L|3
3L|3L|2E|3L|3L|3L|2E|3L|1
3L|3L|2E|3L|3L|3L|2E|3L|1
3L|3L|1|3L|3L|3L|1|3L|1
3L|3L|I|3L|3L|3L|I|3L|1
3L|3L|3L|3L|3L|3L|I|3L|2
3L|3L|3L|3L|3L|3L|I|3L|2
3L|3L|3L|3L|3L|3L|I|3L|2
3L|3L|3L|3L|3L|3L|I|3L|2
3L|3L|3L|3L|3L|3L|I|3L|2
3L|3L|3L|3L|3L|3L|I|3L|2
3L|6T|3L|3L|3L|6T|3L|3L|1
3L|3L|3L|3L|3L|3L|3L|3L|3
3L|3L|3L|3L|3L|3L|3L|3L|3
3L|3L|3L|3L|3L|3L|3L|3L|3
3L|3L|2E|3L|3L|3L|2E|3L|1
3L|3L|I|3L|3L|3L|I|3L|1
3L|3L|O|3L|3L|3L|O|3L|1
3L|3L|3L|3L|3L|3L|O|3L|2
3L|3L|3L|3L|3L|3L|O|3L|2
3L|3L|3L|3L|3L|3L|O|3L|2
3L|3L|3L|3L|3L|3L|3L|3L|3
3L|6T|3L|3L|3L|6T|3L|3L|1
3L|3L|3L|3L|3L|3L|3L|3L|3
3L|3L|3L|3L|3L|3L|3L|3L|3
3L|3L|2E|3L|3L|3L|2E|3L|1
3L|3L|2E|3L|3L|3L|2E|3L|1
3L|3L|I|3L|3L|3L|I|3L|1
3L|3L|3L|3L|3L|3L|3L|3L|3
3L|3L|3L|3L|3L|3L|3L|3L|3
3L|3L|3L|3L|3L|3L|3L|3L|3
3L|3L|3L|3L|3L|3L|3L|3L|3
3L|6T|3L|3L|3L|6T|3L|3L|1
3L|3L|3L|3L|3L|3L|3L|3L|3
3L|3L|3L|3L|3L|3L|3L|3L|3
3L|3L|3L|51|3L|3L|3L|51|1
3L|3L|3L|3L|3L|3L|3L|51|2
3L|3L|3L|3L|3L|3L|3L|51|2
3L|3L|2E|3L|3L|3L|2E|3L|1
3L|3L|3L|3L|3L|3L|2E|3L|2
3L|3L|I|3L|3L|3L|I|3L|1
3L|3L|3L|3L|3L|3L|I|3L|2
3L|3L|3L|3L|3L|3L|I|3L|2
3L|3L|3L|3L|3L|3L|I|3L|2
3L|3L|3L|26|3L|3L|3L|26|1
3L|3L|3L|3L|3L|3L|3L|26|2
3L|3L|3L|3L|3L|3L|3L|3L|3
3L|3L|3L|3L|3L|3L|3L|3L|3
3L|3L|3L|3L|3L|3L|3L|3L|3
3L|3L|3L|3L|3L|3L|3L|3L|3
3L|3L|3L|3L|3L|3L|3L|3L|3
3L|3L|3L|3L|3L|3L|3L|3L|3
3L|3L|3L|3L|3L|3L|3L|3L|3
3L|3L|3L|3L|3L|3L|3L|3L|3
3L|3L|3L|3L|3L|3L|3L|3L|3
3L|3L|3L|3L|3L|3L|3L|3L|3
3L|3L|3L|3L|3L|3L|3L|3L|3
3L|3L|3L|3L|3L|3L|3L|3L|3
3L|3L|3L|3L|3L|3L|3L|3L|3
3L|3L|3L|3L|3L|3L|3L|3L|3
3L|3L|3L|3L|3L|3L|3L|3L|3
3L|3L|3L|3L|3L|3L|3L|3L|3
3L|3L|3L|3L|3L|3L|3L|3L|3
3L|3L|3L|3L|3L|3L|3L|3L|3
3L|3L|3L|3L|3L|3L|3L|3L|3
3L|3L|3L|3L|3L|3L|3L|3L|3
3L|3L|3L|3L|3L|3L|3L|3L|3
3L|3L|3L|3L|3L|3L|3L|3L|3
3L|3L|3L|3L|3L|3L|3L|3L|3
3L|3L|3L|3L|3L|3L|3L|3L|3
3L|3L|3L|3L|3L|3L|3L|3L|3
3L|3L|57|3L|3L|3L|57|3L|1
3L|3L|3L|3L|3L|3L|3L|3L|3
3L|3L|3L|3L|3L|3L|3L|3L|3
3L|3L|3L|3L|3L|3L|3L|3L|3
3L|3L|3L|3L|3L|3L|3L|3L|3
3L|3L|2E|2C|3L|3L|2E|2C|1
3L|3L|2E|3L|3L|3L|2E|3L|1
86|3L|V|3L|86|3L|V|3L|1
3L|3L|I|3L|3L|3L|I|3L|1
3L|3L|3L|3L|3L|3L|I|3L|2
3L|3L|3L|3L|3L|3L|I|3L|2
3L|3L|3L|3L|3L|3L|I|3L|2
3L|3L|3L|3L|3L|3L|I|3L|2
3L|3L|3L|3L|3L|3L|I|3L|2
3L|3L|3L|3L|3L|3L|3L|3L|3
3L|3L|3L|3L|3L|3L|3L|3L|3
3L|3L|2E|2C|3L|3L|2E|2C|1
3L|3L|3L|3L|3L|3L|2E|2C|2
3L|3L|2E|3L|3L|3L|2E|3L|1
3L|3L|3L|3L|3L|3L|2E|3L|2
3L|3L|3L|3L|3L|3L|2E|3L|2
3L|3L|3L|3L|3L|3L|2E|3L|2
3L|3L|I|3L|3L|3L|I|3L|1
3L|3L|3L|3L|3L|3L|I|3L|2
3L|3L|3L|3L|3L|3L|I|3L|2
3L|3L|3L|3L|3L|3L|I|3L|2
3L|3L|3L|3L|3L|3L|3L|3L|3
3L|3L|3L|3L|3L|3L|3L|3L|3
3L|3L|2E|3L|3L|3L|2E|3L|1
3L|3L|3L|3L|3L|3L|2E|3L|2
3L|3L|2E|3L|3L|3L|2E|3L|1
3L|3L|I|3L|3L|3L|I|3L|1
3L|3L|3L|3L|3L|3L|I|3L|2
3L|3L|3L|3L|3L|3L|I|3L|2
3L|3L|3L|3L|3L|3L|I|3L|2
3L|3L|3L|3L|3L|3L|3L|3L|3
73|3L|I|3L|73|3L|I|3L|1
3L|3L|3L|3L|3L|3L|3L|3L|3
3L|3L|3L|3L|3L|3L|3L|3L|3
3L|3L|3L|3L|3L|3L|3L|3L|3
3L|3L|2E|3L|3L|3L|2E|3L|1
3L|3L|2E|3L|3L|3L|2E|3L|1
3L|3L|3L|3L|3L|3L|3L|3L|3
3L|3L|I|3L|3L|3L|I|3L|1
3L|3L|3L|3L|3L|3L|I|3L|2
3L|3L|3L|3L|3L|3L|I|3L|2
3L|3L|3L|3L|3L|3L|I|3L|2
3L|3L|3L|3L|3L|3L|I|3L|2
3L|3L|3L|3L|3L|3L|I|3L|2
3L|3L|3L|3L|3L|3L|3L|3L|3
3L|3L|3L|3L|3L|3L|3L|3L|3
3L|3L|3L|3L|3L|3L|3L|3L|3
3L|3L|2E|2C|3L|3L|2E|2C|1
3L|3L|2E|3L|3L|3L|2E|3L|1
3L|3L|I|3L|3L|3L|I|3L|1
3L|3L|3L|3L|3L|3L|I|3L|2
3L|3L|3L|3L|3L|3L|I|3L|2
3L|3L|3L|3L|3L|3L|I|3L|2
3L|3L|3L|3L|3L|3L|3L|3L|3
3L|3L|3L|3L|3L|3L|3L|3L|3
3L|3L|3L|3L|3L|3L|3L|3L|3
3L|3L|3L|3L|3L|3L|3L|3L|3
3L|3L|2E|3L|3L|3L|2E|3L|1
3L|3L|I|3L|3L|3L|I|3L|1
3L|3L|I|3L|3L|3L|I|3L|1
3L|3L|3L|3L|3L|3L|I|3L|2
3L|3L|3L|3L|3L|3L|I|3L|2
3L|3L|3L|3L|3L|3L|I|3L|2
3L|3L|3L|3L|3L|3L|I|3L|2
3L|3L|3L|3L|3L|3L|I|3L|2
3L|3L|3L|3L|3L|3L|3L|3L|3
3L|3L|3L|3L|3L|3L|3L|3L|3
3L|3L|3L|3L|3L|3L|3L|3L|3
3L|3L|3L|3L|3L|3L|3L|3L|3
3L|3L|3L|3L|3L|3L|3L|3L|3
3L|3L|2E|3L|3L|3L|2E|3L|1
9H|3L|I|3L|9H|3L|I|3L|1
3L|3L|3L|3L|3L|3L|3L|3L|3
3L|3L|3L|3L|3L|3L|3L|3L|3
3L|3L|3L|2C|3L|3L|3L|2C|1
3L|3L|3L|3L|3L|3L|3L|3L|3
3L|3L|3L|3L|3L|3L|3L|3L|3
3L|3L|3L|3L|3L|3L|3L|3L|3
3L|3L|3L|3L|3L|3L|3L|3L|3
3L|3L|3L|3L|3L|3L|3L|3L|3
3L|3L|2E|3L|3L|3L|2E|3L|1
3L|3L|I|3L|3L|3L|I|3L|1
3L|3L|3L|3L|3L|3L|3L|3L|3
3L|3L|3L|3L|3L|3L|3L|3L|3
3L|3L|2E|3L|3L|3L|2E|3L|1
3L|3L|3L|3L|3L|3L|3L|3L|3
3L|3L|3L|3L|3L|3L|3L|3L|3
3L|3L|3L|3L|3L|3L|3L|3L|3
3L|6T|3L|3L|3L|6T|3L|3L|1
3L|3L|3L|3L|3L|3L|3L|3L|3
3L|3L|3L|3L|3L|3L|3L|3L|3
3L|3L|3L|3L|3L|3L|3L|3L|3
3L|3L|3L|3L|3L|3L|3L|3L|3
3L|3L|I|3L|3L|3L|I|3L|1
3L|3L|3L|3L|3L|3L|I|3L|2
3L|3L|3L|3L|3L|3L|I|3L|2
3L|3L|3L|3L|3L|3L|I|3L|2
3L|3L|3L|3L|3L|3L|3L|3L|3
3L|3L|3L|3L|3L|3L|3L|3L|3
3L|3L|3L|3L|3L|3L|3L|3L|3
3L|3L|3L|3L|3L|3L|3L|3L|3
3L|3L|2E|3L|3L|3L|2E|3L|1
3L|3L|3L|3L|3L|3L|3L|3L|3
3L|3L|3L|3L|3L|3L|3L|3L|3
3L|3L|I|3L|3L|3L|I|3L|1
3L|3L|3L|3L|3L|3L|I|3L|2
3L|3L|3L|3L|3L|3L|I|3L|2
3L|3L|3L|3L|3L|3L|I|3L|2
3L|3L|3L|3L|3L|3L|3L|3L|3
3L|3L|3L|3L|3L|3L|3L|3L|3
3L|3L|3L|3L|3L|3L|3L|3L|3
3L|3L|3L|3L|3L|3L|3L|3L|3
3L|3L|I|3L|3L|3L|I|3L|1
3L|3L|I|3L|3L|3L|I|3L|1
3L|3L|3L|3L|3L|3L|I|3L|2
3L|3L|3L|3L|3L|3L|I|3L|2
3L|3L|3L|3L|3L|3L|3L|3L|3
3L|3L|3L|3L|3L|3L|3L|3L|3
3L|3L|3L|3L|3L|3L|3L|3L|3
3L|3L|3L|3L|3L|3L|3L|3L|3
3L|3L|3L|3L|3L|3L|3L|3L|3
3L|3L|3L|3L|3L|3L|3L|3L|3
3L|3L|I|3L|3L|3L|I|3L|1
3L|3L|3L|3L|3L|3L|3L|3L|3
3L|3L|3L|3L|3L|3L|3L|3L|3
3L|3L|3L|3L|3L|3L|3L|3L|3
3L|3L|3L|3L|3L|3L|3L|3L|3
3L|3L|3L|3L|3L|3L|3L|3L|3
3L|3L|3L|3L|3L|3L|3L|3L|3
3L|3L|3L|3L|3L|3L|3L|3L|3
3L|3L|3L|3L|3L|3L|3L|3L|3
3L|3L|3L|51|3L|3L|3L|51|1
3L|3L|I|51|3L|3L|I|51|1
3L|3L|4V|3L|3L|3L|4V|3L|1
86|3L|3L|3L|86|3L|4V|3L|1
8K|3L|3L|3L|8K|3L|4V|3L|1
9E|3L|3L|3L|9E|3L|4V|3L|1
3L|3L|3L|3L|3L|3L|3L|3L|3
3L|3L|3L|3L|3L|3L|3L|3L|3
3L|3L|P|3L|3L|3L|P|3L|1
3L|3L|3L|3L|3L|3L|3L|3L|3
3L|3L|I|3L|3L|3L|I|3L|1
3L|3L|I|3L|3L|3L|I|3L|1
3L|3L|I|3L|3L|3L|I|3L|1
3L|3L|3L|3L|3L|3L|I|3L|2
3L|3L|3L|3L|3L|3L|3L|3L|3
3L|3L|3L|3L|3L|3L|3L|3L|3
3L|3L|3L|3L|3L|3L|3L|3L|3
3L|3L|3L|3L|3L|3L|3L|3L|3
3L|3L|3L|3L|3L|3L|3L|3L|3
3L|3L|3L|3L|3L|3L|3L|3L|3
3L|3L|3L|3L|3L|3L|3L|3L|3
3L|3L|3L|3L|3L|3L|3L|3L|3
3L|3L|3L|3L|3L|3L|3L|3L|3
3L|3L|3L|3L|3L|3L|3L|3L|3
3L|3L|3L|3L|3L|3L|3L|3L|3
3L|3L|3L|3L|3L|3L|3L|3L|3
3L|3L|3L|3L|3L|3L|3L|3L|3
3L|3L|3L|3L|3L|3L|3L|3L|3
3L|3L|3L|3L|3L|3L|3L|3L|3
3L|3L|3L|3L|3L|3L|3L|3L|3
3L|3L|3L|3L|3L|3L|3L|3L|3
3L|3L|3L|3L|3L|3L|3L|3L|3
3L|3L|3L|3L|3L|3L|3L|3L|3
3L|3L|3L|3L|3L|3L|3L|3L|3
3L|3L|3L|3L|3L|3L|3L|3L|3
3L|3L|3L|3L|3L|3L|3L|3L|3
3L|3L|3L|3L|3L|3L|3L|3L|3
3L|3L|3L|3L|3L|3L|3L|3L|3
3L|3L|3L|3L|3L|3L|3L|3L|3
3L|3L|3L|3L|3L|3L|3L|3L|3
3L|3L|3L|3L|3L|3L|3L|3L|3
3L|3L|3L|3L|3L|3L|3L|3L|3
3L|3L|3L|3L|3L|3L|3L|3L|3
3L|3L|3L|3L|3L|3L|3L|3L|3
3L|3L|3L|3L|3L|3L|3L|3L|3
3L|3L|3L|3L|3L|3L|3L|3L|3
3L|3L|3L|3L|3L|3L|3L|3L|3
3L|3L|3L|3L|3L|3L|3L|3L|3
3L|3L|3L|3L|3L|3L|3L|3L|3
3L|3L|3L|3L|3L|3L|3L|3L|3
3L|3L|3L|3L|3L|3L|3L|3L|3
3L|36|3L|3L|3L|36|3L|3L|1
3L|3L|3L|3L|3L|3L|3L|3L|3
3L|3L|3L|3L|3L|3L|3L|3L|3
3L|3L|3L|3L|3L|3L|3L|3L|3
3L|3L|3L|3L|3L|3L|3L|3L|3
3L|3L|3L|3L|3L|3L|3L|3L|3
3L|3L|3L|3L|3L|3L|3L|3L|3
3L|3L|3L|3L|3L|3L|3L|3L|3
3L|3L|I|3L|3L|3L|I|3L|1
3L|3L|3L|3L|3L|3L|3L|3L|3
3L|3L|3L|3L|3L|3L|3L|3L|3
3L|3L|3L|3L|3L|3L|3L|3L|3
3L|3L|3L|3L|3L|3L|3L|3L|3
3L|3L|3L|3L|3L|3L|3L|3L|3
3L|3L|3L|3L|3L|3L|3L|3L|3
3L|3L|3L|3L|3L|3L|3L|3L|3
3L|3L|2E|3L|3L|3L|2E|3L|1
3L|3L|3L|3L|3L|3L|3L|3L|3
3L|3L|3L|3L|3L|3L|3L|3L|3
86|3L|V|3L|86|3L|V|3L|1
86|3L|3L|3L|86|3L|3L|3L|1
86|3L|3L|3L|86|3L|3L|3L|1
86|3L|3M|3L|86|3L|3M|3L|1
86|3L|3L|3L|86|3L|3L|3L|1
86|3L|3L|3L|86|3L|3L|3L|1
86|3L|I|3L|86|3L|I|3L|1
77|3L|3L|3L|77|3L|3L|3L|1
77|3L|3L|3L|77|3L|3L|3L|1
3L|3L|I|3L|3L|3L|I|3L|1
3L|3L|J|3L|3L|3L|J|3L|1
8K|3L|3L|3L|8K|3L|3L|3L|1
8K|3L|I|3L|8K|3L|I|3L|1
3L|3L|I|3L|3L|3L|I|3L|1
3L|3L|3L|3L|3L|3L|3L|3L|3
3L|3L|3L|3L|3L|3L|3L|3L|3
80|3L|3L|3L|80|3L|3L|3L|1
80|3L|3L|3L|80|3L|3L|3L|1
3L|2T|3L|3L|3L|2T|3L|3L|1
3L|3L|I|3L|3L|3L|I|3L|1
3L|3L|3L|3L|3L|3L|3L|3L|3
3L|3L|T|3L|3L|3L|T|3L|1
3L|3L|3L|3L|3L|3L|3L|3L|3
3L|3L|3M|3L|3L|3L|3M|3L|1
3L|3L|1|3L|3L|3L|1|3L|1
9E|3L|3L|3L|9E|3L|3L|3L|1
3L|3L|3L|3L|3L|3L|3L|3L|3
3L|3L|1|3L|3L|3L|1|3L|1
3L|3L|3L|3L|3L|3L|3L|3L|3
3L|3L|1|3L|3L|3L|1|3L|1
3L|3L|I|3L|3L|3L|I|3L|1
8S|3L|3L|3L|8S|3L|3L|3L|1
8S|3L|3L|3L|8S|3L|3L|3L|1
3L|3L|3L|3L|3L|3L|3L|3L|3
3L|3L|3L|3L|3L|3L|3L|3L|3
3L|3L|3L|3L|3L|3L|3L|3L|3
3L|3L|3L|3L|3L|3L|3L|3L|3
3L|3L|3L|3L|3L|3L|3L|3L|3
3L|3L|3L|3L|3L|3L|3L|3L|3
3L|3L|3L|3L|3L|3L|3L|3L|3
3L|3L|3L|3L|3L|3L|3L|3L|3
3L|3L|3L|3L|3L|3L|3L|3L|3
3L|3L|3L|3L|3L|3L|3L|3L|3
3L|3L|3L|3L|3L|3L|3L|3L|3
3L|3L|3L|3L|3L|3L|3L|3L|3
3L|2U|3L|3L|3L|2U|3L|3L|1
3L|3L|3L|3L|3L|3L|3L|3L|3
3L|3L|I|3L|3L|3L|I|3L|1
3L|3L|V|3L|3L|3L|V|3L|1
3L|3L|3L|3L|3L|3L|3L|3L|3
3L|3L|3L|3L|3L|3L|3L|3L|3
3L|3L|3L|3L|3L|3L|3L|3L|3
3L|3L|3L|3L|3L|3L|3L|3L|3
3L|3L|V|3L|3L|3L|V|3L|1
86|3L|V|3L|86|3L|V|3L|1
86|3L|3R|3L|86|3L|3R|3L|1
7M|3L|3L|3L|7M|3L|V|3L|1
86|3L|3L|3L|86|3L|V|3L|1
86|3L|3L|3L|86|3L|V|3L|1
77|3L|V|3L|77|3L|V|3L|1
77|3L|3L|26|77|3L|V|26|1
77|3L|3L|3L|77|3L|V|3L|1
3L|3L|3L|3L|3L|3L|V|3L|2
3L|3L|3L|3L|3L|3L|V|3L|2
3L|3L|3L|3L|3L|3L|V|3L|2
8K|3L|3L|3L|8K|3L|V|3L|1
3L|3L|3L|3L|3L|3L|V|3L|2
3L|2U|3L|3L|3L|2U|V|3L|1
3L|3L|1|3L|3L|3L|1|3L|1
80|3L|3L|3L|80|3L|V|3L|1
80|3L|I|3L|80|3L|I|3L|1
3L|3L|3L|3L|3L|3L|V|3L|2
3L|3L|3L|3L|3L|3L|V|3L|2
3L|3L|I|3L|3L|3L|I|3L|1
3L|3L|3L|3L|3L|3L|V|3L|2
9E|3L|3L|3L|9E|3L|V|3L|1
9E|3L|3L|3L|9E|3L|V|3L|1
3L|3L|3L|3L|3L|3L|V|3L|2
3L|3L|3L|3L|3L|3L|V|3L|2
3L|3L|3L|3L|3L|3L|V|3L|2
3L|3L|I|3L|3L|3L|I|3L|1
8S|3L|V|3L|8S|3L|V|3L|1
8S|3L|3L|3L|8S|3L|V|3L|1
8S|3L|3L|3L|8S|3L|V|3L|1
8S|3L|I|3L|8S|3L|I|3L|1
3L|3L|I|3L|3L|3L|I|3L|1
3L|3L|3L|3L|3L|3L|V|3L|2
3L|3L|3L|3L|3L|3L|3L|3L|3
3L|3L|3L|3L|3L|3L|3L|3L|3
3L|3L|3L|26|3L|3L|3L|26|1
3L|3L|3L|51|3L|3L|3L|51|1
3L|3L|2E|3L|3L|3L|2E|3L|1
3L|3L|3L|26|3L|3L|3L|26|1
3L|3L|3L|3L|3L|3L|3L|3L|3
3L|3L|3L|3L|3L|3L|3L|3L|3
3L|3L|3L|3L|3L|3L|3L|3L|3
3L|3L|3L|3L|3L|3L|3L|3L|3
3L|3L|3L|3L|3L|3L|3L|3L|3
3L|3L|3L|3L|3L|3L|3L|3L|3
3L|3L|3L|3L|3L|3L|3L|3L|3
3L|3L|3L|3L|3L|3L|3L|3L|3
3L|3L|3L|3L|3L|3L|3L|3L|3
3L|3L|3L|3L|3L|3L|3L|3L|3
3L|3L|3L|3L|3L|3L|3L|3L|3
3L|3L|3L|3L|3L|3L|3L|3L|3
3L|3L|3L|26|3L|3L|3L|26|1
3L|3L|3L|3L|3L|3L|3L|3L|3
3L|3L|V|3L|3L|3L|V|3L|1
86|3L|V|3L|86|3L|V|3L|1
86|3L|3M|3L|86|3L|3M|3L|1
77|3L|3L|3L|77|3L|V|3L|1
77|3L|I|3L|77|3L|I|3L|1
7D|3L|3L|3L|7D|3L|V|3L|1
3L|3L|3L|3L|3L|3L|V|3L|2
3L|3L|3L|2C|3L|3L|V|2C|1
3L|3L|3L|3L|3L|3L|V|3L|2
3L|3L|I|3L|3L|3L|I|3L|1
3L|3L|3L|3L|3L|3L|V|3L|2
3L|3L|3L|3L|3L|3L|V|3L|2
8K|3L|3L|3L|8K|3L|V|3L|1
8K|3L|I|3L|8K|3L|I|3L|1
3L|3L|3L|3L|3L|3L|V|3L|2
3L|3L|3L|3L|3L|3L|V|3L|2
3L|3L|3L|3L|3L|3L|V|3L|2
8P|3L|3L|3L|8P|3L|V|3L|1
3L|3L|3L|26|3L|3L|V|26|1
3L|3L|3L|3L|3L|3L|V|3L|2
80|3L|3L|3L|80|3L|V|3L|1
89|3L|I|3L|89|3L|I|3L|1
8S|3L|V|3L|8S|3L|V|3L|1
8P|3L|3M|3L|8P|3L|3M|3L|1
3L|3L|3L|3L|3L|3L|3L|3L|3
3L|3L|3L|3L|3L|3L|3L|3L|3
3L|3L|3L|3L|3L|3L|3L|3L|3
3L|3L|3L|3L|3L|3L|3L|3L|3
3L|2U|3L|3L|3L|2U|3L|3L|1
3L|3L|3L|3L|3L|3L|3L|3L|3
3L|3L|3L|3L|3L|3L|3L|3L|3
3L|3L|3L|3L|3L|3L|3L|3L|3
3L|3L|3L|3L|3L|3L|3L|3L|3
3L|2U|I|3L|3L|2U|I|3L|1
3L|3L|3L|3L|3L|3L|3L|3L|3
3L|3L|3L|51|3L|3L|3L|51|1
3L|3L|3L|3L|3L|3L|3L|3L|3
3L|3L|3L|3L|3L|3L|3L|3L|3
3L|3L|3L|3L|3L|3L|3L|3L|3
3L|3L|3L|3L|3L|3L|3L|3L|3
3L|3L|3L|3L|3L|3L|3L|3L|3
3L|3L|3L|3L|3L|3L|3L|3L|3
3L|3L|3L|3L|3L|3L|3L|3L|3
86|3L|3L|3L|86|3L|3L|3L|1
3L|3L|I|3L|3L|3L|I|3L|1
3L|3L|3L|3L|3L|3L|3L|3L|3
86|3L|3M|3L|86|3L|3M|3L|1
77|3L|3L|3L|77|3L|3L|3L|1
77|3L|3L|3L|77|3L|3L|3L|1
3L|3L|3L|3L|3L|3L|3L|3L|3
3L|3L|3L|3L|3L|3L|3L|3L|3
3L|3L|3L|3L|3L|3L|3L|3L|3
3L|3L|3L|3L|3L|3L|3L|3L|3
8K|3L|3L|3L|8K|3L|3L|3L|1
8K|3L|3L|3L|8K|3L|3L|3L|1
3L|3L|I|3L|3L|3L|I|3L|1
3L|3L|1|3L|3L|3L|1|3L|1
3L|3L|3L|3L|3L|3L|3L|3L|3
3L|3L|3L|3L|3L|3L|3L|3L|3
80|3L|3L|3L|80|3L|3L|3L|1
80|3L|57|3L|80|3L|57|3L|1
3L|3L|I|3L|3L|3L|I|3L|1
3L|3L|3L|3L|3L|3L|3L|3L|3
3L|3L|3L|3L|3L|3L|3L|3L|3
9E|3L|V|3L|9E|3L|V|3L|1
9E|3L|V|3L|9E|3L|V|3L|1
3L|3L|3L|3L|3L|3L|3L|3L|3
3L|3L|I|3L|3L|3L|I|3L|1
8S|3L|3L|3L|8S|3L|3L|3L|1
8S|3L|3L|3L|8S|3L|3L|3L|1
3L|3L|I|3L|3L|3L|I|3L|1
3L|3L|I|3L|3L|3L|I|3L|1
3L|3L|3L|3L|3L|3L|3L|3L|3
3L|3L|3L|3L|3L|3L|3L|3L|3
3L|3L|3L|3L|3L|3L|3L|3L|3
3L|3L|3L|3L|3L|3L|3L|3L|3
3L|3L|3L|3L|3L|3L|3L|3L|3
3L|3L|3L|3L|3L|3L|3L|3L|3
3L|3L|I|3L|3L|3L|I|3L|1
3L|3L|3L|3L|3L|3L|3L|3L|3
3L|3L|3L|3L|3L|3L|3L|3L|3
3L|3L|I|3L|3L|3L|I|3L|1
3L|3L|O|3L|3L|3L|O|3L|1
3L|3L|I|3L|3L|3L|I|3L|1
3L|3L|3L|3L|3L|3L|3L|3L|3
3L|3L|3L|3L|3L|3L|3L|3L|3
3L|3L|3L|3L|3L|3L|3L|3L|3
3L|3L|3L|3L|3L|3L|3L|3L|3
3L|3L|3L|3L|3L|3L|3L|3L|3
3L|3L|3L|3L|3L|3L|3L|3L|3
86|3L|3L|3L|86|3L|3L|3L|1
86|3L|3L|3L|86|3L|3L|3L|1
3L|3L|3L|3L|3L|3L|3L|3L|3
3L|3L|3L|3L|3L|3L|3L|3L|3
3L|3L|3L|3L|3L|3L|3L|3L|3
3L|3L|3L|3L|3L|3L|3L|3L|3
77|3L|3L|3L|77|3L|3L|3L|1
77|3L|3L|3L|77|3L|3L|3L|1
3L|3L|I|3L|3L|3L|I|3L|1
3L|3L|3L|3L|3L|3L|3L|3L|3
3L|3L|3L|3L|3L|3L|3L|3L|3
3L|3L|3L|3L|3L|3L|3L|3L|3
3L|3L|3L|3L|3L|3L|3L|3L|3
8K|3L|3L|3L|8K|3L|3L|3L|1
8K|3L|I|3L|8K|3L|I|3L|1
3L|3L|3L|3L|3L|3L|3L|3L|3
3L|3L|I|3L|3L|3L|I|3L|1
3L|3L|3L|3L|3L|3L|3L|3L|3
80|3L|V|3L|80|3L|V|3L|1
80|3L|3L|3L|80|3L|3L|3L|1
9E|3L|V|3L|9E|3L|V|3L|1
9E|3L|3L|3L|9E|3L|3L|3L|1
8S|3L|V|3L|8S|3L|V|3L|1
8S|3L|3L|3L|8S|3L|3L|3L|1
3L|3L|V|3L|3L|3L|V|3L|1
3L|3L|3L|3L|3L|3L|3L|3L|3
3L|3L|3L|3L|3L|3L|3L|3L|3
3L|3L|3L|3L|3L|3L|3L|3L|3
3L|3L|3L|3L|3L|3L|3L|3L|3
3L|3L|3L|3L|3L|3L|3L|3L|3
3L|3L|3L|3L|3L|3L|3L|3L|3
3L|3L|3L|3L|3L|3L|3L|3L|3
3L|3L|3L|3L|3L|3L|3L|3L|3
3L|3L|I|51|3L|3L|I|51|1
3L|3L|3L|3L|3L|3L|3L|3L|3
3L|3L|3L|3L|3L|3L|3L|3L|3
3L|3L|3L|3L|3L|3L|3L|3L|3
3L|3L|3L|3L|3L|3L|3L|3L|3
3L|3L|3L|3L|3L|3L|3L|3L|3
3L|3L|3L|3L|3L|3L|3L|3L|3
3L|3L|3L|3L|3L|3L|3L|3L|3
86|3L|3L|3L|86|3L|3L|3L|1
86|3L|3L|3L|86|3L|3L|3L|1
3L|3L|3L|3L|3L|3L|3L|3L|3
3L|3L|3L|3L|3L|3L|3L|3L|3
3L|3L|1|3L|3L|3L|1|3L|1
77|3L|3L|3L|77|3L|3L|3L|1
77|3L|57|3L|77|3L|57|3L|1
3L|2U|3L|3L|3L|2U|3L|3L|1
3L|2U|3L|3L|3L|2U|3L|3L|1
8K|3L|V|3L|8K|3L|V|3L|1
8K|3L|3L|3L|8K|3L|3L|3L|1
8K|3L|3L|3L|8K|3L|3L|3L|1
3L|3L|3L|3L|3L|3L|3L|3L|3
80|3L|3L|3L|80|3L|3L|3L|1
80|3L|3L|3L|80|3L|3L|3L|1
80|3L|3L|3L|80|3L|3L|3L|1
3L|3L|3L|3L|3L|3L|3L|3L|3
3L|3L|3L|3L|3L|3L|3L|3L|3
9E|3L|3L|3L|9E|3L|3L|3L|1
9E|3L|I|3L|9E|3L|I|3L|1
3L|3L|3L|3L|3L|3L|3L|3L|3
3L|3L|3L|3L|3L|3L|3L|3L|3
8S|3L|3L|3L|8S|3L|3L|3L|1
8S|3L|I|3L|8S|3L|I|3L|1
3L|3L|3L|3L|3L|3L|3L|3L|3
3L|3L|3L|3L|3L|3L|3L|3L|3
3L|3L|I|3L|3L|3L|I|3L|1
3L|3L|3L|3L|3L|3L|3L|3L|3
3L|3L|3L|3L|3L|3L|3L|3L|3
3L|3L|3L|3L|3L|3L|3L|3L|3
3L|3L|3M|3L|3L|3L|3M|3L|1
3L|3L|3L|3L|3L|3L|3L|3L|3
3L|3L|3L|3L|3L|3L|3L|3L|3
3L|3L|3L|3L|3L|3L|3L|3L|3
3L|3L|3L|3L|3L|3L|3L|3L|3
3L|3L|I|3L|3L|3L|I|3L|1
3L|3L|3L|3L|3L|3L|3L|3L|3
3L|3L|3L|3L|3L|3L|3L|3L|3
3L|3L|3L|3L|3L|3L|3L|3L|3
3L|3L|3L|3L|3L|3L|3L|3L|3
3L|3L|3L|51|3L|3L|3L|51|1
3L|3L|3L|3L|3L|3L|3L|3L|3
3L|37|I|26|3L|37|I|26|1
3L|3L|3L|3L|3L|3L|3L|3L|3
77|3L|3L|3L|77|3L|3L|3L|1
77|3L|3L|3L|77|3L|3L|3L|1
80|3L|3L|3L|80|3L|3L|3L|1
80|3L|1|3L|80|3L|1|3L|1
80|3L|3L|3L|80|3L|3L|3L|1
8S|3L|3L|3L|8S|3L|3L|3L|1
8S|3L|3M|3L|8S|3L|3M|3L|1
3L|3L|3M|3L|3L|3L|3M|3L|1
8S|3L|I|3L|8S|3L|I|3L|1
8S|3L|3L|3L|8S|3L|3L|3L|1
3L|2U|3L|3L|3L|2U|3L|3L|1
3L|3L|3L|3L|3L|3L|3L|3L|3
3L|3L|3L|3L|3L|3L|3L|3L|3
3L|3L|3L|3L|3L|3L|3L|3L|3
3L|3L|2E|3L|3L|3L|2E|3L|1
3L|3L|3L|2C|3L|3L|3L|2C|1
3L|3L|2E|3L|3L|3L|2E|3L|1
3L|3L|2E|3L|3L|3L|2E|3L|1
3L|3L|2E|3L|3L|3L|2E|3L|1
3L|3L|3L|3L|3L|3L|3L|3L|3
3L|3L|I|3L|3L|3L|I|3L|1
3L|3L|M|3L|3L|3L|M|3L|1
3L|3L|3L|26|3L|3L|3L|26|1
3L|3L|I|26|3L|3L|I|26|1
3L|3L|3L|3L|3L|3L|3L|3L|3
3L|3L|2E|3L|3L|3L|2E|3L|1
3L|2U|3L|51|3L|2U|3L|51|1
3L|3L|3L|3L|3L|3L|3L|3L|3
3L|3L|I|3L|3L|3L|I|3L|1
3L|3L|3L|3L|3L|3L|3L|3L|3
3L|3L|3L|3L|3L|3L|3L|3L|3
3L|3L|3L|3L|3L|3L|3L|3L|3
3L|3L|3L|3L|3L|3L|3L|3L|3
80|3L|3L|3L|80|3L|3L|3L|1
80|3L|3M|3L|80|3L|3M|3L|1
80|3L|3L|3L|80|3L|3L|3L|1
9E|3L|3L|3L|9E|3L|3L|3L|1
8S|3L|3L|3L|8S|3L|3L|3L|1
8S|3L|3L|3L|8S|3L|3L|3L|1
8S|3L|3L|3L|8S|3L|3L|3L|1
8S|3L|3L|3L|8S|3L|3L|3L|1
3L|3L|3L|3L|3L|3L|3L|3L|3
3L|3L|3L|3L|3L|3L|3L|3L|3
3L|3L|3L|3L|3L|3L|3L|3L|3
3L|3L|I|3L|3L|3L|I|3L|1
3L|3L|M|3L|3L|3L|M|3L|1
3L|3L|I|3L|3L|3L|I|3L|1
3L|3L|I|3L|3L|3L|I|3L|1
3L|3L|I|3L|3L|3L|I|3L|1
3L|3L|3L|3L|3L|3L|3L|3L|3
3L|3L|I|3L|3L|3L|I|3L|1
3L|3L|I|3L|3L|3L|I|3L|1
3L|3L|3L|3L|3L|3L|3L|3L|3
3L|3L|I|3L|3L|3L|I|3L|1
7D|3L|3L|3L|7D|3L|3L|3L|1
3L|3L|3L|3L|3L|3L|3L|3L|3
3L|3L|3L|3L|3L|3L|3L|3L|3
3L|3L|3L|3L|3L|3L|3L|3L|3
3L|3L|I|3L|3L|3L|I|3L|1
3L|3L|3L|3L|3L|3L|3L|3L|3
3L|3L|3L|3L|3L|3L|3L|3L|3
86|3L|V|3L|86|3L|V|3L|1
86|3L|3M|3L|86|3L|3M|3L|1
3L|3L|3L|3L|3L|3L|3L|3L|3
3L|3L|M|3L|3L|3L|M|3L|1
86|3L|I|3L|86|3L|I|3L|1
8K|3L|V|3L|8K|3L|V|3L|1
8K|3L|I|3L|8K|3L|I|3L|1
8K|3L|3L|3L|8K|3L|3L|3L|1
8K|3L|3L|3L|8K|3L|3L|3L|1
9E|3L|V|3L|9E|3L|V|3L|1
3L|3L|3L|3L|3L|3L|3L|3L|3
3L|3L|I|3L|3L|3L|I|3L|1
3L|3L|3M|3L|3L|3L|3M|3L|1
3L|3L|3L|3L|3L|3L|3L|3L|3
3L|3L|3L|3L|3L|3L|3L|3L|3
3L|3L|3L|3L|3L|3L|3L|3L|3
3L|3L|2E|2C|3L|3L|2E|2C|1
3L|3L|3L|3L|3L|3L|3L|3L|3
3L|3L|3L|3L|3L|3L|3L|3L|3
3L|3L|3L|3L|3L|3L|3L|3L|3
3L|3L|3L|3L|3L|3L|3L|3L|3
3L|3L|3L|3L|3L|3L|3L|3L|3
3L|3L|3L|3L|3L|3L|3L|3L|3
86|3L|3L|3L|86|3L|3L|3L|1
86|3L|3L|3L|86|3L|3L|3L|1
86|3L|3L|3L|86|3L|3L|3L|1
86|3L|3L|3L|86|3L|3L|3L|1
86|3L|3L|3L|86|3L|3L|3L|1
9E|3L|3L|3L|9E|3L|3L|3L|1
9E|3L|3M|3L|9E|3L|3M|3L|1
3L|3L|3L|3L|3L|3L|3L|3L|3
9E|3L|3L|3L|9E|3L|3L|3L|1
9E|3L|I|3L|9E|3L|I|3L|1
9E|3L|3L|3L|9E|3L|3L|3L|1
8S|3L|3L|3L|8S|3L|3L|3L|1
8S|3L|3L|3L|8S|3L|3L|3L|1
8S|3L|3L|3L|8S|3L|3L|3L|1
8S|3L|3L|3L|8S|3L|3L|3L|1
8S|3L|3L|3L|8S|3L|3L|3L|1
8S|3L|I|3L|8S|3L|I|3L|1
3L|3L|3L|3L|3L|3L|3L|3L|3
3L|3L|3L|3L|3L|3L|3L|3L|3
3L|3L|3L|3L|3L|3L|3L|3L|3
3L|3L|I|3L|3L|3L|I|3L|1
3L|3L|3L|3L|3L|3L|3L|3L|3
3L|3L|2E|3L|3L|3L|2E|3L|1
3L|3L|3L|3L|3L|3L|3L|3L|3
3L|3L|3L|3L|3L|3L|3L|3L|3
3L|3L|3L|3L|3L|3L|3L|3L|3
3L|3L|3L|3L|3L|3L|3L|3L|3
3L|3L|3L|3L|3L|3L|3L|3L|3
3L|3L|3L|3L|3L|3L|3L|3L|3
3L|3L|1|3L|3L|3L|1|3L|1
3L|3L|I|3L|3L|3L|I|3L|1
3L|3L|3L|3L|3L|3L|3L|3L|3
3L|3L|3L|3L|3L|3L|3L|3L|3
77|3L|3L|3L|77|3L|3L|3L|1
77|3L|1|3L|77|3L|1|3L|1
80|3L|3L|3L|80|3L|3L|3L|1
82|3L|3L|3L|82|3L|3L|3L|1
80|3L|3L|3L|80|3L|3L|3L|1
80|3L|3L|3L|80|3L|3L|3L|1
80|3L|3M|3L|80|3L|3M|3L|1
8S|3L|3L|3L|8S|3L|3L|3L|1
8S|3L|3L|3L|8S|3L|3L|3L|1
8S|3L|3M|3L|8S|3L|3M|3L|1
8S|3L|3L|3L|8S|3L|3L|3L|1
3L|3L|3L|3L|3L|3L|3L|3L|3
3L|3L|3L|3L|3L|3L|3L|3L|3
3L|3L|V|3L|3L|3L|V|3L|1
7M|3L|K|3L|7M|3L|K|3L|1
3L|3L|3L|3L|3L|3L|3L|3L|3
3L|3L|3L|3L|3L|3L|3L|3L|3
3L|3L|3L|26|3L|3L|3L|26|1
3L|3L|3L|3L|3L|3L|3L|3L|3
3L|3L|3L|3L|3L|3L|3L|3L|3
3L|3L|3L|3L|3L|3L|3L|3L|3
3L|3L|3L|3L|3L|3L|3L|3L|3
3L|3L|3L|3L|3L|3L|3L|3L|3
3L|3L|I|3L|3L|3L|I|3L|1
3L|3L|3L|3L|3L|3L|3L|3L|3
86|3L|3L|3L|86|3L|3L|3L|1
86|3L|3L|3L|86|3L|3L|3L|1
86|3L|3L|3L|86|3L|3L|3L|1
77|3L|3L|3L|77|3L|3L|3L|1
77|3L|3L|3L|77|3L|3L|3L|1
77|3L|3L|3L|77|3L|3L|3L|1
77|3L|3L|3L|77|3L|3L|3L|1
8S|3L|3L|3L|8S|3L|3L|3L|1
8S|3L|3L|3L|8S|3L|3L|3L|1
8S|3L|3L|3L|8S|3L|3L|3L|1
3L|3L|3L|3L|3L|3L|3L|3L|3
3L|3L|3L|3L|3L|3L|3L|3L|3
3L|3L|3L|3L|3L|3L|3L|3L|3
3L|3L|M|3L|3L|3L|M|3L|1
3L|3L|I|3L|3L|3L|I|3L|1
3L|3L|I|3L|3L|3L|I|3L|1
3L|3L|I|3L|3L|3L|I|3L|1
3L|3L|I|3L|3L|3L|I|3L|1
3L|3L|I|3L|3L|3L|I|3L|1
3L|3L|I|3L|3L|3L|I|3L|1
3L|3L|I|3L|3L|3L|I|3L|1
3L|3L|3L|3L|3L|3L|3L|3L|3
3L|3L|3L|3L|3L|3L|3L|3L|3
3L|3L|3L|3L|3L|3L|3L|3L|3
3L|3L|I|3L|3L|3L|I|3L|1
3L|3L|3L|3L|3L|3L|3L|3L|3
86|3L|3L|3L|86|3L|3L|3L|1
86|3L|3L|3L|86|3L|3L|3L|1
3L|3L|3L|3L|3L|3L|3L|3L|3
86|3L|3L|3L|86|3L|3L|3L|1
8K|3L|3L|3L|8K|3L|3L|3L|1
8K|3L|3L|3L|8K|3L|3L|3L|1
3L|3L|3L|3L|3L|3L|3L|3L|3
9E|3L|3L|3L|9E|3L|3L|3L|1
9E|3L|3L|3L|9E|3L|3L|3L|1
9E|3L|3L|3L|9E|3L|3L|3L|1
9E|3L|3L|3L|9E|3L|3L|3L|1
3L|3L|3L|3L|3L|3L|3L|3L|3
3L|3L|3L|3L|3L|3L|3L|3L|3
3L|3L|3L|3L|3L|3L|3L|3L|3
3L|3L|3L|3L|3L|3L|3L|3L|3
3L|3L|3L|3L|3L|3L|3L|3L|3
3L|3L|57|3L|3L|3L|57|3L|1
3L|3L|I|3L|3L|3L|I|3L|1
3L|3L|3L|51|3L|3L|3L|51|1
3L|3L|3L|3L|3L|3L|3L|3L|3
3L|3L|I|3L|3L|3L|I|3L|1
3L|3L|I|3L|3L|3L|I|3L|1
3L|3L|I|3L|3L|3L|I|3L|1
3L|3L|I|3L|3L|3L|I|3L|1
3L|3L|I|3L|3L|3L|I|3L|1
3L|3L|3L|3L|3L|3L|3L|3L|3
3L|3L|3L|3L|3L|3L|3L|3L|3
3L|3L|3L|3L|3L|3L|3L|3L|3
3L|3L|3L|3L|3L|3L|3L|3L|3
86|3L|3L|3L|86|3L|3L|3L|1
86|3L|3L|3L|86|3L|3L|3L|1
3L|3L|3L|3L|3L|3L|3L|3L|3
86|3L|3L|3L|86|3L|3L|3L|1
86|3L|3L|3L|86|3L|3L|3L|1
8K|3L|3L|3L|8K|3L|3L|3L|1
8K|3L|3L|3L|8K|3L|3L|3L|1
8K|3L|I|3L|8K|3L|I|3L|1
3L|3L|3L|3L|3L|3L|3L|3L|3
9E|3L|3L|3L|9E|3L|3L|3L|1
9E|3L|3L|3L|9E|3L|3L|3L|1
9E|3L|3L|3L|9E|3L|3L|3L|1
3L|3L|3L|3L|3L|3L|3L|3L|3
3L|3L|3L|3L|3L|3L|3L|3L|3
3L|3L|3L|3L|3L|3L|3L|3L|3
9E|3L|3L|3L|9E|3L|3L|3L|1
3L|3L|3L|3L|3L|3L|3L|3L|3
3L|3L|3L|3L|3L|3L|3L|3L|3
3L|3L|3L|3L|3L|3L|3L|3L|3
3L|3L|3L|3L|3L|3L|3L|3L|3
3L|3L|3L|3L|3L|3L|3L|3L|3
3L|3L|3L|3L|3L|3L|3L|3L|3
3L|3L|3L|3L|3L|3L|3L|3L|3
3L|3L|3L|3L|3L|3L|3L|3L|3
3L|3L|3L|3L|3L|3L|3L|3L|3
3L|3L|2E|3L|3L|3L|2E|3L|1
3L|3L|I|3L|3L|3L|I|3L|1
3L|3L|3L|3L|3L|3L|3L|3L|3
3L|3L|3L|3L|3L|3L|3L|3L|3
3L|2U|3L|3L|3L|2U|3L|3L|1
3L|3L|3L|3L|3L|3L|3L|3L|3
3L|3L|3L|3L|3L|3L|3L|3L|3
3L|3L|I|3L|3L|3L|I|3L|1
3L|3L|3L|3L|3L|3L|3L|3L|3
3L|3L|O|3L|3L|3L|O|3L|1
3L|3L|3L|3L|3L|3L|3L|3L|3
3L|3L|M|3L|3L|3L|M|3L|1
3L|3L|3L|3L|3L|3L|3L|3L|3
3L|3L|I|3L|3L|3L|I|3L|1
3L|3L|3L|3L|3L|3L|3L|3L|3
3L|3L|I|3L|3L|3L|I|3L|1
3L|6T|3L|3L|3L|6T|3L|3L|1
3L|3L|3L|3L|3L|6T|3L|3L|2
3L|3L|3L|3L|3L|6T|3L|3L|2
3L|3L|3L|3L|3L|6T|3L|3L|2
3L|3L|3L|3L|3L|6T|3L|3L|2
3L|3L|3L|3L|3L|6T|3L|3L|2
3L|3L|3L|3L|3L|6T|3L|3L|2
3L|3L|3L|3L|3L|6T|3L|3L|2
3L|3L|3L|3L|3L|3L|3L|3L|3
3L|3L|3L|3L|3L|3L|3L|3L|3
3L|3L|3L|3L|3L|3L|3L|3L|3
3L|3L|3L|26|3L|3L|3L|26|1
7B|3L|I|3L|7B|3L|I|3L|1
3L|3L|3L|3L|3L|3L|3L|3L|3
3L|3L|3L|3L|3L|3L|3L|3L|3
3L|3L|3L|3L|3L|3L|3L|3L|3
3L|3L|3L|3L|3L|3L|3L|3L|3
3L|3L|3L|3L|3L|3L|3L|3L|3
80|3L|I|3L|80|3L|I|3L|1
7T|3L|I|3L|7T|3L|I|3L|1
3L|3L|3L|3L|3L|3L|3L|3L|3
3L|3L|I|3L|3L|3L|I|3L|1
3L|3L|3L|3L|3L|3L|3L|3L|3
3L|3L|3L|3L|3L|3L|3L|3L|3
3L|3L|I|3L|3L|3L|I|3L|1
3L|3L|I|3L|3L|3L|I|3L|1
3L|3L|3L|3L|3L|3L|3L|3L|3
3L|3L|3L|3L|3L|3L|3L|3L|3
3L|3L|3L|3L|3L|3L|3L|3L|3
3L|3L|3L|2C|3L|3L|3L|2C|1
3L|3L|3L|51|3L|3L|3L|51|1
3L|3L|3L|26|3L|3L|3L|26|1
3L|3L|3L|2C|3L|3L|3L|2C|1
3L|3L|3L|3L|3L|3L|3L|3L|3
3L|3L|3L|3L|3L|3L|3L|3L|3
3L|3L|3L|3L|3L|3L|3L|3L|3
3L|3L|3L|3L|3L|3L|3L|3L|3
3L|3L|3L|3L|3L|3L|3L|3L|3
3L|3L|I|3L|3L|3L|I|3L|1
3L|3L|3L|3L|3L|3L|3L|3L|3
3L|3L|M|3L|3L|3L|M|3L|1
3L|3L|3L|3L|3L|3L|3L|3L|3
3L|3L|3L|3L|3L|3L|3L|3L|3
3L|3L|O|3L|3L|3L|O|3L|1
3L|3L|M|3L|3L|3L|M|3L|1
3L|3L|3L|3L|3L|3L|3L|3L|3
3L|3L|3L|3L|3L|3L|3L|3L|3
3L|3L|3L|3L|3L|3L|3L|3L|3
3L|3L|3L|3L|3L|3L|3L|3L|3
3L|3L|3L|3L|3L|3L|3L|3L|3
3L|3L|I|3L|3L|3L|I|3L|1
3L|3L|3L|3L|3L|3L|3L|3L|3
3L|3L|3L|3L|3L|3L|3L|3L|3
3L|3L|3L|3L|3L|3L|3L|3L|3
3L|3L|3L|3L|3L|3L|3L|3L|3
3L|3L|3L|3L|3L|3L|3L|3L|3
3L|3L|3L|3L|3L|3L|3L|3L|3
3L|3L|3L|3L|3L|3L|3L|3L|3
3L|3L|57|3L|3L|3L|57|3L|1
3L|3L|3L|3L|3L|3L|57|3L|2
3L|3L|3L|3L|3L|3L|57|3L|2
3L|3L|3L|3L|3L|3L|3L|3L|3
3L|3L|3L|3L|3L|3L|3L|3L|3
3L|3L|3L|3L|3L|3L|3L|3L|3
3L|3L|M|3L|3L|3L|M|3L|1
3L|3L|I|3L|3L|3L|I|3L|1
3L|3L|3L|3L|3L|3L|3L|3L|3
3L|3L|3L|3L|3L|3L|3L|3L|3
3L|3L|2E|3L|3L|3L|2E|3L|1
8P|3L|3L|3L|8P|3L|3L|3L|1
3L|3L|3L|3L|3L|3L|3L|3L|3
3L|3L|3L|3L|3L|3L|3L|3L|3
3L|3L|I|3L|3L|3L|I|3L|1
3L|3L|3L|3L|3L|3L|3L|3L|3
3L|3L|3L|3L|3L|3L|3L|3L|3
9E|3L|I|3L|9E|3L|I|3L|1
3L|3L|3L|3L|3L|3L|3L|3L|3
3L|3L|3L|3L|3L|3L|3L|3L|3
3L|3L|3L|3L|3L|3L|3L|3L|3
3L|3L|I|3L|3L|3L|I|3L|1
3L|6T|1|3L|3L|6T|1|3L|1
3L|6T|1|3L|3L|6T|1|3L|1
3L|3L|1|3L|3L|3L|1|3L|1
3L|3L|3L|3L|3L|3L|3L|3L|3
3L|3L|3L|3L|3L|3L|3L|3L|3
3L|3L|3L|3L|3L|3L|3L|3L|3
3L|3L|3L|3L|3L|3L|3L|3L|3
3L|3L|3L|3L|3L|3L|3L|3L|3
3L|6T|3L|3L|3L|6T|3L|3L|1
3L|3L|3M|3L|3L|3L|3M|3L|1
3L|3L|3L|3L|3L|3L|3L|3L|3
3L|6T|3L|3L|3L|6T|3L|3L|1
3L|3L|3L|3L|3L|6T|3L|3L|2
3L|3L|3L|3L|3L|6T|3L|3L|2
3L|3L|3L|3L|3L|6T|3L|3L|2
3L|3L|3L|3L|3L|6T|3L|3L|2
3L|3L|3L|3L|3L|6T|3L|3L|2
3L|3L|3L|3L|3L|3L|3L|3L|3
3L|3L|3L|3L|3L|3L|3L|3L|3
3L|3L|3L|3L|3L|3L|3L|3L|3
3L|3L|I|3L|3L|3L|I|3L|1
3L|3L|I|3L|3L|3L|I|3L|1
3L|3L|3L|3L|3L|3L|3L|3L|3
3L|3L|3L|3L|3L|3L|3L|3L|3
3L|3L|3L|3L|3L|3L|3L|3L|3
3L|3L|3L|3L|3L|3L|3L|3L|3
3L|3L|3L|3L|3L|3L|3L|3L|3
3L|3L|3L|3L|3L|3L|3L|3L|3
3L|6T|3L|3L|3L|6T|3L|3L|1
3L|6T|3L|3L|3L|6T|3L|3L|1
3L|6T|3L|3L|3L|6T|3L|3L|1
3L|3L|3L|3L|3L|3L|3L|3L|3
3L|3L|O|3L|3L|3L|O|3L|1
3L|3L|3L|3L|3L|3L|3L|3L|3
3L|3L|3L|3L|3L|3L|3L|3L|3
3L|3L|I|3L|3L|3L|I|3L|1
3L|3L|3L|3L|3L|3L|3L|3L|3
3L|3L|I|3L|3L|3L|I|3L|1
3L|3L|3L|3L|3L|3L|3L|3L|3
3L|3L|3L|3L|3L|3L|3L|3L|3
3L|3L|I|3L|3L|3L|I|3L|1
3L|3L|3L|3L|3L|3L|3L|3L|3
3L|3L|3L|3L|3L|3L|3L|3L|3
3L|3L|3L|3L|3L|3L|3L|3L|3
3L|3L|O|3L|3L|3L|O|3L|1
8F|3L|I|3L|8F|3L|I|3L|1
3L|3L|3L|3L|3L|3L|3L|3L|3
3L|3L|3L|3L|3L|3L|3L|3L|3
3L|3L|O|3L|3L|3L|O|3L|1
3L|3L|3L|3L|3L|3L|3L|3L|3
3L|3L|3L|3L|3L|3L|3L|3L|3
3L|3L|3L|3L|3L|3L|3L|3L|3
3L|3L|I|3L|3L|3L|I|3L|1
3L|3L|3L|3L|3L|3L|3L|3L|3
3L|2T|I|3L|3L|2T|I|3L|1
3L|3L|3L|3L|3L|3L|3L|3L|3
3L|6T|3L|3L|3L|6T|3L|3L|1
3L|6T|3L|3L|3L|6T|3L|3L|1
3L|3L|3L|3L|3L|3L|3L|3L|3
3L|3L|3L|3L|3L|3L|3L|3L|3
3L|3L|3L|3L|3L|3L|3L|3L|3
3L|3L|3N|3L|3L|3L|3N|3L|1
3L|3L|3L|3L|3L|3L|3L|3L|3
3L|3L|3L|3L|3L|3L|3L|3L|3
3L|3L|3L|3L|3L|3L|3L|3L|3
3L|3L|3L|3L|3L|3L|3L|3L|3
3L|3L|O|3L|3L|3L|O|3L|1
3L|3L|3L|3L|3L|3L|3L|3L|3
3L|3L|3L|3L|3L|3L|3L|3L|3
3L|3L|3L|3L|3L|3L|3L|3L|3
3L|3L|3M|3L|3L|3L|3M|3L|1
3L|6T|3L|3L|3L|6T|3L|3L|1
3L|3L|3L|3L|3L|6T|3L|3L|2
3L|3L|3L|3L|3L|6T|3L|3L|2
3L|3L|I|3L|3L|6T|I|3L|1
3L|3L|3L|3L|3L|6T|3L|3L|2
3L|3L|3L|3L|3L|6T|3L|3L|2
3L|3L|3L|3L|3L|3L|3L|3L|3
3L|3L|3L|3L|3L|3L|3L|3L|3
3L|3L|3L|3L|3L|3L|3L|3L|3
3L|3L|3L|3L|3L|3L|3L|3L|3
3L|3L|I|3L|3L|3L|I|3L|1
3L|3L|3L|3L|3L|3L|3L|3L|3
3L|3L|1|3L|3L|3L|1|3L|1
3L|3L|3L|3L|3L|3L|3L|3L|3
3L|3L|3L|3L|3L|3L|3L|3L|3
3L|6T|3L|3L|3L|6T|3L|3L|1
3L|3L|3L|3L|3L|3L|3L|3L|3
3L|3L|3L|3L|3L|3L|3L|3L|3
3L|3L|3L|3L|3L|3L|3L|3L|3
3L|3L|I|3L|3L|3L|I|3L|1
3L|3L|3L|3L|3L|3L|3L|3L|3
3L|3L|3L|3L|3L|3L|3L|3L|3
3L|3L|3L|3L|3L|3L|3L|3L|3
3L|3L|I|3L|3L|3L|I|3L|1
3L|3L|I|3L|3L|3L|I|3L|1
3L|3L|I|3L|3L|3L|I|3L|1
3L|3L|3L|3L|3L|3L|3L|3L|3
3L|3L|3L|3L|3L|3L|3L|3L|3
3L|3L|2E|3L|3L|3L|2E|3L|1
3L|3L|3L|26|3L|3L|3L|26|1
3L|3L|3L|3L|3L|3L|3L|3L|3
3L|3L|3L|3L|3L|3L|3L|3L|3
3L|6T|3L|3L|3L|6T|3L|3L|1
3L|3L|3L|3L|3L|6T|3L|3L|2
3L|3L|3L|26|3L|6T|3L|26|1
3L|3L|3L|3L|3L|3L|3L|3L|3
3L|3L|3L|3L|3L|3L|3L|3L|3
3L|3L|3L|3L|3L|3L|3L|3L|3
3L|3L|3L|3L|3L|3L|3L|3L|3
3L|3L|3L|3L|3L|3L|3L|3L|3
3L|6T|3L|3L|3L|6T|3L|3L|1
3L|3L|3L|3L|3L|3L|3L|3L|3
3L|3L|3L|3L|3L|3L|3L|3L|3
3L|3L|3L|3L|3L|3L|3L|3L|3
3L|3L|3L|2C|3L|3L|3L|2C|1
3L|3L|3L|3L|3L|3L|3L|3L|3
3L|3L|3L|3L|3L|3L|3L|3L|3
3L|3L|3L|3L|3L|3L|3L|3L|3
3L|3L|3L|3L|3L|3L|3L|3L|3
3L|6T|3L|3L|3L|6T|3L|3L|1
3L|3L|3L|3L|3L|3L|3L|3L|3
3L|3L|3L|3L|3L|3L|3L|3L|3
3L|3L|3L|3L|3L|3L|3L|3L|3
3L|3L|1|3L|3L|3L|1|3L|1
3L|3L|1|3L|3L|3L|1|3L|1
3L|3L|59|3L|3L|3L|59|3L|1
3L|3L|3L|3L|3L|3L|3L|3L|3
3L|3L|3L|3L|3L|3L|3L|3L|3
3L|3L|3L|3L|3L|3L|3L|3L|3
3L|3L|3L|3L|3L|3L|3L|3L|3
3L|3L|3L|3L|3L|3L|3L|3L|3
3L|3L|3L|3L|3L|3L|3L|3L|3
3L|3L|3L|3L|3L|3L|3L|3L|3
3L|3L|3L|3L|3L|3L|3L|3L|3
3L|3L|3L|3L|3L|3L|3L|3L|3
3L|3L|3L|3L|3L|3L|3L|3L|3
3L|3L|3L|3L|3L|3L|3L|3L|3
3L|3L|3L|3L|3L|3L|3L|3L|3
3L|3L|3L|3L|3L|3L|3L|3L|3
3L|3L|3L|3L|3L|3L|3L|3L|3
3L|3L|3L|3L|3L|3L|3L|3L|3
3L|3L|3L|3L|3L|3L|3L|3L|3
3L|3L|3L|3L|3L|3L|3L|3L|3
3L|3L|3L|3L|3L|3L|3L|3L|3
3L|3L|3L|3L|3L|3L|3L|3L|3
3L|3L|3L|3L|3L|3L|3L|3L|3
3L|3L|3L|3L|3L|3L|3L|3L|3
3L|3L|3L|3L|3L|3L|3L|3L|3
3L|3L|3L|3L|3L|3L|3L|3L|3
3L|3L|3L|3L|3L|3L|3L|3L|3
3L|3L|3L|3L|3L|3L|3L|3L|3
3L|3L|3L|3L|3L|3L|3L|3L|3
3L|3L|3L|3L|3L|3L|3L|3L|3
3L|6T|3L|3L|3L|6T|3L|3L|1
3L|3L|3L|3L|3L|3L|3L|3L|3
3L|3L|3L|3L|3L|3L|3L|3L|3
3L|3L|3L|3L|3L|3L|3L|3L|3
3L|3L|3L|3L|3L|3L|3L|3L|3
3L|3L|3L|3L|3L|3L|3L|3L|3
3L|3L|3L|3L|3L|3L|3L|3L|3
3L|3L|3L|3L|3L|3L|3L|3L|3
3L|3L|3L|3L|3L|3L|3L|3L|3
3L|3L|V|3L|3L|3L|V|3L|1
86|3L|3L|3L|86|3L|V|3L|1
3L|3L|3L|3L|3L|3L|V|3L|2
3L|3L|I|3L|3L|3L|I|3L|1
3L|3L|2E|3L|3L|3L|2E|3L|1
3L|3L|3L|3L|3L|3L|3L|3L|3
3L|3L|3L|3L|3L|3L|3L|3L|3
3L|3L|M|3L|3L|3L|M|3L|1
77|3L|1|3L|77|3L|1|3L|1
3L|3L|1|3L|3L|3L|1|3L|1
3L|3L|3L|3L|3L|3L|3L|3L|3
3L|3L|I|3L|3L|3L|I|3L|1
8K|3L|3L|3L|8K|3L|3L|3L|1
3L|3L|J|3L|3L|3L|J|3L|1
3L|3L|3L|3L|3L|3L|3L|3L|3
3L|3L|3L|3L|3L|3L|3L|3L|3
3L|3L|3L|3L|3L|3L|3L|3L|3
3L|3L|I|3L|3L|3L|I|3L|1
3L|3L|3L|3L|3L|3L|3L|3L|3
3L|3L|3L|3L|3L|3L|3L|3L|3
3L|3L|3L|3L|3L|3L|3L|3L|3
3L|3L|3L|3L|3L|3L|3L|3L|3
3L|3L|I|3L|3L|3L|I|3L|1
3L|3L|1|3L|3L|3L|1|3L|1
3L|3L|3L|3L|3L|3L|3L|3L|3
3L|3L|1|3L|3L|3L|1|3L|1
3L|3L|3M|3L|3L|3L|3M|3L|1
3L|3L|3L|3L|3L|3L|3L|3L|3
3L|3L|3L|3L|3L|3L|3L|3L|3
3L|3L|I|3L|3L|3L|I|3L|1
3L|3L|3L|3L|3L|3L|3L|3L|3
3L|3L|3L|3L|3L|3L|3L|3L|3
3L|3L|3L|3L|3L|3L|3L|3L|3
3L|3L|I|3L|3L|3L|I|3L|1
3L|3L|3L|3L|3L|3L|3L|3L|3
3L|3L|3L|3L|3L|3L|3L|3L|3
3L|3L|3L|3L|3L|3L|3L|3L|3
3L|3L|3L|3L|3L|3L|3L|3L|3
3L|3L|3L|3L|3L|3L|3L|3L|3
3L|3L|2E|3L|3L|3L|2E|3L|1
3L|3L|2E|3L|3L|3L|2E|3L|1
3L|3L|2E|3L|3L|3L|2E|3L|1
3L|3L|1|3L|3L|3L|1|3L|1
3L|3L|2E|3L|3L|3L|2E|3L|1
3L|3L|3L|3L|3L|3L|3L|3L|3
3L|3L|3L|3L|3L|3L|3L|3L|3
3L|3L|I|3L|3L|3L|I|3L|1
3L|3L|I|3L|3L|3L|I|3L|1
3L|3L|O|3L|3L|3L|O|3L|1
3L|3L|I|3L|3L|3L|I|3L|1
3L|3L|3L|3L|3L|3L|3L|3L|3
3L|3L|I|3L|3L|3L|I|3L|1
3L|3L|O|3L|3L|3L|O|3L|1
3L|3L|3L|3L|3L|3L|3L|3L|3
3L|3L|3L|3L|3L|3L|3L|3L|3
3L|3L|I|3L|3L|3L|I|3L|1
3L|3L|3L|3L|3L|3L|3L|3L|3
3L|3L|I|3L|3L|3L|I|3L|1
3L|3L|3L|3L|3L|3L|3L|3L|3
3L|3L|3L|3L|3L|3L|3L|3L|3
3L|3L|3L|3L|3L|3L|3L|3L|3
3L|3L|3L|3L|3L|3L|3L|3L|3
3L|3L|3L|3L|3L|3L|3L|3L|3
3L|3L|3L|3L|3L|3L|3L|3L|3
3L|3L|3L|3L|3L|3L|3L|3L|3
3L|3L|3L|3L|3L|3L|3L|3L|3
3L|3L|3L|3L|3L|3L|3L|3L|3
3L|3L|3L|3L|3L|3L|3L|3L|3
3L|3L|3L|3L|3L|3L|3L|3L|3
77|3L|I|26|77|3L|I|26|1
3L|3L|I|26|3L|3L|I|26|1
3L|3L|3L|3L|3L|3L|3L|3L|3
3L|3L|I|2C|3L|3L|I|2C|1
3L|3L|I|3L|3L|3L|I|3L|1
3L|3L|3L|3L|3L|3L|3L|3L|3
3L|3L|3L|3L|3L|3L|3L|3L|3
3L|3L|I|3L|3L|3L|I|3L|1
8Y|3L|I|26|8Y|3L|I|26|1
3L|3L|3L|3L|3L|3L|3L|3L|3
3L|3L|3L|3L|3L|3L|3L|3L|3
3L|3L|I|3L|3L|3L|I|3L|1
3L|3L|3L|3L|3L|3L|3L|3L|3
3L|3L|3L|3L|3L|3L|3L|3L|3
3L|3L|I|3L|3L|3L|I|3L|1
3L|3L|3L|3L|3L|3L|3L|3L|3
3L|3L|3L|51|3L|3L|3L|51|1
3L|3L|I|2C|3L|3L|I|2C|1
3L|3L|3L|3L|3L|3L|3L|3L|3
3L|3L|3L|3L|3L|3L|3L|3L|3
3L|3L|3L|3L|3L|3L|3L|3L|3
3L|3L|3L|3L|3L|3L|3L|3L|3
3L|3L|3L|3L|3L|3L|3L|3L|3
3L|3L|2E|3L|3L|3L|2E|3L|1
3L|3L|I|3L|3L|3L|I|3L|1
3L|3L|3L|3L|3L|3L|3L|3L|3
3L|3L|3L|3L|3L|3L|3L|3L|3
3L|3L|3L|3L|3L|3L|3L|3L|3
3L|3L|I|3L|3L|3L|I|3L|1
3L|3L|I|3L|3L|3L|I|3L|1
3L|3L|3L|3L|3L|3L|3L|3L|3
3L|3L|3L|3L|3L|3L|3L|3L|3
3L|3L|M|3L|3L|3L|M|3L|1
3L|3L|3L|3L|3L|3L|3L|3L|3
3L|3L|I|3L|3L|3L|I|3L|1
3L|3L|3L|3L|3L|3L|3L|3L|3
3L|3L|M|3L|3L|3L|M|3L|1
3L|3L|I|3L|3L|3L|I|3L|1
3L|3L|I|3L|3L|3L|I|3L|1
3L|3L|3L|3L|3L|3L|3L|3L|3
3L|3L|I|3L|3L|3L|I|3L|1
3L|3L|3L|3L|3L|3L|3L|3L|3
3L|3L|I|3L|3L|3L|I|3L|1
3L|3L|3L|3L|3L|3L|3L|3L|3
3L|3L|M|3L|3L|3L|M|3L|1
3L|3L|I|3L|3L|3L|I|3L|1
3L|3L|I|3L|3L|3L|I|3L|1
3L|3L|3L|3L|3L|3L|3L|3L|3
3L|3L|M|3L|3L|3L|M|3L|1
3L|3L|3L|3L|3L|3L|3L|3L|3
3L|3L|I|3L|3L|3L|I|3L|1
3L|3L|3L|3L|3L|3L|3L|3L|3
3L|3L|3L|3L|3L|3L|3L|3L|3
3L|3L|3L|3L|3L|3L|3L|3L|3
3L|3L|3L|2C|3L|3L|3L|2C|1
3L|3L|3L|3L|3L|3L|3L|3L|3
3L|3L|3L|3L|3L|3L|3L|3L|3
3L|3L|I|3L|3L|3L|I|3L|1
3L|3L|3L|3L|3L|3L|3L|3L|3
3L|3L|3L|3L|3L|3L|3L|3L|3
3L|3L|3L|3L|3L|3L|3L|3L|3
3L|3L|O|3L|3L|3L|O|3L|1
3L|3L|3L|3L|3L|3L|3L|3L|3
3L|3L|3L|3L|3L|3L|3L|3L|3
3L|3L|I|3L|3L|3L|I|3L|1
3L|3L|3L|3L|3L|3L|3L|3L|3
3L|3L|I|3L|3L|3L|I|3L|1
3L|3L|3L|3L|3L|3L|3L|3L|3
3L|3L|3L|3L|3L|3L|3L|3L|3
3L|3L|M|3L|3L|3L|M|3L|1
3L|3L|3L|3L|3L|3L|3L|3L|3
3L|3L|3L|3L|3L|3L|3L|3L|3
3L|3L|3L|3L|3L|3L|3L|3L|3
3L|3L|3L|3L|3L|3L|3L|3L|3
3L|3L|3L|3L|3L|3L|3L|3L|3
3L|3L|3L|3L|3L|3L|3L|3L|3
3L|3L|3L|3L|3L|3L|3L|3L|3
3L|3L|3L|3L|3L|3L|3L|3L|3
3L|3L|3L|3L|3L|3L|3L|3L|3
3L|3L|2E|3L|3L|3L|2E|3L|1
3L|3L|I|3L|3L|3L|I|3L|1
3L|3L|I|3L|3L|3L|I|3L|1
3L|3L|3L|3L|3L|3L|3L|3L|3
3L|3L|3L|3L|3L|3L|3L|3L|3
3L|3L|3L|3L|3L|3L|3L|3L|3
3L|3L|I|3L|3L|3L|I|3L|1
3L|3L|I|3L|3L|3L|I|3L|1
3L|3L|3L|3L|3L|3L|3L|3L|3
3L|3L|I|3L|3L|3L|I|3L|1
3L|3L|3L|3L|3L|3L|3L|3L|3
3L|3L|3L|3L|3L|3L|3L|3L|3
3L|3L|I|3L|3L|3L|I|3L|1
3L|3L|I|3L|3L|3L|I|3L|1
3L|3L|3L|3L|3L|3L|3L|3L|3
3L|3L|M|3L|3L|3L|M|3L|1
3L|3L|I|3L|3L|3L|I|3L|1
3L|3L|3L|3L|3L|3L|3L|3L|3
3L|3L|3L|3L|3L|3L|3L|3L|3
3L|3L|3L|3L|3L|3L|3L|3L|3
3L|3L|3L|3L|3L|3L|3L|3L|3
3L|3L|3L|3L|3L|3L|3L|3L|3
3L|3L|1|3L|3L|3L|1|3L|1
3L|3L|J|3L|3L|3L|J|3L|1
3L|3L|1|3L|3L|3L|1|3L|1
3L|3L|3L|3L|3L|3L|3L|3L|3
3L|3L|3L|3L|3L|3L|3L|3L|3
3L|3L|3L|3L|3L|3L|3L|3L|3
3L|3L|3L|3L|3L|3L|3L|3L|3
3L|3L|3L|3L|3L|3L|3L|3L|3
3L|3L|3L|3L|3L|3L|3L|3L|3
3L|3L|V|3L|3L|3L|V|3L|1
3L|3L|3L|3L|3L|3L|3L|3L|3
3L|3L|3L|3L|3L|3L|3L|3L|3
3L|3L|2E|3L|3L|3L|2E|3L|1
3L|3L|I|3L|3L|3L|I|3L|1
3L|3L|3L|3L|3L|3L|3L|3L|3
3L|3L|3L|3L|3L|3L|3L|3L|3
3L|3L|3L|3L|3L|3L|3L|3L|3
3L|3L|3L|3L|3L|3L|3L|3L|3
3L|3L|3L|3L|3L|3L|3L|3L|3
3L|3L|I|3L|3L|3L|I|3L|1
3L|3L|3L|3L|3L|3L|3L|3L|3
8F|3L|3L|3L|8F|3L|3L|3L|1
3L|3L|2E|3L|3L|3L|2E|3L|1
3L|3L|M|3L|3L|3L|M|3L|1
3L|3L|3L|3L|3L|3L|3L|3L|3
80|3L|3L|3L|80|3L|3L|3L|1
80|3L|J|3L|80|3L|J|3L|1
80|3L|I|3L|80|3L|I|3L|1
77|3L|3L|3L|77|3L|3L|3L|1
79|3L|I|3L|79|3L|I|3L|1
77|3L|3L|3L|77|3L|3L|3L|1
8S|3L|3L|3L|8S|3L|3L|3L|1
8S|3L|3L|3L|8S|3L|3L|3L|1
8S|3L|3L|3L|8S|3L|3L|3L|1
3L|3L|3L|3L|3L|3L|3L|3L|3
3L|3L|3L|3L|3L|3L|3L|3L|3
3L|3L|3L|3L|3L|3L|3L|3L|3
3L|3L|3L|3L|3L|3L|3L|3L|3
3L|3L|3L|3L|3L|3L|3L|3L|3
3L|3L|3L|3L|3L|3L|3L|3L|3
3L|3L|I|3L|3L|3L|I|3L|1
3L|3L|I|2C|3L|3L|I|2C|1
3L|3L|3L|3L|3L|3L|3L|3L|3
3L|3L|I|2C|3L|3L|I|2C|1
3L|3L|3L|3L|3L|3L|3L|3L|3
3L|3L|3L|3L|3L|3L|3L|3L|3
3L|3L|I|3L|3L|3L|I|3L|1
3L|3L|I|3L|3L|3L|I|3L|1
3L|3L|3L|3L|3L|3L|3L|3L|3
3L|3L|I|3L|3L|3L|I|3L|1
7G|3L|3L|51|7G|3L|3L|51|1
7T|3L|I|26|7T|3L|I|26|1
3L|3L|3L|3L|3L|3L|3L|3L|3
3L|3L|I|3L|3L|3L|I|3L|1
3L|3L|3L|3L|3L|3L|3L|3L|3
9E|3L|3L|3L|9E|3L|3L|3L|1
3L|3L|3L|3L|3L|3L|3L|3L|3
3L|3L|3L|3L|3L|3L|3L|3L|3
3L|3L|3L|3L|3L|3L|3L|3L|3
3L|3L|2E|3L|3L|3L|2E|3L|1
3L|3L|2E|3L|3L|3L|2E|3L|1
3L|3L|3L|3L|3L|3L|3L|3L|3
3L|3L|I|3L|3L|3L|I|3L|1
3L|3L|3L|3L|3L|3L|3L|3L|3
3L|3L|3L|3L|3L|3L|3L|3L|3
3L|3L|3L|3L|3L|3L|3L|3L|3
3L|3L|3L|3L|3L|3L|3L|3L|3
3L|3L|3L|3L|3L|3L|3L|3L|3
3L|3L|3L|3L|3L|3L|3L|3L|3
3L|3L|3L|3L|3L|3L|3L|3L|3
3L|3L|I|3L|3L|3L|I|3L|1
3L|3L|I|3L|3L|3L|I|3L|1
3L|3L|3L|3L|3L|3L|3L|3L|3
7M|3L|3L|3L|7M|3L|3L|3L|1
98|3L|3L|3L|98|3L|3L|3L|1
9E|3L|3L|3L|9E|3L|3L|3L|1
3L|3L|3L|3L|3L|3L|3L|3L|3
3L|3L|3L|3L|3L|3L|3L|3L|3
3L|3L|3L|3L|3L|3L|3L|3L|3
3L|3L|3L|3L|3L|3L|3L|3L|3
3L|3L|M|3L|3L|3L|M|3L|1
3L|3L|I|3L|3L|3L|I|3L|1
3L|3L|3L|3L|3L|3L|3L|3L|3
3L|3L|3L|3L|3L|3L|3L|3L|3
3L|3L|3L|3L|3L|3L|3L|3L|3
3L|3L|3L|3L|3L|3L|3L|3L|3
3L|3L|3L|3L|3L|3L|3L|3L|3
3L|3L|3L|3L|3L|3L|3L|3L|3
3L|3L|3L|3L|3L|3L|3L|3L|3
3L|3L|3L|3L|3L|3L|3L|3L|3
3L|3L|I|3L|3L|3L|I|3L|1
3L|3L|I|3L|3L|3L|I|3L|1
3L|3L|3L|3L|3L|3L|3L|3L|3
3L|3L|I|3L|3L|3L|I|3L|1
3L|3L|3L|3L|3L|3L|3L|3L|3
3L|3L|I|3L|3L|3L|I|3L|1
3L|3L|3L|3L|3L|3L|3L|3L|3
3L|3L|3L|3L|3L|3L|3L|3L|3
3L|3L|3L|3L|3L|3L|3L|3L|3
3L|3L|3L|3L|3L|3L|3L|3L|3
3L|3L|3L|3L|3L|3L|3L|3L|3
3L|3L|3L|3L|3L|3L|3L|3L|3
3L|3L|1|3L|3L|3L|1|3L|1
3L|3L|3L|3L|3L|3L|3L|3L|3
3L|3L|3L|3L|3L|3L|3L|3L|3
3L|3L|3L|3L|3L|3L|3L|3L|3
3L|3L|3L|3L|3L|3L|3L|3L|3
3L|3L|3L|3L|3L|3L|3L|3L|3
3L|3L|3L|3L|3L|3L|3L|3L|3
3L|3L|3L|3L|3L|3L|3L|3L|3
3L|3L|3L|3L|3L|3L|3L|3L|3
3L|3L|3L|3L|3L|3L|3L|3L|3
3L|3L|3L|3L|3L|3L|3L|3L|3
3L|3L|3L|3L|3L|3L|3L|3L|3
3L|3L|3L|3L|3L|3L|3L|3L|3
3L|3L|3L|3L|3L|3L|3L|3L|3
3L|3L|I|3L|3L|3L|I|3L|1
3L|3L|I|3L|3L|3L|I|3L|1
3L|3L|I|3L|3L|3L|I|3L|1
3L|3L|3L|3L|3L|3L|3L|3L|3
3L|3L|3M|3L|3L|3L|3M|3L|1
3L|3L|3L|3L|3L|3L|3L|3L|3
3L|3L|3L|3L|3L|3L|3L|3L|3
3L|3L|3L|3L|3L|3L|3L|3L|3
3L|3L|I|3L|3L|3L|I|3L|1
3L|3L|I|3L|3L|3L|I|3L|1
3L|3L|I|3L|3L|3L|I|3L|1
3L|3L|3L|3L|3L|3L|3L|3L|3
3L|3L|3L|3L|3L|3L|3L|3L|3
3L|3L|3L|3L|3L|3L|3L|3L|3
3L|3L|3L|3L|3L|3L|3L|3L|3
3L|3L|3L|3L|3L|3L|3L|3L|3
3L|3L|3L|3L|3L|3L|3L|3L|3
3L|3L|I|3L|3L|3L|I|3L|1
3L|3L|3L|3L|3L|3L|3L|3L|3
3L|3L|3L|3L|3L|3L|3L|3L|3
3L|3L|3L|3L|3L|3L|3L|3L|3
3L|3L|3L|3L|3L|3L|3L|3L|3
3L|3L|1|3L|3L|3L|1|3L|1
3L|3L|3L|3L|3L|3L|3L|3L|3
3L|3L|3L|3L|3L|3L|3L|3L|3
3L|3L|3L|3L|3L|3L|3L|3L|3
3L|3L|3L|3L|3L|3L|3L|3L|3
3L|3L|3L|3L|3L|3L|3L|3L|3
3L|3L|3L|3L|3L|3L|3L|3L|3
3L|3L|3L|3L|3L|3L|3L|3L|3
3L|3L|3L|3L|3L|3L|3L|3L|3
3L|3L|3L|3L|3L|3L|3L|3L|3
3L|3L|3L|3L|3L|3L|3L|3L|3
3L|3L|3L|3L|3L|3L|3L|3L|3
3L|6T|3L|3L|3L|6T|3L|3L|1
3L|3L|3L|3L|3L|3L|3L|3L|3
3L|3L|3L|3L|3L|3L|3L|3L|3
3L|3L|3L|3L|3L|3L|3L|3L|3
3L|3L|3L|3L|3L|3L|3L|3L|3
3L|3L|3L|3L|3L|3L|3L|3L|3
3L|3L|3L|3L|3L|3L|3L|3L|3
3L|3L|3L|3L|3L|3L|3L|3L|3
3L|3L|3L|3L|3L|3L|3L|3L|3
3L|3L|3L|3L|3L|3L|3L|3L|3
3L|3L|3L|3L|3L|3L|3L|3L|3
3L|3L|3L|3L|3L|3L|3L|3L|3
3L|3L|3L|3L|3L|3L|3L|3L|3
3L|3L|3L|3L|3L|3L|3L|3L|3
3L|3L|3L|3L|3L|3L|3L|3L|3
3L|3L|3L|3L|3L|3L|3L|3L|3
3L|3L|3L|3L|3L|3L|3L|3L|3
3L|3L|3L|3L|3L|3L|3L|3L|3
3L|3L|3L|3L|3L|3L|3L|3L|3
86|3L|3L|3L|86|3L|3L|3L|1
77|3L|3L|3L|77|3L|3L|3L|1
8S|3L|3L|3L|8S|3L|3L|3L|1
3L|3L|3L|3L|3L|3L|3L|3L|3
3L|3L|3L|3L|3L|3L|3L|3L|3
3L|3L|I|3L|3L|3L|I|3L|1
3L|3L|I|3L|3L|3L|I|3L|1
3L|3L|I|3L|3L|3L|I|3L|1
3L|6T|3L|3L|3L|6T|3L|3L|1
3L|3L|3L|3L|3L|3L|3L|3L|3
3L|3L|3L|3L|3L|3L|3L|3L|3
3L|6T|3L|3L|3L|6T|3L|3L|1
3L|3L|3L|3L|3L|3L|3L|3L|3
3L|3L|3L|3L|3L|3L|3L|3L|3
3L|3L|3L|3L|3L|3L|3L|3L|3
3L|3L|3L|3L|3L|3L|3L|3L|3
3L|3L|3L|3L|3L|3L|3L|3L|3
3L|3L|3L|3L|3L|3L|3L|3L|3
3L|3L|3L|3L|3L|3L|3L|3L|3
3L|3L|3L|3L|3L|3L|3L|3L|3
3L|3L|3L|3L|3L|3L|3L|3L|3
3L|3L|3L|3L|3L|3L|3L|3L|3
3L|3L|3L|3L|3L|3L|3L|3L|3
3L|3L|3L|3L|3L|3L|3L|3L|3
3L|3L|3L|3L|3L|3L|3L|3L|3
3L|3L|3L|3L|3L|3L|3L|3L|3
3L|3L|3L|3L|3L|3L|3L|3L|3
3L|3L|3M|3L|3L|3L|3M|3L|1
3L|3L|3L|3L|3L|3L|3L|3L|3
3L|6T|3L|3L|3L|6T|3L|3L|1
3L|3L|3L|3L|3L|3L|3L|3L|3
3L|3L|3L|3L|3L|3L|3L|3L|3
3L|3L|3L|3L|3L|3L|3L|3L|3
3L|3L|3L|3L|3L|3L|3L|3L|3
3L|3L|3L|3L|3L|3L|3L|3L|3
3L|3L|3L|3L|3L|3L|3L|3L|3
3L|3L|3L|3L|3L|3L|3L|3L|3
3L|3L|1|3L|3L|3L|1|3L|1
3L|3L|3L|3L|3L|3L|1|3L|2
3L|3L|3L|3L|3L|3L|1|3L|2
3L|6T|3L|3L|3L|6T|3L|3L|1
3L|3L|3L|3L|3L|3L|3L|3L|3
3L|3L|3L|3L|3L|3L|3L|3L|3
3L|3L|3L|3L|3L|3L|3L|3L|3
3L|3L|3L|3L|3L|3L|3L|3L|3
3L|3L|3L|3L|3L|3L|3L|3L|3
3L|3L|3N|3L|3L|3L|3N|3L|1
3L|3L|3L|3L|3L|3L|3L|3L|3
3L|6T|3L|3L|3L|6T|3L|3L|1
3L|3L|3L|3L|3L|3L|3L|3L|3
3L|3L|3L|3L|3L|3L|3L|3L|3
3L|3L|3L|3L|3L|3L|3L|3L|3
3L|3L|3L|3L|3L|3L|3L|3L|3
3L|3L|3L|3L|3L|3L|3L|3L|3
3L|3L|3L|3L|3L|3L|3L|3L|3
80|3L|3L|3L|80|3L|3L|3L|1
9E|3L|3L|3L|9E|3L|3L|3L|1
8S|3L|3L|3L|8S|3L|3L|3L|1
3L|6T|3L|3L|3L|6T|3L|3L|1
3L|3L|3L|3L|3L|3L|3L|3L|3
3L|3L|3L|3L|3L|3L|3L|3L|3
3L|3L|3L|3L|3L|3L|3L|3L|3
3L|3L|3L|3L|3L|3L|3L|3L|3
3L|3L|3L|3L|3L|3L|3L|3L|3
86|3L|3L|3L|86|3L|3L|3L|1
8K|3L|3L|3L|8K|3L|3L|3L|1
9E|3L|3L|3L|9E|3L|3L|3L|1
8S|3L|3L|3L|8S|3L|3L|3L|1
3L|3L|3L|3L|3L|3L|3L|3L|3
3L|3L|3L|3L|3L|3L|3L|3L|3
3L|3L|3L|3L|3L|3L|3L|3L|3
3L|3L|3L|3L|3L|3L|3L|3L|3
3L|3L|3L|3L|3L|3L|3L|3L|3
3L|3L|3L|3L|3L|3L|3L|3L|3
3L|3L|3L|3L|3L|3L|3L|3L|3
3L|6T|3L|3L|3L|6T|3L|3L|1
3L|3L|3L|3L|3L|3L|3L|3L|3
3L|3L|3L|3L|3L|3L|3L|3L|3
3L|3L|3L|3L|3L|3L|3L|3L|3
3L|3L|3L|3L|3L|3L|3L|3L|3
3L|3L|2E|3L|3L|3L|2E|3L|1
3L|3L|3L|3L|3L|3L|3L|3L|3
3L|6T|3L|3L|3L|6T|3L|3L|1
3L|3L|3L|3L|3L|3L|3L|3L|3
3L|3L|3L|3L|3L|3L|3L|3L|3
3L|3L|3L|3L|3L|3L|3L|3L|3
3L|3L|3L|3L|3L|3L|3L|3L|3
3L|3L|3L|3L|3L|3L|3L|3L|3
3L|3L|3L|3L|3L|3L|3L|3L|3
3L|6T|3L|3L|3L|6T|3L|3L|1
3L|3L|3L|3L|3L|3L|3L|3L|3
3L|3L|3L|3L|3L|3L|3L|3L|3
3L|3L|3L|3L|3L|3L|3L|3L|3
3L|3L|3L|3L|3L|3L|3L|3L|3
3L|3L|3L|3L|3L|3L|3L|3L|3
3L|3L|3L|3L|3L|3L|3L|3L|3
3L|6T|3L|3L|3L|6T|3L|3L|1
3L|3L|3L|3L|3L|3L|3L|3L|3
3L|3L|3L|3L|3L|3L|3L|3L|3
3L|3L|3L|3L|3L|3L|3L|3L|3
3L|3L|3L|3L|3L|3L|3L|3L|3
3L|3L|3L|3L|3L|3L|3L|3L|3
3L|6T|3L|3L|3L|6T|3L|3L|1
```

## 十七、SOURCE_ATOM与ALIGNMENT实体

ATOM_ID为原子表行位置；ATOM行同时包含一一对应的ATOM_ALIGNMENT子实体，ALIGNMENT_ID与ATOM_ID同号。SPAN_ID等于CLAUSE_GROUP_ID。SOURCE_STATUS由CONTRIBUTION_MODE机械派生；PRIMARY_POSITION由SEMANTIC_TYPE和BORROWED_PRIMARY标记机械派生。

SCHEMA=LINE_ID|SECTION_ID|PALACE_ID|STAR_ID|SEMANTIC_TYPE|OP_SET|TEMPORAL|EDGE_SET|BRANCH_SET|BRIGHTNESS_SET|TRANSFORMATION_SET|AUXILIARY_SET|AUX_CONTEXT_SET|SUBJECT_SET|PERSON_SET|DAY_NIGHT_SET|RESULT_TERM_SET|CHAIN_SET|FLAG_SET|CONTRIBUTION_MODE|BYTE_START|BYTE_END|CLAUSE_GROUP_ID
```text
2|1|1|0|M|1|N|0|0|0|0|0|0|1|1|0|0|1|1|0|18|2I|1
5|2|1|0|H|1|N|0|0|0|0|0|0|1|1|0|0|1|2|0|3U|46|2
6|2|1|0|M|1|N|0|0|0|0|0|0|1|1|0|0|1|1|0|48|7H|3
7|2|1|0|M|2|E|1|0|0|0|0|0|1|1|0|0|1|3|0|7J|A7|4
A|3|1|0|H|1|N|0|0|0|0|0|0|1|1|0|0|1|2|0|BJ|C1|5
D|4|1|0|H|1|N|0|0|0|0|0|0|1|1|0|0|1|2|0|DD|DV|6
E|4|1|0|M|1|N|0|0|0|0|0|0|1|1|0|0|1|4|0|DX|J2|7
G|5|1|0|H|1|N|0|0|0|0|0|0|1|1|0|0|1|2|0|J6|JO|8
H|5|1|0|M|1|E|2|0|0|0|0|0|1|1|0|0|1|3|0|JQ|MW|9
I|5|1|0|M|1|E|1|0|0|0|0|0|1|1|0|0|1|3|0|MY|QV|A
K|6|1|0|H|1|N|0|0|0|0|0|0|1|1|0|0|1|2|0|QZ|RQ|B
L|7|1|0|M|2|N|0|0|0|0|0|0|1|1|0|0|1|1|0|RS|TG|C
M|7|1|0|M|1|E|1|0|0|0|0|0|1|1|0|0|1|3|0|TI|X6|D
O|8|1|0|H|1|N|0|0|0|0|0|0|1|1|0|0|1|2|0|XA|XS|E
Q|8|1|0|C|1|N|0|1|0|0|0|0|1|1|0|0|1|1|0|XW|Z8|F
R|8|1|0|C|3|N|0|2|0|0|1|0|1|1|0|0|1|1|0|ZA|11X|G
R|8|1|0|C|1|N|0|0|0|0|0|0|1|1|0|0|1|1|0|11X|139|G
S|8|1|0|C|3|E|3|3|0|1|0|0|1|1|0|0|1|3|0|13B|16J|H
T|8|1|0|C|1|E|1|0|0|0|0|0|1|1|0|0|1|3|0|16L|192|I
V|8|1|0|C|1|N|0|1|0|0|0|0|1|1|0|0|1|1|0|196|1AI|J
W|8|1|0|C|4|N|0|0|0|0|1|0|1|1|0|0|1|1|0|1AK|1CV|K
X|8|1|0|C|1|E|4|4|0|2|0|0|1|1|0|0|1|3|0|1CX|1GE|L
Y|8|1|0|C|1|N|0|0|0|0|0|0|1|1|0|1|2|5|0|1GG|1HU|M
Z|8|1|0|C|1|E|1|0|0|3|0|0|1|1|0|0|1|3|0|1HW|1MD|N
Z|8|1|0|C|1|N|0|0|0|0|0|0|1|1|0|0|1|1|0|1MD|1O4|N
11|8|1|0|C|1|N|0|5|0|0|0|0|1|1|0|0|1|1|0|1O8|1PK|O
12|8|1|0|C|3|N|0|0|0|4|2|0|1|1|0|0|1|1|0|1PM|1QU|P
13|8|1|0|C|3|E|2|0|0|3|2|0|1|1|0|0|1|3|0|1QW|1TP|Q
13|8|1|0|C|1|N|0|0|0|0|0|0|1|1|0|0|1|1|0|1TP|1UG|Q
14|8|1|0|C|3|N|0|0|0|4|1|0|1|1|0|0|1|1|0|1UI|1ZT|R
16|9|1|0|H|1|N|0|0|0|0|0|0|1|1|0|0|1|2|0|1ZX|20F|S
17|9|1|0|M|5|N|0|0|0|0|0|0|1|1|0|0|1|1|0|20H|238|T
17|9|1|0|M|3|N|5|0|0|0|0|0|1|1|0|0|1|1|0|238|24W|T
1A|A|1|0|H|1|N|0|0|0|0|0|0|1|1|0|0|1|2|0|268|26T|U
1D|B|1|0|H|1|N|0|0|0|0|0|0|1|1|0|0|1|2|0|285|28K|V
1F|C|1|0|H|1|N|0|0|0|0|0|0|1|1|0|0|1|2|0|28O|296|W
1G|C|1|0|G|1|N|0|0|0|0|0|0|1|1|0|0|1|0|B|298|2B8|X
1H|C|1|0|G|6|D|1|0|0|0|0|0|1|1|0|0|1|6|B|2BA|2DC|Y
1I|C|1|0|G|6|D|1|0|0|0|0|0|1|1|0|0|1|6|B|2DE|2FG|Z
1K|D|1|0|H|1|N|5|0|0|0|0|0|1|1|0|0|1|2|0|2FK|2G2|10
1L|D|1|0|G|1|N|5|0|0|0|0|0|1|1|0|0|1|7|B|2G4|2I4|11
1L|D|1|0|G|1|N|0|0|0|0|0|0|1|1|0|0|1|0|B|2I4|2JA|11
1M|D|1|0|G|3|N|0|0|0|0|0|0|1|1|0|0|1|0|B|2JC|2JT|12
1N|D|1|0|G|7|N|0|0|0|0|0|0|1|1|0|0|1|0|B|2JV|2KU|13
1O|D|1|0|G|1|N|0|0|0|0|0|0|1|1|0|0|1|0|B|2KW|2LP|14
1P|D|1|0|G|3|N|0|0|0|0|0|0|1|1|0|0|1|0|B|2LR|2MK|15
1R|E|1|0|H|1|N|0|0|0|0|0|0|1|1|0|0|1|2|0|2MO|2N0|16
1S|E|1|0|G|1|N|0|0|0|0|0|0|1|1|0|0|1|0|B|2N2|2OB|17
1S|E|1|0|G|1|N|0|0|0|0|0|0|1|1|0|0|1|0|B|2OB|2QQ|17
1U|F|1|0|H|1|N|0|0|0|0|0|0|1|1|0|0|1|2|0|2QU|2R9|18
1W|G|1|0|H|1|N|0|0|0|0|0|0|1|1|0|0|1|2|0|2RD|2RV|19
1X|G|1|0|G|2|N|0|0|0|0|0|0|1|1|0|0|1|0|B|2RX|2T0|1A
1Y|G|1|0|G|1|N|0|0|0|0|0|0|1|1|0|0|1|0|B|2T2|2UA|1B
1Z|G|1|0|G|3|N|0|0|0|0|0|0|1|1|0|0|1|8|B|2UC|2WK|1C
20|G|1|0|G|3|N|0|0|0|0|0|0|1|1|0|0|1|0|B|2WM|2YI|1D
21|G|1|0|G|8|D|1|0|0|0|0|0|1|1|0|0|1|6|B|2YK|32D|1E
24|H|1|0|H|1|L|1|0|0|0|0|0|1|1|0|0|1|9|0|33P|34Y|1F
27|I|1|0|H|1|N|0|0|0|0|0|0|1|1|0|0|1|2|0|36A|36M|1G
28|I|1|0|M|1|N|0|0|0|0|0|0|1|1|0|0|1|1|0|36O|37X|1H
28|I|1|0|M|1|E|1|0|0|0|0|0|1|1|0|0|1|3|0|37X|3BR|1H
2A|J|1|0|H|1|D|1|0|0|0|0|0|1|1|0|0|1|9|0|3BV|3DA|1I
2C|J|1|0|C|3|N|0|6|0|0|0|0|1|1|0|0|1|1|0|3DE|3ET|1J
2D|J|1|0|C|1|N|5|0|0|0|0|0|1|1|0|0|1|1|0|3EV|3GY|1K
2D|J|1|0|C|1|E|1|0|0|0|0|0|1|1|0|0|1|3|0|3GY|3IY|1K
2F|J|1|0|H|1|Y|1|0|0|0|0|0|1|1|0|0|1|A|0|3J2|3JZ|1L
2G|J|1|0|H|1|Y|1|1|0|0|0|0|1|1|0|0|1|A|0|3K1|3KJ|1M
2H|J|1|0|H|1|Y|1|3|0|0|0|0|1|1|0|0|1|A|0|3KL|3L3|1N
2I|J|1|0|H|1|Y|1|5|0|0|0|0|1|1|0|0|1|A|0|3L5|3LN|1O
2J|J|1|0|H|1|N|0|7|0|0|0|0|1|1|0|0|1|B|0|3LP|3M7|1P
2K|J|1|0|H|1|N|0|8|0|0|0|0|1|1|0|0|1|B|0|3M9|3MR|1Q
2L|J|1|0|C|1|E|0|0|0|2|0|0|1|1|0|0|1|C|0|3MT|3NE|1R
2M|J|1|0|C|1|E|0|0|0|4|0|0|1|1|0|0|1|C|0|3NG|3O1|1S
2N|J|1|0|C|1|E|0|0|0|5|0|0|1|1|0|0|1|C|0|3O3|3OO|1T
2O|J|1|0|C|1|E|0|0|0|1|0|0|1|1|0|0|1|C|0|3OQ|3PB|1U
2P|J|1|0|C|1|E|0|7|0|0|0|0|1|1|0|0|1|C|0|3PD|3QG|1V
2Q|J|1|0|C|9|N|0|0|0|0|0|0|1|1|0|0|1|1|0|3QI|3T6|1W
2S|J|1|0|H|1|N|0|0|0|0|0|0|1|1|0|0|1|B|0|3TA|3U4|1X
2T|J|1|0|C|1|E|1|9|0|0|0|0|1|1|0|0|1|3|0|3U6|3VQ|1Y
2U|J|1|0|C|1|E|1|0|0|0|0|0|1|1|0|0|1|3|0|3VS|3XF|1Z
2V|J|1|0|C|1|E|1|8|0|0|0|0|1|1|0|0|1|3|0|3XH|3Y9|20
2W|J|1|0|C|1|E|1|A|0|0|0|0|1|1|0|0|1|3|0|3YB|3Z3|21
2X|J|1|0|C|1|E|1|3|0|0|0|0|1|1|0|0|1|3|0|3Z5|3ZX|22
2Y|J|1|0|C|1|N|0|0|0|0|0|0|1|1|0|0|1|1|0|3ZZ|407|23
2Z|J|1|0|C|3|E|1|0|0|0|0|0|1|1|0|0|1|3|0|409|445|24
30|J|1|0|C|1|E|1|0|0|0|0|0|1|1|0|0|1|3|0|447|45R|25
32|J|1|0|C|1|E|1|0|0|0|0|0|1|1|0|0|1|3|0|45V|46V|26
33|J|1|0|C|1|E|1|2|0|0|0|0|1|1|0|0|1|3|0|46X|49B|27
34|J|1|0|H|2|Y|1|2|0|0|0|0|1|1|0|0|1|A|0|49D|4AC|28
35|J|1|0|C|1|E|1|7|0|0|0|0|1|1|0|0|1|3|0|4AE|4B8|29
36|J|1|0|C|1|E|1|9|0|0|0|0|1|1|0|0|1|3|0|4BA|4C4|2A
37|J|1|0|C|1|N|0|0|0|0|0|0|1|1|0|0|1|1|0|4C6|4CG|2B
38|J|1|0|C|1|E|1|6|0|0|0|0|1|1|0|0|1|3|0|4CI|4DC|2C
39|J|1|0|C|1|E|1|0|0|0|0|0|1|1|0|0|1|3|0|4DE|4G7|2D
3B|K|1|0|H|1|N|0|0|0|0|0|0|1|1|0|0|1|2|0|4GB|4GT|2E
3C|K|1|0|M|1|N|0|0|0|0|0|0|1|1|0|0|1|1|0|4GV|4HM|2F
3C|K|1|0|M|A|E|1|0|0|0|0|0|1|1|0|0|1|3|0|4HM|4LA|2F
3F|K|1|1|D|1|L|1|0|0|0|0|0|1|1|0|0|1|6|D|4MM|4OK|2G
3J|L|1|1|H|1|N|0|1|0|0|0|0|1|1|0|0|1|2|0|4R4|4S1|2H
3M|L|1|1|S|B|N|0|B|0|0|0|0|1|1|0|0|1|0|B|4TD|4TY|2I
3M|L|1|1|S|C|N|0|B|1|0|0|0|1|1|0|0|1|0|B|4TY|4WM|2I
3O|M|1|1|H|1|N|0|0|0|0|0|0|1|1|0|0|1|2|0|4WQ|4X8|2J
3P|M|1|1|S|D|N|0|0|0|0|3|0|1|1|0|0|1|0|B|4XA|510|2K
3Q|M|1|1|S|1|N|0|0|0|6|0|0|1|1|0|0|1|0|B|512|51P|2L
3Q|M|1|1|S|1|N|0|0|0|4|0|0|1|1|0|0|1|0|B|51P|52S|2L
3Q|M|1|1|S|1|N|0|0|0|5|0|0|1|1|0|0|1|0|B|52S|54Y|2L
3Q|M|1|1|S|E|N|0|0|0|0|0|0|1|1|0|0|1|0|B|54Y|56J|2L
3S|N|1|1|H|1|N|0|0|0|0|0|0|1|1|0|0|1|2|0|56N|575|2M
3T|N|1|1|S|D|N|0|0|0|0|4|0|1|1|0|0|1|0|B|577|5AO|2N
3U|N|1|1|S|F|N|0|0|0|0|0|0|1|1|0|0|1|0|B|5AQ|5CG|2O
3V|N|1|1|S|1|N|0|0|0|0|0|0|1|1|0|0|1|0|B|5CI|5DN|2P
3V|N|1|1|S|G|N|0|0|2|0|1|0|1|1|0|2|3|D|B|5DN|5F8|2P
3X|O|1|1|H|3|N|0|0|0|0|0|0|1|1|0|0|1|2|0|5FC|5G0|2Q
3Y|O|1|1|S|H|N|0|0|0|0|0|0|1|1|0|0|1|0|B|5G2|5IG|2R
3Y|O|1|1|S|1|N|0|0|0|0|0|0|1|1|0|0|1|0|B|5IG|5JS|2R
3Y|O|1|1|S|2|N|0|0|0|0|0|0|1|1|0|0|1|0|B|5JS|5L4|2R
40|P|1|1|H|1|N|0|0|0|0|0|0|1|1|0|0|1|2|0|5L8|5LQ|2S
41|P|1|1|S|3|N|0|0|0|0|0|0|1|1|0|0|1|0|B|5LS|5NL|2T
41|P|1|1|S|1|N|0|0|0|0|0|0|1|1|0|0|1|0|B|5NL|5O0|2T
41|P|1|1|S|I|N|0|0|1|0|0|0|1|1|0|0|1|0|B|5O0|5PF|2T
42|P|1|1|S|J|N|0|0|0|2|2|0|1|1|0|0|1|0|B|5PH|5SP|2U
43|P|1|1|S|3|N|0|0|0|0|0|0|1|1|0|0|1|0|B|5SR|5U8|2V
45|Q|1|1|H|1|N|0|0|0|0|0|0|1|1|0|0|1|2|0|5UC|5UU|2W
46|Q|1|1|S|6|N|0|0|0|0|0|0|1|1|0|0|1|0|B|5UW|5X4|2X
47|Q|1|1|S|3|N|6|0|0|0|0|0|1|1|0|0|1|7|B|5X6|5YT|2Y
47|Q|1|1|S|D|N|0|0|0|0|0|0|1|1|0|0|1|0|B|5YT|5ZN|2Y
47|Q|1|1|S|K|N|0|0|0|0|5|0|1|1|0|0|1|0|B|5ZN|60W|2Y
47|Q|1|1|S|3|N|0|0|0|0|6|0|1|1|0|0|1|0|B|60W|61Q|2Y
49|R|1|1|H|1|L|1|0|0|0|0|0|1|1|0|0|1|9|0|61U|62C|2Z
4A|R|1|1|D|5|D|1|0|0|0|0|0|1|1|0|0|1|6|D|62E|64J|30
4B|R|1|1|S|3|N|0|0|0|0|0|0|1|1|0|3|4|E|B|64L|665|31
4C|R|1|1|S|L|N|0|0|0|0|0|0|1|1|0|4|2|E|B|667|67I|32
4D|R|1|1|S|3|N|5|0|0|0|0|0|1|1|0|0|1|0|B|67K|68G|33
4D|R|1|1|S|7|N|0|0|0|0|0|0|1|1|0|5|5|E|B|68G|69S|33
4G|S|1|1|H|3|N|0|3|0|0|0|0|1|1|0|0|1|2|0|6B4|6CA|34
4J|S|1|1|Y|1|N|0|0|0|0|0|0|1|1|0|0|1|0|B|6DM|6EJ|35
4J|S|1|1|Y|M|N|0|0|0|0|0|0|1|1|0|0|1|0|B|6EJ|6HJ|35
4J|S|1|1|Y|N|N|0|0|0|0|0|0|1|1|0|0|1|0|B|6HJ|6KA|35
4L|T|1|1|H|1|N|0|0|0|7|0|0|1|1|0|0|1|2|0|6KE|6L2|36
4M|T|1|1|S|C|N|0|0|0|4|0|0|1|1|0|0|1|0|B|6L4|6N3|37
4M|T|1|1|S|3|N|0|0|0|0|7|0|1|1|0|0|1|0|B|6N3|6OF|37
4M|T|1|1|S|H|N|0|0|0|0|0|0|1|1|0|0|1|0|B|6OF|6QL|37
4N|T|1|1|S|3|N|0|0|0|2|0|0|1|1|0|0|1|0|B|6QN|6TS|38
4N|T|1|1|S|I|N|0|5|0|2|0|0|1|1|0|0|1|0|B|6TS|6Y1|38
4O|T|1|1|S|7|N|0|0|0|7|0|0|1|1|0|6|2|E|B|6Y3|6ZW|39
4O|T|1|1|S|6|N|0|0|0|0|0|0|1|1|0|0|1|0|B|6ZW|71W|39
4O|T|1|1|S|3|N|0|0|0|1|8|0|1|1|0|0|1|0|B|71W|738|39
4O|T|1|1|S|7|N|0|0|0|0|0|0|1|1|0|0|1|0|B|738|742|39
4Q|U|1|1|H|1|N|0|0|0|0|0|0|1|1|0|0|1|2|0|746|74O|3A
4R|U|1|1|H|O|N|0|0|0|0|0|0|1|1|0|0|1|B|0|74Q|75Q|3B
4S|U|1|1|S|H|N|0|0|0|0|0|0|1|1|0|0|1|0|B|75S|78I|3C
4T|U|1|1|S|P|N|0|0|0|0|0|0|1|1|0|0|1|0|B|78K|7AP|3D
4V|V|1|1|H|1|N|0|0|0|0|0|0|1|1|0|0|1|2|0|7AT|7BE|3E
4W|V|1|1|S|1|N|0|0|0|0|0|0|1|1|0|0|1|0|B|7BG|7BX|3F
4W|V|1|1|S|Q|N|0|0|0|0|0|0|1|1|0|0|1|0|B|7BX|7D6|3F
4X|V|1|1|S|R|N|0|0|0|0|0|0|1|1|0|0|1|0|B|7D8|7GP|3G
4X|V|1|1|S|1|N|0|0|0|0|0|0|1|1|0|0|1|0|B|7GP|7IJ|3G
4X|V|1|1|S|8|N|0|0|0|0|0|0|1|1|0|0|1|0|B|7IJ|7MA|3G
4X|V|1|1|S|S|N|0|0|0|0|0|0|1|1|0|0|1|0|B|7MA|7OA|3G
4Z|W|1|1|H|1|L|1|0|0|0|0|0|1|1|0|0|1|9|0|7OE|7OW|3H
50|W|1|1|D|D|D|1|0|0|0|0|0|1|1|0|0|1|6|D|7OY|7QC|3I
50|W|1|1|S|1|N|0|0|0|0|0|0|1|1|0|0|1|0|B|7QC|7R9|3I
50|W|1|1|S|4|N|0|0|0|0|0|0|1|1|0|0|1|0|B|7R9|7SO|3I
51|W|1|1|D|1|L|1|0|0|0|0|0|1|1|0|0|1|6|D|7SQ|7UJ|3J
54|X|1|1|H|3|N|0|A|0|0|0|0|1|1|0|0|1|2|0|7VV|7X1|3K
57|X|1|1|Y|1|N|0|0|0|0|0|0|1|1|0|0|1|0|B|7YD|7ZG|3L
57|X|1|1|Y|1|N|0|0|0|0|0|0|1|1|0|0|1|0|B|7ZG|80J|3L
57|X|1|1|Y|T|N|0|0|0|0|0|0|1|1|0|0|1|0|B|80J|83P|3L
57|X|1|1|Y|C|N|0|0|0|0|0|0|1|1|0|0|1|0|B|83P|85G|3L
59|Y|1|1|H|1|N|0|0|0|0|0|0|1|1|0|0|1|2|0|85K|862|3M
5A|Y|1|1|S|C|N|0|0|0|0|0|0|1|1|0|0|1|0|B|864|87A|3N
5A|Y|1|1|S|U|N|0|0|0|0|0|0|1|1|0|0|1|0|B|87A|89J|3N
5C|Z|1|1|H|1|N|0|0|0|0|0|0|1|1|0|0|1|2|0|89N|8A5|3O
5D|Z|1|1|S|G|N|0|0|0|6|0|0|1|1|0|0|1|0|B|8A7|8C0|3P
5E|Z|1|1|S|I|N|0|0|0|5|0|0|1|1|0|0|1|0|B|8C2|8GA|3Q
5G|10|1|1|H|1|N|0|0|0|0|0|0|1|1|0|0|1|2|0|8GE|8GW|3R
5H|10|1|1|S|C|N|5|0|0|0|0|0|1|1|0|6|2|E|B|8GY|8IF|3S
5I|10|1|1|S|L|N|0|0|0|2|9|0|1|1|0|6|2|E|B|8IH|8KV|3T
5J|10|1|1|S|V|N|0|0|0|0|0|0|1|1|0|0|1|0|B|8KX|8MH|3U
5L|11|1|1|H|1|N|0|0|0|0|0|0|1|1|0|0|1|2|0|8ML|8N3|3V
5M|11|1|1|S|3|N|0|0|0|0|0|0|1|1|0|0|1|0|B|8N5|8Q7|3W
5N|11|1|1|S|J|N|0|0|0|0|0|0|1|1|0|0|1|0|B|8Q9|8S2|3X
5P|12|1|1|H|1|N|0|0|0|0|0|0|1|1|1|0|1|2|0|8S6|8SI|3Y
5Q|12|1|1|S|3|N|0|0|0|0|A|0|1|1|0|0|1|0|B|8SK|8VD|3Z
5R|12|1|1|S|Q|N|0|0|0|0|0|0|1|1|0|7|6|F|B|8VF|8XW|40
5T|13|1|1|H|1|L|1|0|0|0|0|0|1|1|0|0|1|9|0|8Y0|8YI|41
5U|13|1|1|D|D|D|1|0|0|0|0|0|1|1|0|0|1|6|D|8YK|90P|42
5U|13|1|1|S|1|N|0|0|0|0|0|0|1|1|0|0|1|0|B|90P|91Y|42
5V|13|1|1|D|J|D|0|0|0|0|B|0|1|1|0|0|1|G|D|920|958|43
5V|13|1|1|S|3|N|0|0|0|0|0|0|1|1|0|0|1|0|B|958|96H|43
5Y|14|1|1|H|3|N|0|8|0|0|0|0|1|1|0|0|1|2|0|97T|98Z|44
61|14|1|1|Y|1|N|0|0|0|0|0|0|1|1|0|0|1|0|B|9AB|9C2|45
61|14|1|1|Y|W|N|0|0|0|0|C|0|1|1|0|0|1|0|B|9C2|9FN|45
61|14|1|1|Y|X|N|0|0|0|0|0|0|1|1|0|0|1|0|B|9FN|9GN|45
61|14|1|1|Y|3|N|0|0|0|0|0|0|1|1|0|0|1|0|B|9GN|9HQ|45
63|15|1|1|H|1|N|0|0|0|0|0|0|1|1|0|0|1|2|0|9HU|9IC|46
64|15|1|1|S|3|N|0|0|0|4|0|0|1|1|0|6|2|E|B|9IE|9KY|47
65|15|1|1|S|I|N|0|0|0|5|0|0|1|1|0|0|1|0|B|9L0|9NT|48
66|15|1|1|S|I|N|0|0|0|2|0|0|1|1|0|0|1|0|B|9NV|9Q6|49
67|15|1|1|S|I|N|0|0|0|4|0|0|1|1|0|0|1|0|B|9Q8|9RY|4A
68|15|1|1|S|Y|N|0|0|0|1|0|0|1|1|0|0|1|0|B|9S0|9UW|4B
6A|16|1|1|H|1|N|0|0|0|0|0|0|1|1|0|0|1|2|0|9V0|9VL|4C
6B|16|1|1|S|1|N|0|0|0|0|7|0|1|1|0|0|1|0|B|9VN|9WG|4D
6C|16|1|1|S|1|N|0|0|0|0|D|0|1|1|0|0|1|0|B|9WI|9X5|4E
6C|16|1|1|S|D|N|0|0|0|0|0|0|1|1|0|0|1|0|B|9X5|A0K|4E
6D|16|1|1|S|L|N|7|0|0|0|3|0|1|1|0|0|1|0|B|A0M|A53|4F
6D|16|1|1|S|3|N|0|0|0|0|0|0|1|1|0|0|1|0|B|A53|A6L|4F
6F|17|1|1|H|1|N|0|0|0|0|0|0|1|1|0|0|1|2|0|A6P|A7A|4G
6G|17|1|1|S|3|N|0|0|0|0|0|0|1|1|0|0|1|0|B|A7C|A88|4H
6G|17|1|1|S|I|N|0|0|0|0|0|0|1|1|0|0|1|0|B|A88|A92|4H
6H|17|1|1|S|F|N|0|0|0|0|0|0|1|1|0|0|1|0|B|A94|AAI|4I
6J|18|1|1|H|1|N|0|0|0|0|0|0|1|1|1|0|1|2|0|AAM|AAY|4J
6K|18|1|1|S|3|N|0|0|0|0|0|0|1|1|0|0|1|7|B|AB0|AC2|4K
6K|18|1|1|S|D|N|0|0|0|0|1|0|1|1|0|0|1|0|B|AC2|ACQ|4K
6K|18|1|1|S|D|N|0|0|0|0|0|0|1|1|0|0|1|7|B|ACQ|AE8|4K
6K|18|1|1|S|1|N|0|0|0|0|0|0|1|1|0|0|1|0|B|AE8|AFH|4K
6L|18|1|1|S|3|N|0|C|0|0|0|0|1|1|0|0|1|H|B|AFJ|AHF|4L
6N|19|1|1|H|1|L|1|0|0|0|0|0|1|1|0|0|1|9|0|AHJ|AI1|4M
6O|19|1|1|D|J|D|1|0|0|0|0|0|1|1|0|0|1|6|D|AI3|AKH|4N
6P|19|1|1|S|C|N|0|0|0|0|0|0|1|1|0|0|1|0|B|AKJ|AM6|4O
6Q|19|1|1|S|L|N|0|0|0|0|0|0|1|1|0|4|2|E|B|AM8|AOP|4P
6T|1A|1|1|H|3|N|0|9|0|0|0|0|1|1|0|0|1|2|0|AQ1|AR7|4Q
6W|1A|1|1|Y|I|N|6|0|0|0|0|0|1|1|0|0|1|0|B|ASJ|AXY|4R
6Y|1B|1|1|H|1|N|0|0|0|0|0|0|1|1|0|0|1|2|0|AY2|AYW|4S
6Z|1B|1|1|S|D|N|5|0|0|0|2|0|1|1|0|0|1|0|B|AYY|B03|4T
6Z|1B|1|1|S|Z|N|0|0|0|0|0|0|1|1|0|0|1|0|B|B03|B1O|4T
70|1B|1|1|S|C|N|0|0|0|4|0|0|1|1|0|0|1|0|B|B1Q|B2Y|4U
71|1B|1|1|S|10|N|0|0|0|5|0|0|1|1|0|0|1|0|B|B30|B5Z|4V
73|1C|1|1|H|1|N|0|0|0|0|0|0|1|1|0|0|1|2|0|B63|B6O|4W
74|1C|1|1|S|T|N|0|0|0|0|0|0|1|1|0|0|1|0|B|B6Q|B8S|4X
75|1C|1|1|S|6|N|5|0|0|0|3|0|1|1|0|0|1|0|B|B8U|BBQ|4Y
75|1C|1|1|S|11|N|6|0|0|0|0|0|1|1|0|0|1|0|B|BBQ|BDQ|4Y
76|1C|1|1|S|12|N|0|0|0|0|E|0|1|1|0|0|1|0|B|BDS|BFX|4Z
77|1C|1|1|S|3|N|0|0|0|0|F|0|1|1|0|0|1|0|B|BFZ|BIA|50
78|1C|1|1|S|13|N|0|0|0|0|5|0|1|1|0|0|1|8|B|BIC|BL5|51
79|1C|1|1|S|3|N|0|0|0|0|0|0|1|1|0|0|1|0|B|BL7|BNL|52
7B|1D|1|1|H|1|N|0|0|0|0|0|0|1|1|0|8|7|I|0|BNP|BOG|53
7C|1D|1|1|S|1|N|0|0|0|0|0|0|1|1|0|8|7|E|B|BOI|BQH|54
7D|1D|1|1|S|P|N|5|0|0|0|0|0|1|1|0|0|1|0|B|BQJ|BU3|55
7D|1D|1|1|S|14|N|0|0|0|0|0|0|1|1|0|0|1|0|B|BU3|BVU|55
7F|1E|1|1|H|1|N|0|0|0|0|0|0|1|1|1|0|1|2|0|BVY|BWA|56
7G|1E|1|1|S|5|N|0|0|0|0|0|0|1|1|0|0|1|0|B|BWC|BYC|57
7G|1E|1|1|S|11|N|0|0|0|0|0|0|1|1|0|0|1|0|B|BYC|C0R|57
7I|1F|1|1|H|1|L|1|0|0|0|0|0|1|1|0|0|1|9|0|C0V|C1D|58
7J|1F|1|1|D|P|D|1|0|0|0|0|0|1|1|0|9|8|J|D|C1F|C5K|59
7K|1F|1|1|S|6|N|0|0|0|0|0|0|1|1|0|0|1|0|B|C5M|C73|5A
7N|1G|1|1|H|3|N|0|7|0|0|0|0|1|1|0|0|1|2|0|C8F|C9L|5B
7Q|1G|1|1|Y|1|N|0|0|0|0|0|0|1|1|0|0|1|0|B|CAX|CD9|5C
7Q|1G|1|1|Y|O|N|0|0|0|0|0|0|1|1|0|0|1|0|B|CD9|CEF|5C
7S|1H|1|1|H|1|N|0|0|0|0|0|0|1|1|0|0|1|2|0|CEJ|CF1|5D
7T|1H|1|1|S|1|N|0|0|0|0|0|0|1|1|0|0|1|0|B|CF3|CG8|5E
7T|1H|1|1|S|V|N|0|0|0|4|0|0|1|1|0|0|1|0|B|CG8|CIW|5E
7V|1I|1|1|H|1|N|0|0|0|0|0|0|1|1|0|0|1|2|0|CJ0|CJL|5F
7W|1I|1|1|S|D|N|5|0|0|0|0|0|1|1|0|0|1|0|B|CJN|CKD|5G
7W|1I|1|1|S|3|N|0|0|0|0|G|0|1|1|0|0|1|0|B|CKD|COP|5G
7X|1I|1|1|S|3|N|5|0|0|0|0|0|1|1|0|8|7|E|B|COR|CRN|5H
7Y|1I|1|1|S|3|N|0|0|0|0|0|0|1|1|0|0|1|0|B|CRP|CTC|5I
80|1J|1|1|H|1|N|0|0|0|0|0|0|1|1|1|0|1|2|0|CTG|CTS|5J
81|1J|1|1|S|1|N|0|0|0|0|0|0|1|1|0|0|1|0|B|CTU|CUW|5K
82|1J|1|1|S|3|N|0|0|0|0|0|0|1|1|0|0|1|0|B|CUY|CW0|5L
84|1K|1|1|H|1|L|1|0|0|0|0|0|1|1|0|0|1|9|0|CW4|CWM|5M
85|1K|1|1|H|L|Y|1|0|0|0|0|0|1|1|0|0|1|A|0|CWO|CXL|5N
86|1K|1|1|S|6|N|0|0|0|0|0|0|1|1|0|0|1|0|B|CXN|CZA|5O
87|1K|1|1|S|1|N|0|0|0|0|0|0|1|1|0|0|1|0|B|CZC|D0Q|5P
8A|1L|1|1|H|1|L|1|0|0|0|0|0|1|1|0|0|1|9|0|D22|D2W|5Q
8D|1M|1|1|H|1|L|1|1|0|0|0|0|1|1|0|0|1|9|0|D48|D5H|5R
8E|1N|1|1|D|L|D|1|0|0|8|0|0|1|1|0|0|1|6|D|D5J|D7V|5S
8F|1O|1|1|D|L|D|1|0|0|6|0|0|1|1|0|0|1|6|D|D7X|DBC|5T
8G|1P|1|1|D|6|Y|0|0|0|0|0|0|1|1|0|0|1|G|D|DBE|DE5|5U
8H|1Q|1|1|D|X|Y|0|0|0|0|0|0|1|1|0|0|1|G|D|DE7|DH1|5V
8I|1R|1|1|Y|3|N|0|0|0|0|0|0|1|1|0|0|1|0|B|DH3|DIL|5W
8I|1R|1|1|Y|1|N|0|1|0|0|0|0|1|1|0|0|1|0|B|DIL|DJC|5W
8J|1S|1|1|S|3|N|0|0|0|0|2|0|1|1|0|0|1|0|B|DJE|DKK|5X
8J|1S|1|1|S|K|N|0|0|0|0|0|0|1|1|0|0|1|0|B|DKK|DLQ|5X
8J|1S|1|1|D|1|Y|0|0|0|0|0|0|1|1|0|0|1|G|D|DLQ|DNT|5X
8K|1S|1|1|S|3|N|0|0|0|1|0|0|1|1|0|0|1|0|B|DNV|DQ7|5Y
8K|1S|1|1|S|3|N|0|0|0|0|0|0|1|1|0|A|9|E|B|DQ7|DRG|5Y
8K|1S|1|1|S|6|N|0|0|0|0|0|0|1|1|0|0|1|0|B|DRG|DSG|5Y
8K|1S|1|1|S|3|N|0|0|0|0|0|0|1|1|0|0|1|0|B|DSG|DT7|5Y
8K|1S|1|1|D|3|U|1|0|0|0|0|0|1|1|0|0|1|6|D|DT7|DU7|5Y
8M|1T|1|1|H|1|L|1|0|0|0|0|0|1|1|0|0|1|9|0|DUB|DV5|5Z
8N|1U|1|1|S|C|N|0|0|0|0|0|0|1|1|0|0|1|0|B|DV7|DW7|60
8N|1U|1|1|D|1|L|1|0|0|0|0|0|1|1|0|0|1|6|D|DW7|DXV|60
8N|1U|1|1|S|3|N|0|0|0|0|0|0|1|1|0|0|1|0|B|DXV|DZP|60
8O|1V|1|1|D|4|Y|0|0|0|1|0|0|1|1|0|0|1|G|D|DZR|E1L|61
8P|1W|1|1|D|J|D|1|0|0|1|0|0|1|1|0|0|1|6|D|E1N|E5H|62
8Q|1X|1|1|D|3|Y|0|0|0|0|0|0|1|1|0|4|2|K|D|E5J|E7A|63
8Q|1X|1|1|S|3|N|0|0|0|0|0|0|1|1|0|0|1|0|B|E7A|E8G|63
8R|1Y|1|1|D|15|Y|0|0|0|1|0|0|1|1|0|A|9|K|D|E8I|ECC|64
8T|1Z|1|1|H|1|L|1|0|0|0|0|0|1|1|0|0|1|9|0|ECG|EDA|65
8U|20|1|1|S|D|N|0|0|0|0|0|0|1|1|0|0|1|0|B|EDC|EDU|66
8U|20|1|1|S|3|N|5|0|0|2|2|0|1|1|0|B|2|E|B|EDU|EFC|66
8U|20|1|1|D|L|Y|1|0|0|2|2|0|1|1|0|0|1|6|D|EFC|EIX|66
8V|21|1|1|D|L|Y|1|0|0|2|0|0|1|1|0|0|1|6|D|EIZ|ELH|67
8V|21|1|1|Y|16|N|5|0|0|0|0|0|1|1|0|B|2|E|B|ELH|EO5|67
8W|22|1|1|D|3|Y|0|0|0|0|0|0|1|1|0|0|1|G|D|EO7|EPD|68
8X|23|1|1|D|3|Y|0|5|0|0|0|0|1|1|0|0|1|G|D|EPF|ERL|69
8X|23|1|1|S|1|N|0|7|0|0|0|0|1|1|0|0|1|0|B|ERL|ESC|69
8Y|24|1|1|D|7|L|1|0|0|0|0|0|1|1|0|0|1|6|D|ESE|EUW|6A
8Z|25|1|1|D|7|L|3|0|0|0|0|0|1|1|0|0|1|6|D|EUY|EXY|6B
8Z|25|1|1|Y|C|N|0|0|0|0|0|0|1|1|0|0|1|0|B|EXY|EYY|6B
91|26|1|1|H|1|L|1|0|0|0|0|0|1|1|0|0|1|9|0|EZ2|EZW|6C
92|27|1|1|S|6|N|0|0|0|2|0|0|1|1|0|0|1|0|B|EZY|F21|6D
93|28|1|1|S|B|N|0|0|0|1|0|0|1|1|0|0|1|0|B|F23|F3O|6E
93|28|1|1|S|D|N|0|0|0|0|0|0|1|1|0|0|1|0|B|F3O|F4R|6E
94|29|1|1|D|3|Y|1|0|0|0|0|0|1|1|1|0|1|6|D|F4T|F75|6F
95|2A|1|1|D|L|Y|1|0|0|0|0|0|1|1|1|0|1|6|D|F77|FAD|6G
96|2B|1|1|D|J|D|1|0|0|1|D|0|1|1|0|A|9|J|D|FAF|FDU|6H
97|2C|1|1|D|17|Y|1|D|0|2|0|0|1|1|0|0|1|L|D|FDW|FIH|6I
98|2D|1|1|Y|7|N|5|0|0|0|0|0|1|1|0|0|1|0|B|FIJ|FLD|6J
9A|2E|1|1|H|1|L|1|0|0|0|0|0|1|1|0|0|1|9|0|FLH|FMB|6K
9B|2F|1|1|D|3|Y|1|0|0|0|0|0|1|1|0|0|1|6|D|FMD|FOM|6L
9C|2G|1|1|S|1|N|0|0|0|0|0|0|1|1|0|0|1|8|B|FOO|FQC|6M
9D|2H|1|1|S|1|N|0|0|0|0|0|0|1|1|0|C|A|E|B|FQE|FS5|6N
9E|2I|1|1|Y|L|N|0|0|0|1|0|0|1|1|0|D|B|E|B|FS7|FWM|6O
9F|2J|1|1|D|18|Y|1|0|0|0|0|0|1|1|0|0|1|6|D|FWO|G00|6P
9G|2J|1|1|S|1|N|0|0|0|1|0|0|1|1|0|0|1|0|B|G02|G0Q|6Q
9G|2J|1|1|D|3|U|1|0|0|0|0|0|1|1|0|0|1|6|D|G0Q|G28|6Q
9G|2J|1|1|D|J|L|1|0|0|1|0|0|1|1|0|0|1|6|D|G28|G52|6Q
9G|2J|1|1|D|3|Y|1|0|0|1|0|0|1|1|0|0|1|6|D|G52|G6W|6Q
9H|2K|1|1|D|1|L|1|0|0|0|0|0|1|1|0|0|1|6|D|G6Y|G8V|6R
9I|2L|1|1|Y|1|N|0|0|0|0|0|0|1|1|0|0|1|0|B|G8X|GAR|6S
9K|2M|1|1|H|1|L|1|0|0|0|0|0|1|1|0|0|1|9|0|GAV|GBP|6T
9L|2N|1|1|S|3|N|0|0|0|0|0|0|1|1|0|E|7|E|B|GBR|GDU|6U
9L|2N|1|1|S|A|N|0|0|0|0|0|0|1|1|0|0|1|0|B|GDU|GFC|6U
9M|2O|1|1|S|1|N|0|0|0|4|0|0|1|1|0|0|1|0|B|GFE|GGZ|6V
9N|2P|1|1|S|1|N|0|0|0|0|0|0|1|1|0|0|1|0|B|GH1|GHM|6W
9N|2P|1|1|S|C|N|0|0|0|2|0|0|1|1|0|0|1|7|B|GHM|GKG|6W
9O|2Q|1|1|Y|1|N|0|0|0|0|0|0|1|1|0|0|1|0|B|GKI|GLI|6X
9O|2Q|1|1|Y|10|N|0|E|0|0|0|0|1|1|0|0|1|0|B|GLI|GN9|6X
9P|2R|1|1|S|B|N|0|0|0|0|0|0|1|1|1|0|1|0|B|GNB|GOK|6Y
9P|2R|1|1|S|D|N|0|0|0|0|0|0|1|1|0|0|1|0|B|GOK|GQN|6Y
9Q|2S|1|1|D|1|L|1|0|0|0|0|0|1|1|0|0|1|6|D|GQP|GSD|6Z
9T|2S|1|2|D|1|L|1|0|0|0|0|0|1|1|0|0|1|6|D|GTP|GVN|70
9X|2T|1|2|H|1|N|0|0|0|0|0|0|1|1|0|0|1|2|0|GY7|GZD|71
A1|2U|1|2|H|1|N|0|1|1|0|0|0|1|1|0|0|1|2|0|H2J|H3V|72
A4|2U|1|2|S|C|N|0|B|1|0|0|0|1|1|0|0|1|0|B|H5T|H85|73
A4|2U|1|2|S|1|N|6|0|0|1|0|0|1|1|0|0|1|0|B|H85|HBQ|73
A6|2V|1|2|H|1|N|0|0|0|0|0|0|1|1|0|0|1|2|0|HBU|HCC|74
A7|2V|1|2|S|L|N|5|0|0|7|H|0|1|1|0|0|1|0|B|HCE|HGM|75
A8|2V|1|2|S|D|N|5|0|0|0|I|0|1|1|0|0|1|0|B|HGO|HHZ|76
A9|2V|1|2|S|3|N|0|0|0|0|D|0|1|1|0|0|1|0|B|HI1|HKX|77
AB|2W|1|2|H|3|N|0|0|0|0|0|0|1|1|0|0|1|2|0|HL1|HLJ|78
AC|2W|1|2|S|P|N|5|0|0|0|0|0|1|1|0|0|1|0|B|HLL|HO2|79
AC|2W|1|2|S|19|N|0|0|0|0|0|0|1|1|0|0|1|0|B|HO2|HOZ|79
AD|2W|1|2|S|1|N|0|0|0|1|0|0|1|1|0|0|1|0|B|HP1|HQ8|7A
AE|2W|1|2|S|3|N|0|0|0|0|1|0|1|1|0|0|1|0|B|HQA|HRE|7B
AE|2W|1|2|S|D|N|0|0|0|0|5|0|1|1|0|0|1|0|B|HRE|HSE|7B
AF|2W|1|2|S|L|N|0|0|0|0|0|0|1|1|0|0|1|0|B|HSG|HTT|7C
AH|2X|1|2|H|1|N|0|0|0|0|0|0|1|1|1|0|1|2|0|HTX|HU9|7D
AI|2X|1|2|S|14|N|0|0|0|0|0|0|1|1|1|0|1|0|B|HUB|HWN|7E
AJ|2X|1|2|S|C|N|0|0|0|1|0|0|1|1|0|0|1|0|B|HWP|HYA|7F
AK|2X|1|2|S|D|N|6|0|0|1|0|0|1|1|0|F|C|E|B|HYC|I0C|7G
AM|2Y|1|2|H|1|L|1|0|0|0|0|0|1|1|0|0|1|9|0|I0G|I0S|7H
AN|2Y|1|2|D|H|D|1|0|0|0|0|0|1|1|0|0|1|6|D|I0U|I3R|7I
AQ|2Z|1|2|H|1|N|0|3|2|0|0|0|1|1|0|0|1|2|0|I5P|I71|7J
AT|2Z|1|2|S|1|N|6|0|2|0|0|0|1|1|0|0|1|0|B|I8Z|IBB|7K
AU|2Z|1|2|S|1|N|0|0|0|0|0|0|1|1|0|0|1|0|B|IBD|IGS|7L
AV|2Z|1|2|S|8|N|0|0|0|0|0|0|1|1|0|0|1|0|B|IGU|II9|7M
AX|30|1|2|H|1|N|0|0|0|0|0|0|1|1|0|0|1|2|0|IID|IIV|7N
AY|30|1|2|S|T|N|0|0|0|2|0|0|1|1|0|0|1|0|B|IIX|ILN|7O
AZ|30|1|2|S|7|N|0|0|0|4|0|0|1|1|0|0|1|0|B|ILP|IOL|7P
B0|30|1|2|S|1A|N|8|0|0|5|0|0|1|1|0|0|1|0|B|ION|ISG|7Q
B2|31|1|2|H|1|N|0|0|0|0|0|0|1|1|0|0|1|2|0|ISK|ISW|7R
B3|31|1|2|S|C|N|0|0|0|0|0|0|1|1|0|0|1|0|B|ISY|ITL|7S
B3|31|1|2|S|1|N|0|0|0|0|0|0|1|1|0|0|1|0|B|ITL|IVU|7S
B3|31|1|2|S|1B|N|0|0|0|0|J|0|1|1|0|0|1|0|B|IVU|J00|7S
B5|32|1|2|H|1|N|0|0|0|0|0|0|1|1|1|0|1|2|0|J04|J0G|7T
B6|32|1|2|S|1|N|0|3|0|1|0|0|1|1|0|0|1|0|B|J0I|J40|7U
B8|33|1|2|H|1|L|1|0|0|0|0|0|1|1|0|0|1|9|0|J44|J4G|7V
B9|33|1|2|D|4|D|1|0|0|0|0|0|1|1|0|0|1|6|D|J4I|J5U|7W
B9|33|1|2|S|4|N|0|0|0|1|0|0|1|1|0|0|1|0|B|J5U|J80|7W
BC|34|1|2|H|3|N|0|A|0|0|0|0|1|1|0|0|1|2|0|J9Y|JB7|7X
BF|34|1|2|Y|C|N|0|0|0|0|0|0|1|1|0|0|1|0|B|JD5|JEN|7Y
BG|34|1|2|Y|1|N|0|0|0|0|0|0|1|1|0|0|1|0|B|JEP|JFA|7Z
BH|34|1|2|Y|1|N|0|0|0|0|0|0|1|1|0|0|1|7|B|JFC|JFX|80
BI|34|1|2|Y|C|N|0|0|0|0|0|0|1|1|0|0|1|0|B|JFZ|JHN|81
BK|35|1|2|H|1|N|0|0|0|0|0|0|1|1|0|0|1|2|0|JHR|JI3|82
BL|35|1|2|S|1|N|0|0|0|0|0|0|1|1|0|0|1|0|B|JI5|JK2|83
BL|35|1|2|S|1C|N|0|0|0|0|0|0|1|1|0|0|1|0|B|JK2|JLB|83
BL|35|1|2|S|C|N|0|0|0|0|0|0|1|1|0|0|1|0|B|JLB|JN8|83
BM|35|1|2|S|1|N|0|0|0|0|0|0|1|1|0|0|1|0|B|JNA|JQG|84
BM|35|1|2|S|1|N|0|0|0|0|0|0|1|1|0|0|1|0|B|JQG|JS7|84
BN|35|1|2|S|I|N|0|0|0|0|0|0|1|1|0|0|1|0|B|JS9|JUR|85
BN|35|1|2|S|1|N|0|0|0|0|0|0|1|1|0|0|1|0|B|JUR|JVX|85
BP|36|1|2|H|1|N|0|0|0|0|0|0|1|1|0|0|1|2|0|JW1|JWJ|86
BQ|36|1|2|S|4|N|5|0|0|0|D|0|1|1|1|0|1|0|B|JWL|JY0|87
BQ|36|1|2|S|1D|N|0|0|0|0|0|0|1|1|0|0|1|0|B|JY0|K1F|87
BS|37|1|2|H|1|N|0|0|0|0|0|0|1|1|0|0|1|2|0|K1J|K21|88
BT|37|1|2|S|D|N|0|0|0|0|K|0|1|1|0|0|1|0|B|K23|K48|89
BU|37|1|2|S|6|N|0|0|0|8|0|0|1|1|0|0|1|0|B|K4A|K6L|8A
BV|37|1|2|S|2|N|0|0|0|2|0|0|1|1|0|0|1|0|B|K6N|K8J|8B
BV|37|1|2|S|3|N|0|0|0|0|0|0|1|1|0|0|1|0|B|K8J|K97|8B
BV|37|1|2|S|3|N|0|0|0|0|0|0|1|1|0|0|1|0|B|K97|KA1|8B
BX|38|1|2|H|1|N|0|0|0|0|0|0|1|1|1|0|1|2|0|KA5|KAH|8C
BY|38|1|2|S|1|N|0|0|0|0|0|0|1|1|0|0|1|0|B|KAJ|KBY|8D
BY|38|1|2|S|X|N|0|0|0|1|0|0|1|1|0|0|1|0|B|KBY|KE4|8D
BZ|38|1|2|S|3|N|0|0|0|0|0|0|1|1|0|7|6|F|B|KE6|KFO|8E
C0|38|1|2|S|D|N|0|0|0|0|0|0|1|1|0|0|1|0|B|KFQ|KH2|8F
C0|38|1|2|S|N|N|0|0|0|0|0|0|1|1|0|0|1|0|B|KH2|KJB|8F
C2|39|1|2|H|1|L|1|0|0|0|0|0|1|1|0|0|1|9|0|KJF|KJR|8G
C3|39|1|2|D|1|D|1|0|0|0|0|0|1|1|0|0|1|6|D|KJT|KL8|8H
C4|39|1|2|S|1|N|0|0|0|0|L|0|1|1|0|0|1|0|B|KLA|KM9|8I
C4|39|1|2|S|D|N|0|0|0|0|2|0|1|1|0|0|1|0|B|KM9|KN9|8I
C5|39|1|2|S|3|N|0|0|0|0|0|0|1|1|0|0|1|0|B|KNB|KOJ|8J
C6|39|1|2|S|1E|N|0|0|0|0|0|0|1|1|0|0|1|0|B|KOL|KQZ|8K
C9|3A|1|2|H|3|N|0|8|0|0|0|0|1|1|0|0|1|2|0|KSX|KU6|8L
CC|3A|1|2|Y|5|N|0|0|0|0|0|0|1|1|0|0|1|M|B|KW4|KXM|8M
CC|3A|1|2|Y|O|N|5|0|0|0|0|0|1|1|0|0|1|0|B|KXM|KZP|8M
CD|3A|1|2|Y|1|N|0|0|0|0|0|0|1|1|0|0|1|0|B|KZR|L2C|8N
CF|3B|1|2|H|1|N|0|0|0|0|0|0|1|1|0|0|1|2|0|L2G|L2S|8O
CG|3B|1|2|S|I|N|0|0|0|0|0|0|1|1|0|0|1|0|B|L2U|L4X|8P
CG|3B|1|2|S|1|N|0|0|0|0|0|0|1|1|0|0|1|0|B|L4X|L70|8P
CI|3C|1|2|H|1|N|0|0|0|0|0|0|1|1|0|0|1|2|0|L74|L7G|8Q
CJ|3C|1|2|S|E|N|0|0|0|0|0|0|1|1|0|6|2|E|B|L7I|L8X|8R
CK|3C|1|2|S|3|N|0|0|0|0|E|0|1|1|0|G|D|E|B|L8Z|LB8|8S
CL|3C|1|2|S|D|N|0|0|0|0|0|0|1|1|1|0|1|0|B|LBA|LCM|8T
CN|3D|1|2|H|1|N|0|0|0|0|0|0|1|1|0|0|1|2|0|LCQ|LD8|8U
CO|3D|1|2|S|1|N|0|0|0|2|0|0|1|1|0|0|1|0|B|LDA|LEC|8V
CP|3D|1|2|S|G|N|0|0|0|4|0|0|1|1|0|0|1|0|B|LEE|LGV|8W
CP|3D|1|2|S|3|N|0|0|0|0|0|0|1|1|0|0|1|0|B|LGV|LHP|8W
CQ|3D|1|2|S|I|N|0|0|0|5|0|0|1|1|0|0|1|0|B|LHR|LKK|8X
CR|3D|1|2|S|I|N|0|0|0|2|0|0|1|1|0|0|1|0|B|LKM|LMU|8Y
CS|3D|1|2|S|1|N|0|0|0|4|0|0|1|1|0|0|1|0|B|LMW|LPA|8Z
CT|3D|1|2|S|L|N|0|0|0|1|0|0|1|1|0|0|1|0|B|LPC|LST|90
CT|3D|1|2|S|4|N|0|0|0|0|0|0|1|1|0|0|1|0|B|LST|LUZ|90
CV|3E|1|2|H|1|N|0|0|0|0|2|0|1|1|0|0|1|2|0|LV3|LVF|91
CW|3E|1|2|S|L|N|6|0|0|2|2|0|1|1|0|0|1|0|B|LVH|LZ5|92
CX|3E|1|2|S|1F|N|0|0|0|0|0|0|1|1|0|0|1|0|B|LZ7|M0J|93
CY|3E|1|2|S|8|N|0|0|0|0|0|0|1|1|0|0|1|0|B|M0L|M20|94
D0|3F|1|2|H|1|N|0|0|0|0|0|0|1|1|1|0|1|2|0|M24|M2G|95
D1|3F|1|2|S|8|N|0|0|0|1|0|0|1|1|0|0|1|0|B|M2I|M4I|96
D3|3G|1|2|H|1|N|0|0|0|0|0|0|1|1|0|0|1|2|0|M4M|M54|97
D4|3G|1|2|S|L|N|0|C|0|0|0|0|1|1|0|0|1|H|B|M56|M9L|98
D5|3G|1|2|S|C|N|0|0|0|0|0|0|1|1|0|0|1|0|B|M9N|MAD|99
D6|3G|1|2|S|10|N|0|0|0|0|0|0|1|1|0|0|1|0|B|MAF|MBZ|9A
D7|3G|1|2|S|C|N|0|0|0|0|0|0|1|1|0|0|1|0|B|MC1|MCX|9B
D9|3H|1|2|H|1|L|1|0|0|0|0|0|1|1|0|0|1|9|0|MD1|MDD|9C
DA|3H|1|2|H|3|D|1|0|0|0|0|0|1|1|0|0|1|A|0|MDF|MEF|9D
DB|3H|1|2|S|1|N|0|0|0|0|0|0|1|1|0|0|1|0|B|MEH|MFP|9E
DC|3H|1|2|S|D|N|0|0|0|0|0|0|1|1|0|0|1|0|B|MFR|MHQ|9F
DD|3H|1|2|S|3|N|0|0|0|0|0|0|1|1|0|0|1|0|B|MHS|MIR|9G
DE|3H|1|2|S|3|N|0|0|0|0|I|0|1|1|0|0|1|0|B|MIT|MK1|9H
DH|3I|1|2|H|3|N|0|9|0|0|0|0|1|1|0|0|1|2|0|MLZ|MN8|9I
DK|3I|1|2|Y|1|N|0|0|0|0|0|0|1|1|0|0|1|0|B|MP6|MQ3|9J
DK|3I|1|2|Y|N|N|0|0|0|0|0|0|1|1|0|0|1|0|B|MQ3|MT6|9J
DK|3I|1|2|Y|1|N|0|0|0|0|0|0|1|1|0|0|1|0|B|MT6|MU0|9J
DL|3I|1|2|Y|1|N|0|0|0|0|0|0|1|1|0|0|1|0|B|MU2|MUT|9K
DN|3J|1|2|H|1|N|0|0|0|0|0|0|1|1|0|6|2|I|0|MUX|MVF|9L
DO|3J|1|2|S|1D|N|0|0|0|0|0|0|1|1|0|6|2|E|B|MVH|MWQ|9M
DO|3J|1|2|S|7|N|0|0|0|0|0|0|1|1|0|0|1|0|B|MWQ|MY2|9M
DP|3J|1|2|S|1G|N|0|F|3|0|0|0|1|1|0|0|1|0|B|MY4|N2P|9N
DR|3K|1|2|H|1|N|0|0|0|0|0|0|1|1|0|0|1|2|0|N2T|N3B|9O
DS|3K|1|2|S|4|N|0|0|0|2|0|0|1|1|0|0|1|0|B|N3D|N5I|9P
DS|3K|1|2|S|1D|N|0|0|0|2|0|0|1|1|0|0|1|0|B|N5I|N8R|9P
DT|3K|1|2|S|C|N|0|0|0|6|0|0|1|1|0|0|1|0|B|N8T|NBS|9Q
DU|3K|1|2|S|1|N|0|0|0|5|0|0|1|1|0|0|1|0|B|NBU|NDQ|9R
DV|3K|1|2|S|I|N|0|0|0|1|0|0|1|1|0|0|1|0|B|NDS|NGC|9S
DX|3L|1|2|H|1|N|0|0|0|0|0|0|1|1|0|0|1|N|0|NGG|NH1|9T
DY|3L|1|2|S|L|N|0|0|0|0|0|0|1|1|0|0|1|M|B|NH3|NKX|9U
DZ|3L|1|2|S|D|N|5|0|0|0|8|0|1|1|0|0|1|0|B|NKZ|NON|9V
E1|3M|1|2|H|1|N|0|0|0|0|0|0|1|1|0|0|1|2|0|NOR|NP9|9W
E2|3M|1|2|S|1|N|0|0|0|0|0|0|1|1|0|0|1|0|B|NPB|NQE|9X
E2|3M|1|2|S|1|N|0|0|0|0|0|0|1|1|0|0|1|0|B|NQE|NRB|9X
E2|3M|1|2|S|1|N|0|0|0|0|0|0|1|1|0|0|1|0|B|NRB|NSE|9X
E2|3M|1|2|S|1|N|0|0|0|0|0|0|1|1|0|0|1|0|B|NSE|NT8|9X
E3|3M|1|2|S|6|N|0|0|0|0|0|0|1|1|0|0|1|7|B|NTA|NV4|9Y
E3|3M|1|2|S|8|N|0|0|0|0|0|0|1|1|1|0|1|0|B|NV4|NWA|9Y
E5|3N|1|2|H|C|N|0|0|0|0|0|0|1|1|0|0|1|2|0|NWE|NWW|9Z
E6|3N|1|2|S|C|N|0|0|0|0|3|0|1|1|0|0|1|0|B|NWY|O04|A0
E8|3O|1|2|H|1|N|0|0|0|0|0|0|1|1|1|0|1|2|0|O08|O0K|A1
E9|3O|1|2|S|G|N|0|0|0|1|0|0|1|1|0|0|1|0|B|O0M|O27|A2
E9|3O|1|2|S|D|N|0|0|0|0|0|0|1|1|0|0|1|7|B|O27|O41|A2
E9|3O|1|2|S|1H|N|0|0|0|0|0|0|1|1|0|F|C|E|B|O41|O6A|A2
EB|3P|1|2|H|1|L|1|0|0|0|0|0|1|1|0|0|1|9|0|O6E|O6Q|A3
EC|3P|1|2|D|H|D|1|0|0|0|0|0|1|1|0|0|1|6|D|O6S|O8P|A4
EC|3P|1|2|S|1I|N|0|0|0|0|0|0|1|1|0|0|1|0|B|O8P|O9Y|A4
EF|3Q|1|2|H|1|N|0|7|0|0|0|0|1|1|0|0|1|2|0|OBW|OCW|A5
EI|3Q|1|2|S|O|N|6|G|3|0|0|0|1|1|0|0|1|0|B|OEU|OHL|A6
EK|3R|1|2|H|1|N|0|0|0|0|0|0|1|1|0|0|1|2|0|OHP|OI7|A7
EL|3R|1|2|S|O|N|0|0|0|0|0|0|1|1|0|0|1|0|B|OI9|OM3|A8
EL|3R|1|2|S|C|N|0|0|0|0|0|0|1|1|1|0|1|0|B|OM3|ON6|A8
EM|3R|1|2|S|1J|N|0|0|0|1|0|0|1|1|0|0|1|0|B|ON8|ORH|A9
EN|3R|1|2|S|W|N|0|0|0|0|1|0|1|1|1|0|1|0|B|ORJ|OTD|AA
EP|3S|1|2|H|1|N|0|0|0|0|0|0|1|1|0|0|1|2|0|OTH|OTZ|AB
EQ|3S|1|2|S|1|N|0|0|0|3|0|0|1|1|0|0|1|0|B|OU1|OV9|AC
EQ|3S|1|2|S|3|N|0|5|0|1|0|0|1|1|0|0|1|0|B|OV9|OWX|AC
EQ|3S|1|2|S|4|N|0|7|0|1|0|0|1|1|0|0|1|0|B|OWX|OYO|AC
ER|3S|1|2|S|1|N|0|0|0|4|0|0|1|1|0|0|1|0|B|OYQ|P07|AD
ES|3S|1|2|S|1K|N|0|0|0|9|0|0|1|1|0|0|1|0|B|P09|P3Q|AE
EU|3T|1|2|H|1|N|0|0|0|0|0|0|1|1|0|0|1|2|0|P3U|P46|AF
EV|3T|1|2|S|4|N|0|0|0|0|0|0|1|1|0|0|1|0|B|P48|P5E|AG
EV|3T|1|2|S|1|N|0|0|0|0|0|0|1|1|0|0|1|0|B|P5E|P5K|AG
EW|3T|1|2|S|3|N|0|0|0|0|0|0|1|1|0|0|1|0|B|P5M|P6R|AH
EX|3T|1|2|S|7|N|0|0|0|0|0|0|1|1|0|0|1|0|B|P6T|P8A|AI
EY|3T|1|2|S|1|N|0|0|0|0|0|0|1|1|0|0|1|0|B|P8C|P9K|AJ
EZ|3T|1|2|S|3|N|0|0|0|0|0|0|1|1|0|0|1|0|B|P9M|PBJ|AK
EZ|3T|1|2|S|1|N|0|0|0|0|0|0|1|1|0|0|1|0|B|PBJ|PCY|AK
F1|3U|1|2|H|1|N|0|0|0|0|0|0|1|1|1|0|1|2|0|PD2|PDE|AL
F2|3U|1|2|S|D|N|0|0|0|0|0|0|1|1|0|0|1|0|B|PDG|PES|AM
F4|3V|1|2|H|1|L|1|0|0|0|0|0|1|1|0|0|1|9|0|PEW|PF8|AN
F5|3V|1|2|D|H|D|1|0|0|0|0|0|1|1|0|0|1|6|D|PFA|PHA|AO
F5|3V|1|2|S|1|N|0|0|0|0|0|0|1|1|0|0|1|0|B|PHA|PI7|AO
F5|3V|1|2|S|4|N|0|0|0|0|0|0|1|1|0|0|1|0|B|PI7|PJA|AO
F8|3W|1|2|H|1|N|0|0|0|0|0|0|1|1|0|0|1|2|0|PL8|PMK|AP
FA|3W|1|2|S|4|N|6|0|0|0|0|0|1|1|0|0|1|0|B|POG|PR4|AQ
FA|3W|1|2|S|1|N|0|0|0|0|0|0|1|1|0|0|1|0|B|PR4|PRV|AQ
FA|3W|1|2|S|1|N|0|0|0|0|0|0|1|1|0|0|1|0|B|PRV|PT1|AQ
FB|3W|1|2|S|L|N|0|0|0|0|0|0|1|1|0|0|1|7|B|PT3|PWC|AR
FC|3W|1|2|S|X|N|0|0|0|0|0|0|1|1|0|0|1|0|B|PWE|PZ8|AS
FC|3W|1|2|S|X|N|0|0|0|0|0|0|1|1|0|0|1|0|B|PZ8|Q0E|AS
FF|3X|1|2|H|1|L|1|0|0|0|0|0|1|1|0|0|1|9|0|Q1Q|Q2E|AT
FI|3Y|1|2|H|1|L|1|1|0|0|0|0|1|1|0|0|1|9|0|Q3Q|Q4Z|AU
FJ|3Z|1|2|Y|C|N|0|0|0|4|0|0|1|1|0|0|1|0|B|Q51|Q5J|AV
FJ|3Z|1|2|Y|1L|N|0|0|0|4|0|0|1|1|0|0|1|0|B|Q5J|Q6J|AV
FJ|3Z|1|2|Y|1G|N|0|0|0|7|0|0|1|1|0|0|1|0|B|Q6J|Q8A|AV
FK|40|1|2|Y|4|N|6|0|0|4|0|0|1|1|0|0|1|0|B|Q8C|QB0|AW
FK|40|1|2|Y|2|N|0|0|0|4|0|0|1|1|0|0|1|0|B|QB0|QC0|AW
FK|40|1|2|Y|1|N|0|0|0|0|0|0|1|1|0|0|1|0|B|QC0|QCU|AW
FL|41|1|2|S|3|N|7|0|0|0|0|0|1|1|0|0|1|0|B|QCW|QFB|AX
FM|42|1|2|D|1M|C|0|0|0|0|0|0|1|1|0|0|1|6|D|QFD|QIJ|AY
FN|43|1|2|Y|3|N|0|0|0|1|0|0|1|1|0|0|1|0|B|QIL|QLR|AZ
FO|44|1|2|S|3|N|0|0|0|0|0|0|1|1|0|0|1|0|B|QLT|QO2|B0
FQ|45|1|2|H|1|L|1|3|0|0|0|0|1|1|0|0|1|9|0|QO6|QPF|B1
FR|46|1|2|Y|1N|N|0|0|0|0|0|0|1|1|2|0|1|0|B|QPH|QSK|B2
FR|46|1|2|Y|4|N|0|0|0|0|0|0|1|1|0|0|1|0|B|QSK|QTH|B2
FS|47|1|2|S|1|N|0|0|0|0|0|0|1|1|0|0|1|0|B|QTJ|QU1|B3
FS|47|1|2|S|3|N|5|0|0|1|0|0|1|1|0|0|1|0|B|QU1|QVY|B3
FS|47|1|2|S|1|N|0|0|0|0|0|0|1|1|0|0|1|0|B|QVY|QX1|B3
FT|48|1|2|Y|1|N|0|3|0|0|0|0|1|1|0|0|1|0|B|QX3|QY9|B4
FT|48|1|2|Y|3|N|0|0|0|0|0|0|1|1|0|0|1|0|B|QY9|QZF|B4
FT|48|1|2|Y|1|N|0|6|0|0|0|0|1|1|0|0|1|0|B|QZF|QZX|B4
FU|49|1|2|Y|18|N|6|0|0|7|0|0|1|1|0|0|1|0|B|QZZ|R2T|B5
FU|49|1|2|D|1|U|1|0|0|1|0|0|1|1|0|0|1|6|D|R2T|R4Z|B5
FV|49|1|2|Y|3|N|0|0|0|0|0|0|1|1|0|0|1|0|B|R51|R6D|B6
FV|49|1|2|Y|D|N|0|0|0|0|0|0|1|1|0|0|1|0|B|R6D|R7A|B6
FV|49|1|2|Y|1O|N|0|0|0|0|0|0|1|1|0|0|1|0|B|R7A|RBD|B6
FW|4A|1|2|D|1|L|1|0|0|0|0|0|1|1|0|0|1|6|D|RBF|RD0|B7
FW|4A|1|2|D|1|Y|1|0|0|0|0|0|1|1|0|0|1|6|D|RD0|REI|B7
FY|4B|1|2|H|1|L|1|A|0|0|0|0|1|1|0|0|1|9|0|REM|RFV|B8
FZ|4C|1|2|S|1|N|0|0|0|0|0|0|1|1|0|0|1|0|B|RFX|RGX|B9
FZ|4C|1|2|S|1P|N|0|A|0|0|0|0|1|1|0|0|1|0|B|RGX|RIR|B9
G0|4D|1|2|S|18|N|0|0|0|1|0|0|1|1|0|0|1|0|B|RIT|RJZ|BA
G0|4D|1|2|S|1|N|0|H|0|0|0|0|1|1|0|0|1|0|B|RJZ|RKZ|BA
G1|4E|1|2|D|1Q|L|1|0|0|2|0|0|1|1|0|0|1|6|D|RL1|ROV|BB
G2|4F|1|2|Y|H|N|0|0|0|0|0|0|1|1|0|0|1|0|B|ROX|RQ0|BC
G2|4F|1|2|D|3|Y|1|0|0|0|0|0|1|1|0|A|9|J|D|RQ0|RSO|BC
G4|4G|1|2|H|1|L|1|8|0|0|0|0|1|1|0|0|1|9|0|RSS|RU1|BD
G5|4H|1|2|S|H|N|0|0|0|0|0|0|1|1|0|0|1|0|B|RU3|RUR|BE
G5|4H|1|2|S|C|N|0|0|0|0|F|0|1|1|0|0|1|0|B|RUR|RW6|BE
G6|4I|1|2|D|1|Y|1|0|0|0|0|0|1|1|0|0|1|6|D|RW8|RXW|BF
G6|4I|1|2|D|D|Y|1|0|0|1|0|0|1|1|0|0|1|6|D|RXW|S12|BF
G7|4J|1|2|D|1|L|1|0|0|1|0|0|1|1|0|A|9|J|D|S14|S2M|BG
G7|4J|1|2|S|1|N|0|0|0|0|0|0|1|1|0|A|9|E|B|S2M|S3S|BG
G8|4K|1|2|Y|1|N|0|0|0|2|0|0|1|1|1|0|1|0|B|S3U|S56|BH
G8|4K|1|2|Y|2|N|0|0|0|2|0|0|1|1|0|H|6|E|B|S56|S63|BH
G8|4K|1|2|Y|1|N|0|0|0|2|0|0|1|1|1|0|1|0|B|S63|S8L|BH
G9|4L|1|2|Y|1R|N|0|0|0|0|2|0|1|1|1|0|1|0|B|S8N|SBQ|BI
G9|4L|1|2|Y|1S|N|0|8|0|0|0|0|1|1|0|0|1|0|B|SBQ|SCZ|BI
G9|4L|1|2|D|O|U|1|0|0|0|0|0|1|1|0|0|1|6|D|SCZ|SDZ|BI
GA|4M|1|2|D|C|L|1|0|0|0|0|0|1|1|0|0|1|6|D|SE1|SHG|BJ
GA|4M|1|2|D|1|Y|1|0|0|0|0|0|1|1|0|0|1|6|D|SHG|SIS|BJ
GC|4N|1|2|H|1|L|1|9|0|0|0|0|1|1|0|0|1|9|0|SIW|SK5|BK
GD|4O|1|2|S|1|N|0|0|0|0|0|0|1|1|0|0|1|0|B|SK7|SLM|BL
GD|4O|1|2|S|8|N|0|0|0|0|0|0|1|1|0|0|1|0|B|SLM|SNG|BL
GE|4P|1|2|S|5|N|0|0|0|0|0|0|1|1|0|0|1|0|B|SNI|SPL|BM
GE|4P|1|2|S|O|N|0|0|0|0|0|0|1|1|0|0|1|0|B|SPL|SR9|BM
GF|4Q|1|2|S|1|N|0|0|0|0|0|0|1|1|0|0|1|0|B|SRB|STN|BN
GF|4Q|1|2|S|1|N|0|0|0|0|0|0|1|1|1|0|1|0|B|STN|SU5|BN
GG|4R|1|2|S|5|N|0|I|0|1|0|0|1|1|0|0|1|0|B|SU7|SW4|BO
GG|4R|1|2|S|8|N|0|0|0|1|0|0|1|1|0|0|1|0|B|SW4|SX4|BO
GH|4S|1|2|D|1|L|1|0|0|0|0|0|1|1|0|0|1|6|D|SX6|SYI|BP
GH|4S|1|2|D|1|Y|1|0|0|0|0|0|1|1|0|0|1|6|D|SYI|T0I|BP
GJ|4T|1|2|H|1|L|1|7|0|0|0|0|1|1|0|0|1|9|0|T0M|T1V|BQ
GK|4U|1|2|S|3|N|0|0|0|0|0|0|1|1|0|I|E|E|B|T1X|T36|BR
GK|4U|1|2|S|7|N|0|0|0|0|0|0|1|1|0|0|1|0|B|T36|T3L|BR
GK|4U|1|2|D|7|C|0|0|0|0|0|0|1|1|0|0|1|6|D|T3L|T49|BR
GL|4V|1|2|D|3|L|1|0|0|0|0|0|1|1|0|0|1|6|D|T4B|T6H|BS
GM|4W|1|2|Y|1|N|0|0|0|0|0|0|1|1|0|0|1|0|B|T6J|T7A|BT
GM|4W|1|2|Y|J|N|0|0|0|2|0|0|1|1|0|0|1|7|B|T7A|TAY|BT
GN|4X|1|2|S|1M|N|5|0|0|1|0|0|1|1|1|J|C|F|B|TB0|TDI|BU
GO|4Y|1|2|S|3|N|0|0|0|0|0|0|1|1|0|6|2|E|B|TDK|TEK|BV
GO|4Y|1|2|S|1|N|0|0|0|0|0|0|1|1|0|0|1|0|B|TEK|TGB|BV
GP|4Z|1|2|D|1|Y|1|0|0|0|0|0|1|1|0|0|1|6|D|TGD|TIG|BW
GP|4Z|1|2|D|1|L|1|0|0|0|0|0|1|1|0|0|1|6|D|TIG|TJJ|BW
GS|4Z|1|3|D|1|L|1|0|0|0|0|0|1|1|0|0|1|6|D|TKV|TMT|BX
GV|50|1|3|H|1|N|0|0|0|0|0|0|1|1|0|0|1|2|0|TO5|TOH|BY
GW|50|1|3|S|1|N|0|0|0|0|0|0|1|1|0|0|1|0|B|TOJ|TQG|BZ
GX|50|1|3|S|5|N|0|0|0|0|0|0|1|1|3|0|1|0|B|TQI|TSO|C0
GX|50|1|3|S|18|N|0|0|0|0|0|0|1|1|0|0|1|0|B|TSO|TUI|C0
H0|51|1|3|H|1|N|0|0|0|0|0|0|1|1|0|0|1|2|0|TVU|TX0|C1
H4|52|1|3|H|1|N|0|1|0|0|0|0|1|1|0|0|1|2|0|U06|U16|C2
H7|52|1|3|S|1|N|0|B|2|0|0|0|1|1|0|0|1|0|B|U34|U4V|C3
H9|53|1|3|H|1|N|0|2|2|0|0|0|1|1|0|0|1|2|0|U4Z|U5N|C4
HA|53|1|3|S|10|N|6|0|0|0|0|0|1|1|0|0|1|7|B|U5P|U9R|C5
HA|53|1|3|S|C|N|0|0|0|0|0|0|1|1|0|0|1|0|B|U9R|UB9|C5
HB|53|1|3|S|6|N|5|0|0|0|0|0|1|1|0|0|1|0|B|UBB|UDG|C6
HB|53|1|3|S|7|N|0|0|0|8|0|0|1|1|0|0|1|0|B|UDG|UF7|C6
HB|53|1|3|S|7|N|0|0|0|0|0|0|1|1|0|0|1|0|B|UF7|UFY|C6
HB|53|1|3|S|7|N|0|0|0|0|0|0|1|1|0|0|1|0|B|UFY|UGV|C6
HB|53|1|3|S|D|N|0|0|0|0|0|0|1|1|0|0|1|0|B|UGV|UIM|C6
HC|53|1|3|S|D|N|0|0|0|1|0|0|1|1|0|0|1|0|B|UIO|UK2|C7
HD|53|1|3|S|1|N|0|2|0|0|0|0|1|1|0|0|1|0|B|UK4|UL0|C8
HD|53|1|3|S|D|N|0|0|0|0|0|0|1|1|0|K|F|E|B|UL0|ULU|C8
HD|53|1|3|S|3|N|0|0|0|2|0|0|1|1|0|0|1|0|B|ULU|UNF|C8
HE|53|1|3|D|1|C|0|0|0|2|0|0|1|1|0|0|1|6|D|UNH|UOY|C9
HE|53|1|3|D|M|C|0|0|0|1|0|0|1|1|0|A|9|J|D|UOY|UQM|C9
HG|54|1|3|H|1|N|0|1|0|0|0|0|1|1|0|0|1|2|0|UQQ|URK|CA
HH|54|1|3|S|1|N|0|0|0|0|0|0|1|1|0|0|1|7|B|URM|UTC|CB
HH|54|1|3|S|1T|N|0|0|0|0|0|0|1|1|0|L|G|D|B|UTC|UWO|CB
HI|54|1|3|S|1I|N|0|0|0|0|0|0|1|1|0|0|1|0|B|UWQ|UZD|CC
HJ|54|1|3|D|1U|C|0|0|0|2|0|0|1|1|0|0|1|O|D|UZF|V25|CD
HK|54|1|3|S|3|N|0|0|0|4|0|0|1|1|0|0|1|0|B|V27|V46|CE
HK|54|1|3|S|1V|N|0|1|0|4|0|0|1|1|0|0|1|0|B|V46|V5R|CE
HL|54|1|3|S|N|N|0|0|0|5|0|0|1|1|0|0|1|0|B|V5T|V7Y|CF
HM|54|1|3|D|3|C|0|0|0|1|0|0|1|1|0|0|1|O|D|V80|VAT|CG
HN|54|1|3|D|1|C|0|0|0|0|0|0|1|1|0|0|1|O|D|VAV|VD3|CH
HN|54|1|3|D|1|L|1|0|0|0|0|0|1|1|0|0|1|6|D|VD3|VEF|CH
HO|54|1|3|S|3|N|0|1|0|0|0|0|1|1|0|0|1|0|B|VEH|VG4|CI
HO|54|1|3|S|3|N|0|0|0|0|0|0|1|1|0|0|1|0|B|VG4|VHD|CI
HO|54|1|3|S|L|N|0|0|0|1|0|0|1|1|0|0|1|0|B|VHD|VIG|CI
HP|54|1|3|D|1|C|0|0|0|2|0|0|1|1|0|0|1|6|D|VII|VJK|CJ
HP|54|1|3|D|M|C|0|0|0|1|0|0|1|1|0|A|9|J|D|VJK|VKZ|CJ
HR|55|1|3|H|1|N|0|0|0|0|0|0|1|1|1|0|1|2|0|VL3|VLF|CK
HS|55|1|3|S|1|N|0|2|0|0|0|0|1|1|0|0|1|0|B|VLH|VMP|CL
HS|55|1|3|S|3|N|0|0|0|0|0|0|1|1|0|0|1|0|B|VMP|VOS|CL
HT|55|1|3|S|1|N|0|1|0|0|0|0|1|1|1|0|1|0|B|VOU|VQ2|CM
HT|55|1|3|S|I|N|0|0|0|0|0|0|1|1|0|0|1|0|B|VQ2|VRE|CM
HT|55|1|3|S|3|N|0|0|0|0|0|0|1|1|0|0|1|0|B|VRE|VSQ|CM
HT|55|1|3|S|3|N|0|0|0|0|0|0|1|1|1|M|H|E|B|VSQ|VTQ|CM
HV|56|1|3|H|1|L|1|0|0|0|0|0|1|1|0|0|1|9|0|VTU|VUC|CN
HW|56|1|3|S|1|N|0|0|0|0|0|0|1|1|0|0|1|0|B|VUE|VWE|CO
HX|56|1|3|D|1|Y|1|0|0|0|0|0|1|1|0|0|1|6|D|VWG|VYA|CP
HX|56|1|3|D|5|Y|3|0|0|0|0|0|1|1|0|0|1|6|D|VYA|W11|CP
I0|57|1|3|H|3|N|0|3|0|0|0|0|1|1|0|0|1|2|0|W2Z|W48|CQ
I3|58|1|3|H|1|N|0|0|0|0|0|0|1|1|0|0|1|2|0|W66|W6O|CR
I4|58|1|3|S|D|N|0|0|0|0|0|0|1|1|0|0|1|0|B|W6Q|W9N|CS
I4|58|1|3|S|C|N|0|0|0|0|0|0|1|1|0|0|1|0|B|W9N|WAN|CS
I4|58|1|3|S|1|N|0|0|0|0|0|0|1|1|0|0|1|0|B|WAN|WBN|CS
I6|59|1|3|H|C|N|0|0|0|0|0|0|1|1|0|0|1|2|0|WBR|WC9|CT
I7|59|1|3|S|1D|N|0|6|1|0|0|0|1|1|0|0|1|0|B|WCB|WFG|CU
I8|59|1|3|S|I|N|0|3|0|0|0|0|1|1|0|0|1|0|B|WFI|WHK|CV
I8|59|1|3|S|1W|N|0|J|0|0|0|0|1|1|0|0|1|0|B|WHK|WI5|CV
I9|59|1|3|S|3|N|5|0|0|0|0|0|1|1|0|0|1|0|B|WI7|WJU|CW
IB|5A|1|3|H|1|N|0|0|0|0|0|0|1|1|0|0|1|2|0|WJY|WKG|CX
IC|5A|1|3|S|7|N|0|0|0|1|0|0|1|1|0|0|1|8|B|WKI|WMQ|CY
ID|5A|1|3|S|1|N|0|0|0|1|0|0|1|1|0|0|1|0|B|WMS|WO9|CZ
IE|5A|1|3|S|D|N|0|6|1|8|0|0|1|1|0|0|1|0|B|WOB|WS4|D0
IE|5A|1|3|S|7|N|0|0|0|0|0|0|1|1|0|0|1|0|B|WS4|WTJ|D0
IE|5A|1|3|S|1|N|5|0|0|0|D|0|1|1|0|0|1|0|B|WTJ|WUP|D0
IF|5A|1|3|S|10|N|0|3|4|8|0|0|1|1|0|0|1|0|B|WUR|WYE|D1
IF|5A|1|3|S|8|N|0|0|0|0|0|0|1|1|0|0|1|0|B|WYE|WZH|D1
IF|5A|1|3|S|1|N|5|0|0|0|D|0|1|1|0|0|1|0|B|WZH|X0K|D1
IG|5A|1|3|S|B|N|0|0|0|8|0|0|1|1|0|0|1|0|B|X0M|X29|D2
IG|5A|1|3|S|1|N|0|0|0|2|0|0|1|1|0|0|1|0|B|X29|X3I|D2
IG|5A|1|3|S|1|N|0|0|0|4|0|0|1|1|0|0|1|0|B|X3I|X4U|D2
IG|5A|1|3|S|1|N|0|0|0|5|0|0|1|1|0|0|1|0|B|X4U|X5U|D2
II|5B|1|3|H|1|N|0|0|0|0|0|0|1|1|1|0|1|2|0|X5Y|X6J|D3
IJ|5B|1|3|S|4|N|0|0|0|0|0|0|1|1|0|0|1|0|B|X6L|X7H|D4
IJ|5B|1|3|S|I|N|0|0|0|0|M|0|1|1|1|0|1|0|B|X7H|X9E|D4
IL|5C|1|3|H|1|D|1|0|0|0|0|0|1|1|0|0|1|9|0|X9I|XA0|D5
IM|5C|1|3|S|4|N|0|0|0|0|0|0|1|1|0|0|1|0|B|XA2|XC8|D6
IO|5D|1|3|H|1|L|1|0|0|0|0|0|1|1|0|0|1|9|0|XCC|XCU|D7
IP|5D|1|3|S|1X|N|0|0|0|0|0|0|1|1|0|0|1|0|B|XCW|XE5|D8
IP|5D|1|3|S|T|N|0|0|0|0|0|0|1|1|0|0|1|0|B|XE5|XF8|D8
IP|5D|1|3|S|L|N|0|0|0|0|0|0|1|1|0|0|1|0|B|XF8|XGK|D8
IP|5D|1|3|D|C|Y|1|0|0|0|0|0|1|1|0|0|1|6|D|XGK|XJ2|D8
IQ|5E|1|3|D|1|Y|1|0|0|0|0|0|1|1|0|0|1|6|D|XJ4|XLA|D9
IQ|5E|1|3|D|1|L|1|0|0|2|0|0|1|1|0|0|1|6|D|XLA|XM7|D9
IQ|5E|1|3|D|C|L|1|0|0|2|0|0|1|1|0|0|1|6|D|XM7|XNV|D9
IT|5F|1|3|H|3|N|0|A|0|0|0|0|1|1|0|0|1|2|0|XPT|XR2|DA
IW|5F|1|3|Y|5|N|0|0|0|0|0|0|1|1|0|0|1|0|B|XT0|XUI|DB
IX|5F|1|3|Y|I|N|0|H|0|0|0|0|1|1|0|0|1|0|B|XUK|XWY|DC
IX|5F|1|3|Y|C|N|0|0|0|0|0|0|1|1|0|0|1|0|B|XWY|XZ1|DC
IY|5F|1|3|Y|1|N|0|A|0|0|0|0|1|1|0|0|1|0|B|XZ3|Y18|DD
IY|5F|1|3|Y|I|N|0|0|0|0|0|0|1|1|0|0|1|0|B|Y18|Y38|DD
J0|5G|1|3|H|1|N|0|0|0|0|0|0|1|1|0|0|1|2|0|Y3C|Y3X|DE
J1|5G|1|3|S|1|N|0|H|0|0|0|0|1|1|0|0|1|0|B|Y3Z|Y5P|DF
J1|5G|1|3|S|7|N|0|0|0|0|0|0|1|1|0|0|1|0|B|Y5P|Y6V|DF
J2|5G|1|3|S|10|N|0|A|0|0|0|0|1|1|0|0|1|0|B|Y6X|Y98|DG
J2|5G|1|3|S|1|N|0|0|0|0|0|0|1|1|0|0|1|0|B|Y98|YAN|DG
J4|5H|1|3|H|1|N|0|0|0|0|0|0|1|1|0|0|1|2|0|YAR|YB9|DH
J5|5H|1|3|S|10|N|0|A|0|2|0|0|1|1|0|0|1|0|B|YBB|YEA|DI
J6|5H|1|3|S|1|N|0|E|0|5|0|0|1|1|0|0|1|0|B|YEC|YG5|DJ
J7|5H|1|3|S|1|N|0|0|0|4|0|0|1|1|0|0|1|0|B|YG7|YHI|DK
J8|5H|1|3|S|7|N|0|0|0|1|0|0|1|1|0|0|1|0|B|YHK|YK1|DL
J8|5H|1|3|S|D|N|0|0|0|0|0|0|1|1|0|0|1|0|B|YK1|YKY|DL
J8|5H|1|3|S|C|N|0|0|0|0|8|0|1|1|0|N|I|E|B|YKY|YMD|DL
JA|5I|1|3|H|1|N|0|0|0|0|0|0|1|1|0|0|1|2|0|YMH|YN2|DM
JB|5I|1|3|S|1|N|0|0|0|0|0|0|1|1|0|F|C|E|B|YN4|YO9|DN
JC|5I|1|3|S|1|N|0|H|0|0|0|0|1|1|0|0|1|8|B|YOB|YRJ|DO
JD|5I|1|3|S|1|N|0|A|0|1|0|0|1|1|0|0|1|0|B|YRL|YT5|DP
JD|5I|1|3|S|1|N|0|H|0|0|0|0|1|1|1|0|1|0|B|YT5|YU8|DP
JD|5I|1|3|S|1|N|0|0|0|1|0|0|1|1|0|0|1|0|B|YU8|YVK|DP
JF|5J|1|3|H|1|N|0|0|0|0|0|0|1|1|1|0|1|2|0|YVO|YW0|DQ
JG|5J|1|3|S|1|N|0|A|0|0|0|0|1|1|0|F|C|E|B|YW2|YYN|DR
JI|5K|1|3|H|1|D|1|0|0|0|0|0|1|1|0|0|1|9|0|YYR|YZ9|DS
JJ|5K|1|3|S|4|N|0|0|0|0|0|0|1|1|0|0|1|0|B|YZB|Z0Z|DT
JL|5L|1|3|H|1|N|0|0|0|0|0|0|1|1|0|0|1|2|0|Z13|Z1F|DU
JM|5L|1|3|S|C|N|0|0|0|0|0|0|1|1|0|0|1|0|B|Z1H|Z2B|DV
JM|5L|1|3|S|1Y|N|0|0|0|0|0|0|1|1|0|0|1|0|B|Z2B|Z5T|DV
JO|5M|1|3|H|1|L|1|0|0|0|0|0|1|1|0|0|1|9|0|Z5X|Z6F|DW
JP|5M|1|3|S|1|N|0|0|0|0|0|0|1|1|0|0|1|0|B|Z6H|Z8H|DX
JP|5M|1|3|S|3|N|0|0|0|8|0|0|1|1|0|0|1|0|B|Z8H|Z9Z|DX
JS|5N|1|3|H|3|N|0|8|0|0|0|0|1|1|0|0|1|2|0|ZBX|ZD6|DY
JV|5N|1|3|Y|3|N|0|0|0|0|0|0|1|1|0|0|1|0|B|ZF4|ZGG|DZ
JX|5O|1|3|H|1|N|0|K|0|0|0|0|1|1|0|0|1|2|0|ZGK|ZHK|E0
JY|5O|1|3|S|3|N|0|0|0|0|0|0|1|1|0|0|1|0|B|ZHM|ZIU|E1
JY|5O|1|3|S|1K|N|0|0|0|0|0|0|1|1|0|0|1|7|B|ZIU|ZM0|E1
JZ|5O|1|3|S|8|N|0|0|0|0|0|0|1|1|0|0|1|0|B|ZM2|ZNJ|E2
JZ|5O|1|3|S|L|N|0|0|0|0|0|0|1|1|0|0|1|0|B|ZNJ|ZOM|E2
K0|5O|1|3|S|D|N|0|0|0|0|N|0|1|1|0|O|J|E|B|ZOO|ZTB|E3
K0|5O|1|3|S|1|N|0|0|0|0|0|0|1|1|0|0|1|0|B|ZTB|ZUB|E3
K1|5O|1|3|S|1|N|0|0|0|0|0|0|1|1|0|0|1|0|B|ZUD|ZUU|E4
K3|5P|1|3|H|1|N|0|8|0|0|0|0|1|1|0|0|1|2|0|ZUY|ZVS|E5
K4|5P|1|3|S|1I|N|0|K|0|0|0|0|1|1|0|0|1|0|B|ZVU|ZXH|E6
K4|5P|1|3|S|B|N|0|0|0|0|0|0|1|1|0|0|1|0|B|ZXH|ZZ2|E6
K5|5P|1|3|S|C|N|0|0|0|0|0|0|1|1|0|0|1|0|B|ZZ4|ZZR|E7
K5|5P|1|3|D|1|C|0|0|0|0|0|0|1|1|0|0|1|6|D|ZZR|1010|E7
K5|5P|1|3|D|2|C|0|0|0|0|0|0|1|1|0|0|1|6|D|1010|1026|E7
K6|5P|1|3|S|1|N|0|0|0|0|0|0|1|1|0|0|1|0|B|1028|102P|E8
K8|5Q|1|3|H|1|N|0|0|0|0|0|0|1|1|0|0|1|2|0|102T|103B|E9
K9|5Q|1|3|S|7|N|0|C|0|0|0|0|1|1|0|0|1|0|B|103D|106F|EA
KA|5Q|1|3|S|1|N|0|C|0|0|0|0|1|1|0|0|1|H|B|106H|109Y|EB
KA|5Q|1|3|S|1I|N|0|K|0|0|0|0|1|1|0|0|1|0|B|109Y|10BG|EB
KC|5R|1|3|H|1|N|0|0|0|0|0|0|1|1|0|0|1|2|0|10BK|10C2|EC
KD|5R|1|3|S|1Z|N|0|8|0|2|0|0|1|1|0|0|1|0|B|10C4|10FC|ED
KD|5R|1|3|S|7|N|0|0|0|0|0|0|1|1|0|0|1|0|B|10FC|10GL|ED
KE|5R|1|3|S|C|N|0|0|0|4|0|0|1|1|0|0|1|0|B|10GN|10HM|EE
KE|5R|1|3|S|L|N|0|0|0|0|B|0|1|1|0|0|1|0|B|10HM|10KP|EE
KF|5R|1|3|S|1|N|0|K|0|1|0|0|1|1|0|0|1|0|B|10KR|10M5|EF
KF|5R|1|3|S|20|N|0|8|0|1|0|0|1|1|0|P|I|E|B|10M5|10P8|EF
KH|5S|1|3|H|1|N|0|0|0|0|0|0|1|1|1|0|1|2|0|10PC|10PO|EG
KI|5S|1|3|S|1|N|0|K|0|0|0|0|1|1|0|0|1|0|B|10PQ|10QK|EH
KI|5S|1|3|S|M|N|0|8|0|0|0|0|1|1|0|0|1|0|B|10QK|10S2|EH
KK|5T|1|3|H|1|L|1|0|0|0|0|0|1|1|0|0|1|9|0|10S6|10SO|EI
KL|5U|1|3|S|1|N|0|0|0|0|0|0|1|1|0|0|1|0|B|10SQ|10UB|EJ
KL|5U|1|3|S|C|N|0|C|0|0|0|0|1|1|0|0|1|0|B|10UB|10W5|EJ
KM|5V|1|3|S|1F|N|0|0|0|0|0|0|1|1|0|I|E|E|B|10W7|10Y7|EK
KN|5W|1|3|S|3|N|0|8|0|0|0|0|1|1|3|0|1|0|B|10Y9|10ZL|EL
KN|5W|1|3|S|1|N|0|0|0|0|0|0|1|1|3|Q|K|E|B|10ZL|110C|EL
KO|5X|1|3|Y|1|N|0|K|0|0|0|0|1|1|0|0|1|0|B|110E|111Z|EM
KO|5X|1|3|Y|1|N|0|8|0|0|0|0|1|1|0|0|1|0|B|111Z|1138|EM
KQ|5Y|1|3|H|1|D|1|0|0|0|0|0|1|1|0|0|1|9|0|113C|113U|EN
KR|5Y|1|3|S|7|N|0|0|0|0|0|0|1|1|0|R|L|E|B|113W|115Y|EO
KS|5Y|1|3|S|1|N|0|0|0|0|0|0|1|1|0|0|1|0|B|1160|1178|EP
KS|5Y|1|3|D|1|Y|1|0|0|6|0|0|1|1|0|0|1|6|D|1178|118Z|EP
KT|5Y|1|3|S|7|N|0|0|0|0|0|0|1|1|0|S|M|E|B|1191|11B9|EQ
KT|5Y|1|3|D|A|C|0|0|0|0|0|0|1|1|0|T|N|P|D|11B9|11C6|EQ
KW|5Z|1|3|H|1|N|0|0|0|0|0|0|1|1|0|0|1|2|0|11E4|11F7|ER
KZ|60|1|3|H|1|N|0|I|0|0|0|0|1|1|0|0|1|2|0|11H5|11I5|ES
L0|60|1|3|S|1|N|6|0|0|0|0|0|1|1|0|0|1|0|B|11I7|11KX|ET
L1|60|1|3|D|1|C|0|0|0|0|0|0|1|1|0|0|1|6|D|11KZ|11MP|EU
L1|60|1|3|S|D|N|0|0|0|8|0|0|1|1|0|0|1|0|B|11MP|11OG|EU
L2|60|1|3|S|L|N|0|0|0|0|0|0|1|1|0|0|1|0|B|11OI|11R2|EV
L2|60|1|3|S|1|N|0|0|0|0|0|0|1|1|0|0|1|0|B|11R2|11SH|EV
L4|61|1|3|H|1|N|0|9|0|0|0|0|1|1|0|0|1|2|0|11SL|11TL|EW
L5|61|1|3|S|1|N|0|0|0|0|0|0|1|1|0|0|1|0|B|11TN|11VJ|EX
L6|61|1|3|S|1|N|0|0|0|0|0|0|1|1|0|0|1|0|B|11VL|11WH|EY
L6|61|1|3|S|19|N|0|0|0|0|0|0|1|1|0|I|E|E|B|11WH|11YB|EY
L6|61|1|3|S|5|N|0|0|0|0|0|0|1|1|0|0|1|0|B|11YB|11ZK|EY
L7|61|1|3|S|1|N|0|0|0|0|0|0|1|1|0|0|1|0|B|11ZM|1209|EZ
L7|61|1|3|S|1Y|N|5|0|0|2|0|0|1|1|0|B|2|E|B|1209|122X|EZ
L9|62|1|3|H|1|N|0|0|0|0|0|0|1|1|0|0|1|2|0|1231|123J|F0
LA|62|1|3|S|1|N|0|0|0|2|0|0|1|1|0|0|1|0|B|123L|124K|F1
LB|62|1|3|S|1|N|0|I|0|4|0|0|1|1|0|0|1|0|B|124M|125R|F2
LB|62|1|3|S|6|N|0|9|0|0|0|0|1|1|0|0|1|0|B|125R|128C|F2
LC|62|1|3|S|1|N|0|0|0|5|0|0|1|1|0|0|1|0|B|128E|129A|F3
LC|62|1|3|S|18|N|0|9|0|0|0|0|1|1|0|0|1|0|B|129A|12AP|F3
LD|62|1|3|S|1|N|0|I|0|1|0|0|1|1|0|0|1|0|B|12AR|12CW|F4
LD|62|1|3|S|1|N|0|9|0|0|0|0|1|1|0|0|1|8|B|12CW|12E5|F4
LD|62|1|3|S|D|N|0|0|0|0|8|0|1|1|0|U|I|E|B|12E5|12F8|F4
LF|63|1|3|H|1|N|0|0|0|0|0|0|1|1|1|0|1|2|0|12FC|12FO|F5
LG|63|1|3|S|1|N|0|0|0|0|0|0|1|1|0|0|1|0|B|12FQ|12IG|F6
LH|63|1|3|S|1|N|0|0|0|0|0|0|1|1|0|F|C|E|B|12II|12JH|F7
LH|63|1|3|S|D|N|0|0|0|0|F|0|1|1|0|0|1|0|B|12JH|12LK|F7
LJ|64|1|3|H|1|D|1|0|0|0|0|0|1|1|0|0|1|9|0|12LO|12M6|F8
LK|64|1|3|S|I|N|0|0|0|0|0|0|1|1|0|0|1|0|B|12M8|12MW|F9
LK|64|1|3|S|1|N|0|0|0|0|0|0|1|1|0|4|2|E|B|12MW|12O8|F9
LM|65|1|3|H|1|N|0|0|0|0|0|0|1|1|0|0|1|2|0|12OC|12OX|FA
LN|66|1|3|Y|3|N|0|0|0|0|0|0|1|1|0|6|2|E|B|12OZ|12RT|FB
LO|67|1|3|Y|1|N|0|0|0|0|0|0|1|1|0|0|1|0|B|12RV|12U7|FC
LP|68|1|3|Y|1|N|0|0|0|0|0|0|1|1|0|I|E|E|B|12U9|12W3|FD
LQ|69|1|3|Y|1|N|6|0|0|6|0|0|1|1|0|0|1|0|B|12W5|12YW|FE
LR|6A|1|3|D|1|D|1|0|0|0|0|0|1|1|0|0|1|6|D|12YY|130S|FF
LU|6B|1|3|H|1|N|0|0|0|0|0|0|1|1|0|0|1|2|0|132Q|133T|FG
LX|6B|1|3|S|1|N|6|0|0|0|0|0|1|1|0|0|1|0|B|135R|136C|FH
LX|6B|1|3|S|1|N|0|G|2|0|0|0|1|1|0|0|1|0|B|136C|138F|FH
LZ|6C|1|3|H|1|N|0|5|0|0|0|0|1|1|0|0|1|2|0|138J|138V|FI
M0|6C|1|3|D|7|C|0|0|0|0|0|0|1|1|0|0|1|6|D|138X|13A5|FJ
M0|6C|1|3|S|M|N|0|0|0|0|0|0|1|1|0|0|1|0|B|13A5|13BE|FJ
M0|6C|1|3|S|21|N|0|0|0|0|0|0|1|1|0|0|1|0|B|13BE|13DK|FJ
M1|6C|1|3|S|C|N|0|0|0|2|L|0|1|1|0|0|1|0|B|13DM|13ER|FK
M1|6C|1|3|S|10|N|0|0|0|6|0|0|1|1|0|0|1|0|B|13ER|13GF|FK
M2|6C|1|3|S|3|N|0|0|0|0|0|0|1|1|0|0|1|0|B|13GH|13IA|FL
M3|6C|1|3|D|1|D|1|0|0|0|0|0|1|1|0|0|1|6|D|13IC|13LB|FM
M5|6D|1|3|H|1|N|0|7|0|0|0|0|1|1|0|0|1|2|0|13LF|13LR|FN
M6|6D|1|3|D|1|C|0|0|0|0|0|0|1|1|0|0|1|6|D|13LT|13MG|FO
M6|6D|1|3|S|3|N|0|0|0|0|0|0|1|1|0|0|1|7|B|13MG|13NJ|FO
M6|6D|1|3|S|1|N|0|0|0|0|0|0|1|1|0|0|1|8|B|13NJ|13OA|FO
M7|6D|1|3|S|T|N|0|0|0|0|0|0|1|1|0|0|1|0|B|13OC|13RK|FP
M8|6D|1|3|D|1|C|0|0|0|1|0|0|1|1|0|0|1|6|D|13RM|13T6|FQ
M9|6D|1|3|S|1|N|0|0|0|0|0|0|1|1|0|0|1|0|B|13T8|13U4|FR
M9|6D|1|3|S|3|N|0|0|0|0|0|0|1|1|0|0|1|0|B|13U4|13UM|FR
MA|6D|1|3|S|3|N|0|0|0|0|0|0|1|1|0|0|1|0|B|13UO|13VW|FS
MA|6D|1|3|S|L|N|0|0|0|1|0|0|1|1|0|0|1|0|B|13VW|13YQ|FS
MA|6D|1|3|S|A|N|0|0|0|0|0|0|1|1|0|0|1|0|B|13YQ|13ZN|FS
MB|6D|1|3|D|1|Y|1|0|0|0|0|0|1|1|0|0|1|6|D|13ZP|141F|FT
MB|6D|1|3|D|1|L|1|0|0|0|0|0|1|1|0|0|1|6|D|141F|142F|FT
MD|6E|1|3|H|1|N|0|0|0|0|0|0|1|1|1|0|1|2|0|142J|142V|FU
ME|6E|1|3|S|4|N|5|0|0|0|0|0|1|1|0|0|1|8|B|142X|145O|FV
ME|6E|1|3|S|22|N|5|0|0|0|5|0|1|1|0|0|1|0|B|145O|147X|FV
ME|6E|1|3|S|1I|N|0|0|0|0|0|0|1|1|0|0|1|0|B|147X|149X|FV
MG|6F|1|3|H|1|D|1|0|0|0|0|0|1|1|0|0|1|9|0|14A1|14AJ|FW
MH|6F|1|3|S|A|N|0|G|0|0|0|0|1|1|0|0|1|0|B|14AL|14BX|FX
MH|6F|1|3|S|1|N|0|0|0|0|0|0|1|1|0|0|1|0|B|14BX|14CX|FX
MH|6F|1|3|S|4|N|0|0|0|0|0|0|1|1|0|0|1|0|B|14CX|14EF|FX
MK|6G|1|3|H|1|L|1|0|0|0|0|0|1|1|0|0|1|9|0|14FR|14GO|FY
MN|6H|1|3|H|1|N|0|0|0|0|0|0|1|1|3|0|1|2|0|14I0|14IR|FZ
MO|6I|1|3|S|23|N|0|0|0|0|0|0|1|1|3|0|1|0|B|14IT|14KN|G0
MO|6I|1|3|S|C|N|0|0|1|0|0|0|1|1|3|0|1|0|B|14KN|14M2|G0
MO|6I|1|3|S|C|N|0|0|2|0|0|0|1|1|3|0|1|0|B|14M2|14NE|G0
MQ|6J|1|3|H|1|N|0|0|0|0|0|0|1|1|0|0|1|2|0|14NI|14O3|G1
MR|6K|1|3|Y|24|N|0|0|0|0|0|0|1|1|0|0|1|0|B|14O5|14Q5|G2
MS|6K|1|3|Y|T|N|0|0|5|0|0|0|1|1|3|0|1|0|B|14Q7|14SZ|G3
MT|6K|1|3|Y|D|N|0|0|2|0|0|0|1|1|3|0|1|0|B|14T1|14UT|G4
MT|6K|1|3|Y|1|N|0|0|0|0|0|0|1|1|0|0|1|0|B|14UT|14VW|G4
MU|6K|1|3|C|3|N|0|0|2|0|6|0|1|1|3|0|1|4|0|14VY|14ZF|G5
MU|6K|1|3|Y|1|N|0|0|0|0|0|0|1|1|3|0|1|0|B|14ZF|1516|G5
MW|6L|1|3|H|1|N|0|0|0|0|0|0|1|1|0|0|1|2|0|151A|151V|G6
MX|6L|1|3|S|5|N|0|0|0|0|0|0|1|1|0|0|1|0|B|151X|153F|G7
MX|6L|1|3|S|1|N|0|0|0|0|0|0|1|1|0|0|1|0|B|153F|1543|G7
MX|6L|1|3|S|D|N|0|0|0|0|5|0|1|1|0|0|1|7|B|1543|157I|G7
MX|6L|1|3|S|25|N|0|0|0|0|0|0|1|1|0|0|1|0|B|157I|158U|G7
MY|6L|1|3|C|3|N|0|1|2|0|1|0|1|1|3|I|E|5|0|158W|15CA|G8
MY|6L|1|3|S|7|N|0|0|0|0|0|0|1|1|3|V|G|E|B|15CA|15DG|G8
MZ|6L|1|3|C|3|N|0|0|0|0|0|0|1|1|3|0|1|4|0|15DI|15HQ|G9
MZ|6L|1|3|S|A|N|0|0|0|0|0|0|1|1|3|W|O|E|B|15HQ|15IW|G9
N1|6M|1|3|H|1|N|0|0|0|1|0|0|1|1|0|0|1|2|0|15J0|15JX|GA
N2|6N|1|3|D|D|C|0|0|2|1|0|0|1|1|3|0|1|6|D|15JZ|15MH|GB
N2|6N|1|3|S|1|N|0|0|0|0|0|0|1|1|3|0|1|0|B|15MH|15NE|GB
N3|6O|1|3|S|D|N|0|0|0|0|5|0|1|1|3|X|I|E|B|15NG|15PD|GC
N6|6O|1|4|D|1|L|1|0|0|0|0|0|1|1|0|0|1|6|D|15QP|15SN|GD
N9|6P|1|4|H|1|N|0|0|0|0|0|0|1|1|0|0|1|2|0|15TZ|15UB|GE
NA|6P|1|4|S|1|N|0|0|0|0|0|0|1|1|0|0|1|0|B|15UD|15VP|GF
NA|6P|1|4|S|3|N|0|0|0|0|0|0|1|1|0|0|1|0|B|15VP|15XY|GF
ND|6Q|1|4|H|1|N|0|0|0|0|0|0|1|1|0|0|1|2|0|15ZA|160G|GG
NH|6R|1|4|H|3|N|0|1|0|0|0|0|1|1|0|0|1|2|0|163M|164V|GH
NK|6R|1|4|Y|1|N|0|0|0|0|0|0|1|1|0|0|1|0|B|166T|167N|GI
NK|6R|1|4|Y|26|N|0|0|0|0|0|0|1|1|0|M|H|E|B|167N|16BZ|GI
NM|6S|1|4|H|1|N|0|0|0|0|0|0|1|1|0|0|1|2|0|16C3|16CL|GJ
NN|6T|1|4|H|2|N|0|0|0|0|0|0|1|1|0|0|1|B|0|16CN|16DT|GK
NO|6T|1|4|S|I|N|0|0|0|0|F|0|1|1|0|0|1|0|B|16DV|16GI|GL
NP|6T|1|4|S|1|N|0|0|0|0|O|0|1|1|0|0|1|0|B|16GK|16K1|GM
NQ|6T|1|4|S|3|N|0|0|0|0|0|0|1|1|0|0|1|0|B|16K3|16KZ|GN
NQ|6T|1|4|S|D|N|0|0|0|0|P|0|1|1|0|Y|F|E|B|16KZ|16M5|GN
NR|6T|1|4|S|15|N|0|0|0|0|3|0|1|1|0|0|1|0|B|16M7|16PO|GO
NS|6T|1|4|D|3|C|0|0|0|0|0|0|1|1|0|0|1|6|D|16PQ|16TH|GP
NU|6U|1|4|H|1|N|0|0|0|0|0|0|1|1|0|0|1|2|0|16TL|16U3|GQ
NV|6U|1|4|S|3|N|0|0|0|2|0|0|1|1|0|0|1|0|B|16U5|16V4|GR
NW|6U|1|4|S|I|N|0|0|0|0|2|0|1|1|0|0|1|0|B|16V6|16WZ|GS
NX|6U|1|4|S|1|N|0|0|0|4|0|0|1|1|0|0|1|0|B|16X1|16ZO|GT
NY|6U|1|4|S|1D|N|0|0|0|5|0|0|1|1|0|0|1|0|B|16ZQ|171G|GU
NY|6U|1|4|S|1|N|0|0|0|0|0|0|1|1|0|Q|K|E|B|171G|172J|GU
NZ|6U|1|4|S|27|N|0|0|0|5|0|0|1|1|0|0|1|0|B|172L|175T|GV
O0|6U|1|4|S|C|N|0|0|0|1|0|0|1|1|0|Q|K|E|B|175V|177L|GW
O0|6U|1|4|S|D|N|0|0|0|0|0|0|1|1|0|0|1|0|B|177L|178O|GW
O2|6V|1|4|H|1|N|0|0|0|0|0|0|1|1|0|0|1|2|0|178S|179G|GX
O3|6V|1|4|S|8|N|0|0|0|0|0|0|1|1|0|0|1|0|B|179I|17AT|GY
O4|6V|1|4|S|3|N|0|0|0|0|L|0|1|1|0|0|1|0|B|17AV|17CO|GZ
O5|6V|1|4|S|3|N|6|0|0|0|1|0|1|1|0|0|1|0|B|17CQ|17EV|H0
O6|6V|1|4|S|D|N|0|0|0|0|Q|0|1|1|0|Z|P|E|B|17EX|17H2|H1
O7|6V|1|4|S|3|N|0|0|0|0|0|0|1|1|0|0|1|7|B|17H4|17J6|H2
O7|6V|1|4|S|2|N|0|0|0|0|0|0|1|1|0|0|1|0|B|17J6|17K6|H2
O7|6V|1|4|S|L|N|0|0|0|0|0|0|1|1|1|0|1|0|B|17K6|17M3|H2
O9|6W|1|4|H|1|N|0|0|0|0|0|0|1|1|1|0|1|2|0|17M7|17MJ|H3
OA|6W|1|4|S|J|N|5|0|0|1|0|0|1|1|0|10|N|Q|B|17ML|17PK|H4
OB|6W|1|4|S|1|N|0|0|0|0|R|0|1|1|0|0|1|0|B|17PM|17T0|H5
OB|6W|1|4|S|K|N|0|0|0|8|0|0|1|1|0|0|1|0|B|17T0|17UX|H5
OD|6X|1|4|H|1|D|1|0|0|0|0|0|1|1|0|0|1|9|0|17V1|17VJ|H6
OE|6X|1|4|S|3|N|0|0|0|1|0|0|1|1|0|Q|K|E|B|17VL|17WW|H7
OE|6X|1|4|S|W|N|0|0|0|0|5|0|1|1|0|P|I|E|B|17WW|17YT|H7
OF|6X|1|4|S|3|N|0|0|0|0|S|0|1|1|0|0|1|0|B|17YV|180L|H8
OG|6X|1|4|S|3|N|0|0|0|2|0|0|1|1|0|0|1|0|B|180N|181J|H9
OG|6X|1|4|S|D|N|0|0|0|0|0|0|1|1|0|0|1|0|B|181J|1837|H9
OI|6Y|1|4|H|1|L|1|0|0|0|0|0|1|1|0|0|1|9|0|183B|183T|HA
OJ|6Z|1|4|S|28|N|0|1|0|0|0|0|1|1|0|0|1|0|B|183V|184S|HB
OJ|6Z|1|4|D|29|C|0|B|2|0|0|0|1|1|0|0|1|6|D|184S|187P|HB
OK|70|1|4|S|C|N|0|0|0|0|0|0|1|1|1|0|1|0|B|187R|1890|HC
OK|70|1|4|S|D|N|0|0|0|0|B|0|1|1|0|0|1|0|B|1890|18B3|HC
OK|70|1|4|S|T|N|0|0|0|0|0|0|1|1|0|0|1|0|B|18B3|18BX|HC
OK|70|1|4|S|4|N|0|0|0|0|0|0|1|1|0|0|1|0|B|18BX|18D0|HC
OL|71|1|4|Y|1|N|0|0|0|0|0|0|1|1|0|0|1|0|B|18D2|18EN|HD
OL|71|1|4|D|3|C|0|0|0|0|0|0|1|1|0|0|1|6|D|18EN|18GQ|HD
OL|71|1|4|D|3|C|0|0|0|0|0|0|1|1|0|0|1|6|D|18GQ|18IB|HD
OM|72|1|4|D|1|Y|1|0|0|0|0|0|1|1|0|0|1|6|D|18ID|18KG|HE
OP|73|1|4|H|3|N|0|3|0|0|0|0|1|1|0|0|1|2|0|18ME|18NN|HF
OS|74|1|4|H|1|N|0|0|0|0|0|0|1|1|0|0|1|2|0|18PL|18Q9|HG
OT|74|1|4|S|3|N|0|0|0|0|0|0|1|1|0|0|1|0|B|18QB|18RH|HH
OV|75|1|4|H|1|N|0|0|0|0|0|0|1|1|0|0|1|2|0|18RL|18S9|HI
OW|75|1|4|S|1|N|0|0|0|0|0|0|1|1|0|0|1|0|B|18SB|18T8|HJ
OW|75|1|4|S|D|N|0|0|0|7|0|0|1|1|0|0|1|0|B|18T8|18WH|HJ
OW|75|1|4|S|4|N|0|0|0|1|0|0|1|1|0|0|1|0|B|18WH|18Y8|HJ
OY|76|1|4|H|1|N|0|0|0|0|0|0|1|1|0|0|1|2|0|18YC|18YU|HK
OZ|76|1|4|D|2|C|0|0|0|0|M|0|1|1|0|0|1|6|D|18YW|191S|HL
P0|76|1|4|D|1A|C|0|0|0|0|F|0|1|1|0|0|1|6|D|191U|194W|HM
P2|77|1|4|H|1|N|0|0|0|0|0|0|1|1|0|11|7|I|0|1950|195L|HN
P3|77|1|4|S|3|N|0|0|0|0|0|0|1|1|0|11|7|E|B|195N|196S|HO
P3|77|1|4|S|2A|N|0|0|0|1|0|0|1|1|0|11|7|E|B|196S|198M|HO
P3|77|1|4|S|C|N|0|0|0|0|0|0|1|1|0|0|1|0|B|198M|199M|HO
P5|78|1|4|H|1|N|0|0|0|0|0|0|1|1|0|0|1|2|0|199Q|19AB|HP
P6|78|1|4|S|1|N|0|0|0|0|0|0|1|1|0|0|1|0|B|19AD|19C0|HQ
P7|78|1|4|S|1|N|0|0|0|0|0|0|1|1|0|0|1|0|B|19C2|19CJ|HR
P7|78|1|4|S|3|N|0|0|0|0|0|0|1|1|0|0|1|0|B|19CJ|19DS|HR
P7|78|1|4|S|3|N|0|0|0|0|B|0|1|1|0|0|1|0|B|19DS|19FM|HR
P7|78|1|4|S|D|N|0|0|0|0|0|0|1|1|0|B|2|E|B|19FM|19GV|HR
P8|78|1|4|S|G|N|0|0|0|8|0|0|1|1|0|0|1|0|B|19GX|19KK|HS
PA|79|1|4|H|1|N|0|0|0|0|0|0|1|1|0|0|1|2|0|19KO|19L9|HT
PB|79|1|4|S|3|N|0|0|0|1|T|0|1|1|0|12|2|E|B|19LB|19NV|HU
PB|79|1|4|S|8|N|0|0|0|0|0|0|1|1|0|0|1|0|B|19NV|19OJ|HU
PD|7A|1|4|H|1|N|0|0|0|0|0|0|1|1|1|0|1|2|0|19ON|19OZ|HV
PE|7A|1|4|S|3|N|0|0|0|0|0|0|1|1|0|0|1|0|B|19P1|19Q3|HW
PE|7A|1|4|S|6|N|0|0|0|0|5|0|1|1|1|0|1|0|B|19Q3|19S3|HW
PF|7A|1|4|S|8|N|0|0|0|0|0|0|1|1|1|0|1|0|B|19S5|19VM|HX
PF|7A|1|4|S|J|N|0|0|0|0|U|0|1|1|0|0|1|0|B|19VM|19X4|HX
PH|7B|1|4|H|1|D|1|0|0|0|0|0|1|1|0|0|1|9|0|19X8|19XQ|HY
PI|7B|1|4|S|H|N|0|0|0|0|0|0|1|1|0|0|1|0|B|19XS|19YU|HZ
PJ|7B|1|4|S|U|N|0|0|0|1|0|0|1|1|0|0|1|0|B|19YW|1A1A|I0
PK|7B|1|4|S|8|N|0|0|0|1|0|0|1|1|0|0|1|0|B|1A1C|1A35|I1
PM|7C|1|4|H|1|L|1|0|0|0|0|0|1|1|0|0|1|9|0|1A39|1A3R|I2
PN|7D|1|4|Y|J|N|0|0|0|0|F|0|1|1|0|0|1|0|B|1A3T|1A4Q|I3
PN|7D|1|4|Y|1|N|0|0|0|0|0|0|1|1|0|0|1|0|B|1A4Q|1A5N|I3
PN|7D|1|4|Y|1|N|0|0|0|0|0|0|1|1|0|8|7|E|B|1A5N|1A7B|I3
PN|7D|1|4|Y|8|N|0|0|0|0|0|0|1|1|0|8|7|E|B|1A7B|1A8H|I3
PO|7E|1|4|S|3|N|0|0|0|0|0|0|1|1|0|0|1|0|B|1A8J|1A9J|I4
PO|7E|1|4|S|L|N|0|0|0|0|0|0|1|1|0|0|1|0|B|1A9J|1AB1|I4
PP|7F|1|4|S|D|N|0|0|0|1|0|0|1|1|0|0|1|0|B|1AB3|1ACX|I5
PP|7F|1|4|S|1|N|0|0|0|0|0|0|1|1|0|0|1|0|B|1ACX|1AE9|I5
PP|7F|1|4|S|1|N|0|0|0|0|0|0|1|1|0|0|1|0|B|1AE9|1AF6|I5
PQ|7G|1|4|Y|1|N|0|0|0|0|0|0|1|1|0|0|1|0|B|1AF8|1AGZ|I6
PQ|7G|1|4|D|1|Y|1|0|0|0|0|0|1|1|0|0|1|6|D|1AGZ|1AI8|I6
PR|7H|1|4|D|1|Y|1|0|0|0|0|0|1|1|0|0|1|6|D|1AIA|1AKA|I7
PS|7I|1|4|S|1|N|0|0|0|0|0|0|1|1|0|0|1|0|B|1AKC|1AL9|I8
PS|7I|1|4|S|3|N|0|0|0|0|0|0|1|1|0|0|1|0|B|1AL9|1AMF|I8
PS|7I|1|4|S|3|N|0|0|0|0|0|0|1|1|0|8|7|E|B|1AMF|1ANR|I8
PV|7J|1|4|H|3|N|0|A|0|0|0|0|1|1|0|0|1|2|0|1APP|1AQY|I9
PY|7K|1|4|H|1|N|0|0|0|0|0|0|1|1|0|0|1|2|0|1ASW|1ATE|IA
PZ|7K|1|4|S|1G|N|0|0|0|0|0|0|1|1|0|0|1|0|B|1ATG|1AVP|IB
Q1|7L|1|4|H|C|N|0|0|0|0|0|0|1|1|0|0|1|2|0|1AVT|1AWT|IC
Q2|7L|1|4|S|1|N|0|0|0|0|0|0|1|1|0|0|1|0|B|1AWV|1AZ3|ID
Q3|7L|1|4|S|N|N|0|0|0|0|0|0|1|1|0|0|1|0|B|1AZ5|1B14|IE
Q4|7L|1|4|S|2B|N|0|0|0|0|0|0|1|1|0|0|1|0|B|1B16|1B38|IF
Q4|7L|1|4|S|2C|N|0|0|0|0|0|0|1|1|0|0|1|0|B|1B38|1B4T|IF
Q6|7M|1|4|H|1|N|6|0|0|0|0|0|1|1|0|0|1|2|0|1B4X|1B5O|IG
Q7|7M|1|4|S|1|N|6|0|0|0|0|0|1|1|0|0|1|0|B|1B5Q|1B7D|IH
Q7|7M|1|4|S|L|N|0|0|0|0|E|0|1|1|0|0|1|0|B|1B7D|1BCD|IH
Q7|7M|1|4|S|1|N|0|0|0|0|0|0|1|1|0|0|1|0|B|1BCD|1BDS|IH
Q9|7N|1|4|H|1|N|0|0|0|0|0|0|1|1|0|0|1|2|0|1BDW|1BEE|II
QA|7N|1|4|S|3|N|0|0|0|0|0|0|1|1|0|0|1|0|B|1BEG|1BGF|IJ
QB|7N|1|4|S|6|N|0|0|0|0|0|0|1|1|0|0|1|0|B|1BGH|1BHG|IK
QC|7N|1|4|S|D|N|0|0|0|1|8|0|1|1|0|0|1|0|B|1BHI|1BJ8|IL
QE|7O|1|4|H|1|N|0|0|0|0|0|0|1|1|1|0|1|2|0|1BJC|1BJX|IM
QF|7O|1|4|S|3|N|0|0|0|0|0|0|1|1|1|13|Q|E|B|1BJZ|1BLN|IN
QF|7O|1|4|S|1|N|0|0|0|0|0|0|1|1|0|0|1|0|B|1BLN|1BME|IN
QH|7P|1|4|H|1|L|1|0|0|0|0|0|1|1|0|0|1|9|0|1BMI|1BN0|IO
QI|7Q|1|4|S|4|N|0|0|0|0|0|0|1|1|0|0|1|0|B|1BN2|1BOT|IP
QJ|7R|1|4|Y|1|N|0|0|0|0|0|0|1|1|0|0|1|0|B|1BOV|1BPY|IQ
QJ|7R|1|4|Y|3|N|0|0|0|0|0|0|1|1|0|0|1|0|B|1BPY|1BRM|IQ
QJ|7R|1|4|Y|1|N|0|0|0|0|0|0|1|1|0|0|1|0|B|1BRM|1BSJ|IQ
QK|7S|1|4|S|16|N|0|0|0|0|V|0|1|1|0|0|1|0|B|1BSL|1BV6|IR
QK|7S|1|4|S|A|N|0|0|0|0|0|0|1|1|0|0|1|0|B|1BV6|1BWR|IR
QL|7T|1|4|D|3|Y|1|L|0|A|0|0|1|1|0|0|1|6|D|1BWT|1C0H|IS
QM|7T|1|4|S|3|N|0|0|0|1|0|0|1|1|0|0|1|0|B|1C0J|1C2P|IT
QM|7T|1|4|S|1|N|0|0|0|0|0|0|1|1|0|0|1|0|B|1C2P|1C4G|IT
QM|7T|1|4|S|1|N|0|0|0|0|0|0|1|1|0|0|1|0|B|1C4G|1C5G|IT
QM|7T|1|4|S|1|N|0|0|0|0|0|0|1|1|0|0|1|0|B|1C5G|1C6G|IT
QN|7U|1|4|S|10|N|0|0|0|2|0|0|1|1|0|0|1|0|B|1C6I|1C9L|IU
QO|7V|1|4|S|3|N|6|0|0|2|W|0|1|1|0|0|1|0|B|1C9N|1CCK|IV
QP|7W|1|4|Y|1|N|0|0|0|0|0|0|1|1|0|0|1|0|B|1CCM|1CEA|IW
QP|7W|1|4|D|1|Y|1|0|0|0|0|0|1|1|0|0|1|6|D|1CEA|1CG4|IW
QS|7X|1|4|H|3|N|0|8|0|0|0|0|1|1|0|0|1|2|0|1CI2|1CJB|IX
QV|7X|1|4|Y|1|N|0|0|0|0|0|0|1|1|0|0|1|0|B|1CL9|1CM0|IY
QV|7X|1|4|Y|2D|N|5|0|0|2|K|0|1|1|0|4|2|E|B|1CM0|1CPI|IY
QX|7Y|1|4|H|1|N|0|0|0|0|0|0|1|1|0|0|1|2|0|1CPM|1CQ4|IZ
QY|7Y|1|4|S|1|N|0|0|0|0|0|0|1|1|0|0|1|0|B|1CQ6|1CQQ|J0
QY|7Y|1|4|S|6|N|0|0|0|0|0|0|1|1|0|0|1|0|B|1CQQ|1CRE|J0
QY|7Y|1|4|S|I|N|0|0|0|0|0|0|1|1|0|0|1|0|B|1CRE|1CSB|J0
QZ|7Y|1|4|S|A|N|0|0|0|0|0|0|1|1|0|0|1|0|B|1CSD|1CUR|J1
QZ|7Y|1|4|S|D|N|5|0|0|9|L|0|1|1|0|0|1|0|B|1CUR|1CWF|J1
R1|7Z|1|4|H|1|N|0|K|0|0|0|0|1|1|0|0|1|2|0|1CWJ|1CX7|J2
R2|7Z|1|4|S|L|N|0|0|0|1|0|0|1|1|0|0|1|0|B|1CX9|1CYQ|J3
R2|7Z|1|4|S|3|N|0|0|0|0|0|0|1|1|0|0|1|0|B|1CYQ|1CZZ|J3
R4|80|1|4|H|1|N|0|8|0|0|0|0|1|1|0|0|1|2|0|1D03|1D0R|J4
R5|80|1|4|S|L|N|0|0|0|1|0|0|1|1|0|10|N|D|B|1D0T|1D2S|J5
R7|81|1|4|H|1|N|0|0|0|0|0|0|1|1|0|0|1|2|0|1D2W|1D3K|J6
R8|81|1|4|S|3|N|0|0|0|0|0|0|1|1|0|0|1|0|B|1D3M|1D50|J7
R8|81|1|4|S|13|N|0|0|0|1|X|0|1|1|0|0|1|0|B|1D50|1D73|J7
R9|81|1|4|S|3|N|0|0|0|0|1|0|1|1|0|0|1|0|B|1D75|1D8A|J8
RA|81|1|4|S|L|N|0|0|0|1|0|0|1|1|0|14|R|D|B|1D8C|1DAB|J9
RC|82|1|4|H|1|N|0|0|0|0|0|0|1|1|0|0|1|2|0|1DAF|1DB0|JA
RD|82|1|4|D|1K|C|0|0|0|0|0|0|1|1|0|0|1|6|D|1DB2|1DDM|JB
RD|82|1|4|S|2E|N|0|0|0|0|0|0|1|1|0|0|1|0|B|1DDM|1DFV|JB
RE|82|1|4|S|L|N|6|0|0|0|I|0|1|1|0|0|1|0|B|1DFX|1DKE|JC
RG|83|1|4|H|1|N|0|0|0|0|0|0|1|1|0|0|1|2|0|1DKI|1DL0|JD
RH|83|1|4|S|7|N|0|0|0|0|0|0|1|1|0|0|1|0|B|1DL2|1DMY|JE
RH|83|1|4|S|1|N|0|0|0|0|0|0|1|1|0|0|1|0|B|1DMY|1DNM|JE
RI|83|1|4|S|L|N|0|0|0|0|0|0|1|1|0|0|1|0|B|1DNO|1DP8|JF
RI|83|1|4|S|1|N|0|0|0|1|0|0|1|1|0|0|1|0|B|1DP8|1DQE|JF
RJ|83|1|4|S|3|N|0|0|0|0|0|0|1|1|0|0|1|0|B|1DQG|1DRO|JG
RL|84|1|4|H|1|N|0|0|0|0|0|0|1|1|1|0|1|2|0|1DRS|1DS4|JH
RM|84|1|4|S|1|N|0|0|0|0|0|0|1|1|0|0|1|0|B|1DS6|1DT6|JI
RO|85|1|4|H|1|D|1|0|0|0|0|0|1|1|0|0|1|9|0|1DTA|1DTS|JJ
RP|85|1|4|S|2F|N|0|0|0|0|0|0|1|1|0|0|1|0|B|1DTU|1DVQ|JK
RQ|85|1|4|S|1|N|0|0|0|1|0|0|1|1|0|15|5|E|B|1DVS|1DX3|JL
RQ|85|1|4|S|D|N|0|0|0|0|0|0|1|1|0|0|1|0|B|1DX3|1DY6|JL
RS|86|1|4|H|1|L|1|0|0|0|0|0|1|1|0|0|1|9|0|1DYA|1DYS|JM
RT|87|1|4|S|1|N|0|0|0|0|0|0|1|1|0|0|1|0|B|1DYU|1DZU|JN
RT|87|1|4|S|3|N|0|0|0|0|0|0|1|1|0|0|1|0|B|1DZU|1E0O|JN
RT|87|1|4|S|3|N|0|0|0|0|0|0|1|1|0|0|1|0|B|1E0O|1E29|JN
RU|88|1|4|S|1|N|0|K|0|0|0|0|1|1|0|0|1|0|B|1E2B|1E48|JO
RU|88|1|4|S|1|N|0|8|0|0|1|0|1|1|0|0|1|0|B|1E48|1E5Q|JO
RV|89|1|4|S|1|N|0|8|0|0|0|0|1|1|0|0|1|0|B|1E5S|1E84|JP
RW|8A|1|4|Y|1|N|0|0|0|0|0|0|1|1|0|0|1|0|B|1E86|1EA6|JQ
RW|8A|1|4|D|1|Y|1|0|0|0|0|0|1|1|0|0|1|6|D|1EA6|1ECF|JQ
RZ|8B|1|4|H|1|N|0|9|0|0|0|0|1|1|0|0|1|2|0|1EED|1EFD|JR
S2|8C|1|4|H|1|N|0|0|0|0|0|0|1|1|0|0|1|2|0|1EHB|1EHT|JS
S3|8C|1|4|S|1|N|6|0|0|0|0|0|1|1|0|0|1|0|B|1EHV|1EIF|JT
S3|8C|1|4|S|6|N|0|0|0|0|0|0|1|1|0|0|1|0|B|1EIF|1EL6|JT
S4|8C|1|4|S|1|N|0|0|0|0|0|0|1|1|0|0|1|0|B|1EL8|1EMY|JU
S4|8C|1|4|S|2G|N|0|0|0|0|0|0|1|1|0|0|1|0|B|1EMY|1EPV|JU
S6|8D|1|4|H|1|N|0|0|0|0|2|0|1|1|0|0|1|2|0|1EPZ|1EQH|JV
S7|8D|1|4|S|1|N|5|3|0|0|2|0|1|1|0|0|1|0|B|1EQJ|1ET1|JW
S9|8E|1|4|H|1|N|0|0|0|0|0|0|1|1|0|0|1|2|0|1ET5|1ETW|JX
SA|8E|1|4|S|O|N|0|0|0|0|0|0|1|1|0|0|1|0|B|1ETY|1EVF|JY
SA|8E|1|4|D|1|C|0|0|0|0|0|0|1|1|0|0|1|6|D|1EVF|1EYI|JY
SB|8E|1|4|S|2H|N|0|0|0|0|0|0|1|1|0|0|1|0|B|1EYK|1F24|JZ
SD|8F|1|4|H|1|N|0|0|0|0|0|0|1|1|0|0|1|2|0|1F28|1F2Q|K0
SE|8F|1|4|S|1|N|0|0|0|2|0|0|1|1|0|0|1|0|B|1F2S|1F63|K1
SF|8F|1|4|S|1|N|0|0|0|4|0|0|1|1|0|0|1|0|B|1F65|1F7A|K2
SG|8F|1|4|S|D|N|0|0|0|4|0|0|1|1|0|0|1|0|B|1F7C|1FA5|K3
SG|8F|1|4|S|2I|N|0|0|0|0|Y|0|1|1|0|0|1|0|B|1FA5|1FCK|K3
SG|8F|1|4|S|3|N|0|0|0|0|6|0|1|1|0|0|1|0|B|1FCK|1FDT|K3
SH|8F|1|4|S|C|N|0|0|0|0|6|0|1|1|0|0|1|0|B|1FDV|1FFI|K4
SI|8F|1|4|S|C|N|0|0|4|5|0|0|1|1|0|0|1|0|B|1FFK|1FGS|K5
SI|8F|1|4|S|3|N|0|0|0|0|0|0|1|1|0|0|1|0|B|1FGS|1FHV|K5
SI|8F|1|4|S|4|N|0|0|0|0|0|0|1|1|0|0|1|0|B|1FHV|1FIV|K5
SK|8G|1|4|H|1|N|0|0|0|0|0|0|1|1|0|16|G|R|0|1FIZ|1FJK|K6
SL|8G|1|4|S|D|N|0|0|0|8|H|0|1|1|0|0|1|0|B|1FJM|1FN0|K7
SM|8G|1|4|D|1M|C|6|0|0|1|E|0|1|1|0|0|1|O|D|1FN2|1FQG|K8
SM|8G|1|4|S|1|N|0|0|0|0|0|0|1|1|0|16|G|D|B|1FQG|1FSM|K8
SM|8G|1|4|D|H|C|0|0|0|0|0|0|1|1|0|0|1|6|D|1FSM|1FTS|K8
SO|8H|1|4|H|1|N|0|0|0|0|0|0|1|1|1|0|1|2|0|1FTW|1FU8|K9
SP|8H|1|4|S|1|N|0|0|0|0|0|0|1|1|0|0|1|0|B|1FUA|1FV0|KA
SP|8H|1|4|S|I|N|0|0|0|0|0|0|1|1|0|0|1|0|B|1FV0|1FWI|KA
SQ|8H|1|4|D|3|C|0|0|0|0|0|0|1|1|0|0|1|L|D|1FWK|1FYA|KB
SS|8I|1|4|H|1|D|1|0|0|0|0|0|1|1|0|0|1|9|0|1FYE|1FYW|KC
ST|8I|1|4|S|2|N|0|0|0|0|0|0|1|1|0|0|1|0|B|1FYY|1G09|KD
ST|8I|1|4|S|19|N|0|0|0|0|0|0|1|1|0|0|1|0|B|1G09|1G19|KD
SU|8I|1|4|S|L|N|0|0|0|1|0|0|1|1|0|0|1|0|B|1G1B|1G2V|KE
SU|8I|1|4|S|1|N|0|0|0|0|0|0|1|1|0|0|1|0|B|1G2V|1G3M|KE
SW|8J|1|4|H|1|L|1|0|0|0|0|0|1|1|0|0|1|9|0|1G3Q|1G48|KF
SX|8K|1|4|S|3|N|0|0|0|0|0|0|1|1|0|0|1|0|B|1G4A|1G4Y|KG
SX|8K|1|4|S|4|N|0|0|0|0|0|0|1|1|0|0|1|0|B|1G4Y|1G67|KG
SY|8L|1|4|S|1|N|0|3|0|0|0|0|1|1|0|0|1|0|B|1G69|1G83|KH
SY|8L|1|4|D|1|Y|1|0|0|0|0|0|1|1|0|0|1|6|D|1G83|1G8U|KH
SZ|8M|1|4|S|4|N|0|0|0|0|0|0|1|1|0|I|E|E|B|1G8W|1GAW|KI
SZ|8M|1|4|S|3|N|0|0|0|0|0|0|1|1|0|I|E|E|B|1GAW|1GCB|KI
T2|8N|1|4|H|3|N|0|7|0|0|0|0|1|1|0|0|1|2|0|1GE9|1GFI|KJ
T5|8N|1|4|Y|C|N|0|0|0|0|0|0|1|1|0|0|1|0|B|1GHG|1GJJ|KK
T7|8O|1|4|H|1|N|0|0|0|0|0|0|1|1|0|0|1|2|0|1GJN|1GK5|KL
T8|8O|1|4|S|3|N|0|0|0|0|0|0|1|1|0|0|1|0|B|1GK7|1GLU|KM
T8|8O|1|4|S|C|N|0|0|0|2|9|0|1|1|0|0|1|0|B|1GLU|1GPX|KM
T9|8O|1|4|S|D|N|0|0|0|0|0|0|1|1|0|0|1|0|B|1GPZ|1GRJ|KN
TA|8O|1|4|S|L|N|0|0|0|8|0|0|1|1|0|0|1|0|B|1GRL|1GWQ|KO
TA|8O|1|4|S|3|N|0|0|0|0|0|0|1|1|0|0|1|0|B|1GWQ|1GXT|KO
TC|8P|1|4|H|1|N|0|0|0|0|0|0|1|1|0|0|1|2|0|1GXX|1GYI|KP
TD|8P|1|4|S|8|N|0|0|0|0|0|0|1|1|0|0|1|0|B|1GYK|1GZ1|KQ
TD|8P|1|4|S|P|N|0|0|0|0|0|0|1|1|0|0|1|7|B|1GZ1|1H17|KQ
TF|8Q|1|4|H|1|N|0|0|0|0|0|0|1|1|1|0|1|2|0|1H1B|1H1N|KR
TG|8Q|1|4|S|1|N|0|0|0|0|0|0|1|1|1|0|1|0|B|1H1P|1H2C|KS
TG|8Q|1|4|S|Y|N|0|0|0|0|5|0|1|1|0|0|1|0|B|1H2C|1H4C|KS
TI|8R|1|4|H|1|D|1|0|0|0|0|0|1|1|0|0|1|9|0|1H4G|1H4Y|KT
TJ|8R|1|4|S|1|N|0|0|0|0|0|0|1|1|0|0|1|0|B|1H50|1H5N|KU
TJ|8R|1|4|S|1|N|0|0|0|0|0|0|1|1|0|0|1|0|B|1H5N|1H75|KU
TK|8R|1|4|S|C|N|0|0|0|1|0|0|1|1|0|17|S|E|B|1H77|1H8F|KV
TK|8R|1|4|S|2J|N|0|0|0|0|8|0|1|1|0|14|R|D|B|1H8F|1H9I|KV
TM|8S|1|4|H|1|L|1|0|0|0|0|0|1|1|0|0|1|9|0|1H9M|1HA4|KW
TN|8T|1|4|S|3|N|0|0|0|0|0|0|1|1|0|0|1|0|B|1HA6|1HB9|KX
TN|8T|1|4|S|L|N|0|0|0|0|0|0|1|1|0|0|1|0|B|1HB9|1HD9|KX
TO|8U|1|4|S|O|N|0|0|0|0|0|0|1|1|0|0|1|0|B|1HDB|1HF8|KY
TP|8U|1|4|S|1|N|0|7|0|0|0|0|1|1|0|0|1|0|B|1HFA|1HG1|KZ
TP|8U|1|4|S|2K|N|0|0|2|0|0|0|1|1|0|0|1|0|B|1HG1|1HIG|KZ
TP|8U|1|4|S|1Y|N|0|0|0|3|0|0|1|1|0|0|1|0|B|1HIG|1HL4|KZ
TP|8U|1|4|S|O|N|0|0|0|1|0|0|1|1|0|0|1|0|B|1HL4|1HMS|KZ
TQ|8V|1|4|Y|1|N|0|0|0|0|0|0|1|1|0|0|1|0|B|1HMU|1HOI|L0
TQ|8V|1|4|D|1|Y|1|0|0|0|0|0|1|1|0|0|1|6|D|1HOI|1HQO|L0
TT|8W|1|4|H|1|L|1|0|0|0|0|0|1|1|0|0|1|9|0|1HS0|1HSX|L1
TW|8X|1|4|Y|1|N|0|0|0|0|0|0|1|1|0|0|1|0|B|1HU9|1HUU|L2
TW|8X|1|4|Y|1|N|0|0|0|0|0|0|1|1|0|0|1|0|B|1HUU|1HWU|L2
TW|8X|1|4|Y|O|N|0|0|0|0|0|0|1|1|0|0|1|0|B|1HWU|1HY0|L2
TX|8X|1|4|Y|1|N|0|I|0|0|0|0|1|1|0|0|1|0|B|1HY2|1HZB|L3
TX|8X|1|4|Y|1|N|0|9|0|0|0|0|1|1|0|0|1|0|B|1HZB|1I08|L3
TX|8X|1|4|Y|1|N|0|6|0|0|0|0|1|1|0|0|1|0|B|1I08|1I1H|L3
TX|8X|1|4|Y|8|N|0|3|0|0|0|0|1|1|0|0|1|0|B|1I1H|1I3W|L3
TY|8Y|1|4|S|2K|N|0|0|0|0|0|0|1|1|1|0|1|7|B|1I3Y|1I57|L4
TY|8Y|1|4|S|1|N|0|0|0|0|0|0|1|1|0|0|1|0|B|1I57|1I67|L4
TY|8Y|1|4|S|1|N|0|0|0|0|0|0|1|1|1|F|C|E|B|1I67|1I81|L4
U1|8Y|1|5|D|1|L|1|0|0|0|0|0|1|1|0|0|1|6|D|1I9D|1IBB|L5
U4|8Z|1|5|H|1|N|0|0|0|0|0|0|1|1|0|0|1|2|0|1ICN|1ICZ|L6
U5|8Z|1|5|S|1|N|0|0|0|0|0|0|1|1|0|0|1|0|B|1ID1|1IED|L7
U5|8Z|1|5|S|L|N|0|0|0|0|0|0|1|1|0|0|1|0|B|1IED|1IFV|L7
U5|8Z|1|5|S|X|N|0|0|0|1|0|0|1|1|0|0|1|0|B|1IFV|1IHY|L7
U8|90|1|5|H|1|N|0|0|0|0|0|0|1|1|0|0|1|2|0|1IJA|1IKG|L8
UC|91|1|5|H|3|N|0|1|0|0|0|0|1|1|0|0|1|2|0|1INM|1IOV|L9
UF|91|1|5|Y|1|N|0|B|6|0|0|0|1|1|0|0|1|0|B|1IQT|1IST|LA
UH|92|1|5|H|1|N|0|2|1|0|0|0|1|1|0|0|1|2|0|1ISX|1ITR|LB
UI|92|1|5|S|1|N|0|0|0|0|0|0|1|1|0|0|1|0|B|1ITT|1IVP|LC
UI|92|1|5|S|1|N|0|0|0|0|0|0|1|1|0|0|1|0|B|1IVP|1IXP|LC
UJ|92|1|5|S|D|N|0|0|0|0|0|0|1|1|0|0|1|0|B|1IXR|1J1Z|LD
UK|92|1|5|S|3|N|0|0|0|0|0|0|1|1|0|0|1|0|B|1J21|1J49|LE
UL|92|1|5|S|L|N|0|0|0|0|1|0|1|1|0|0|1|0|B|1J4B|1J7J|LF
UN|93|1|5|H|1|N|0|1|0|0|0|0|1|1|0|0|1|2|0|1J7N|1J8H|LG
UO|93|1|5|S|D|N|0|0|2|0|0|0|1|1|3|0|1|0|B|1J8J|1JBR|LH
UP|93|1|5|S|3|N|0|0|0|0|1|0|1|1|0|0|1|0|B|1JBT|1JEP|LI
UP|93|1|5|S|A|N|0|0|0|0|0|0|1|1|0|6|2|E|B|1JEP|1JFS|LI
UP|93|1|5|S|4|N|0|0|0|0|0|0|1|1|0|0|1|0|B|1JFS|1JHV|LI
UP|93|1|5|S|A|N|0|0|0|0|0|0|1|1|0|0|1|0|B|1JHV|1JIY|LI
UP|93|1|5|S|12|N|0|0|0|0|0|0|1|1|0|0|1|0|B|1JIY|1JKV|LI
UR|94|1|5|H|1|N|0|0|0|0|0|0|1|1|0|0|1|2|0|1JKZ|1JLH|LJ
US|94|1|5|S|1|N|0|0|0|0|0|0|1|1|0|0|1|0|B|1JLJ|1JNJ|LK
US|94|1|5|S|1|N|0|0|0|0|0|0|1|1|0|0|1|0|B|1JNJ|1JOD|LK
UT|94|1|5|S|7|N|0|0|0|0|0|0|1|1|0|0|1|0|B|1JOF|1JS2|LL
UU|94|1|5|S|L|N|0|0|0|1|0|0|1|1|0|0|1|0|B|1JS4|1JV3|LM
UW|95|1|5|H|1|N|0|0|0|0|0|0|1|1|0|0|1|2|0|1JV7|1JVP|LN
UX|95|1|5|S|I|N|0|0|0|2|0|0|1|1|0|0|1|0|B|1JVR|1JYB|LO
UY|95|1|5|S|7|N|0|0|0|8|0|0|1|1|0|0|1|0|B|1JYD|1K23|LP
UZ|95|1|5|S|C|N|0|0|0|7|0|0|1|1|0|0|1|0|B|1K25|1K54|LQ
V0|95|1|5|S|I|N|0|0|0|4|0|0|1|1|0|0|1|0|B|1K56|1K7H|LR
V0|95|1|5|S|D|N|0|0|0|0|0|0|1|1|1|0|1|0|B|1K7H|1K8T|LR
V1|95|1|5|S|1|N|0|0|0|1|0|0|1|1|0|0|1|0|B|1K8V|1KA0|LS
V1|95|1|5|S|1|N|0|2|0|1|0|0|1|1|0|0|1|0|B|1KA0|1KAX|LS
V1|95|1|5|S|14|N|0|1|0|1|0|0|1|1|0|0|1|0|B|1KAX|1KDF|LS
V2|95|1|5|S|D|N|0|0|0|5|0|0|1|1|0|0|1|0|B|1KDH|1KFG|LT
V2|95|1|5|S|10|N|0|0|0|0|0|0|1|1|0|0|1|0|B|1KFG|1KIA|LT
V4|96|1|5|H|1|D|1|0|0|0|0|0|1|1|0|0|1|9|0|1KIE|1KIW|LU
V5|96|1|5|S|1|N|0|0|0|0|0|0|1|1|0|0|1|0|B|1KIY|1KKA|LV
V5|96|1|5|S|3|N|0|0|0|0|0|0|1|1|0|0|1|0|B|1KKA|1KL4|LV
V5|96|1|5|S|X|N|0|0|0|0|0|0|1|1|0|0|1|0|B|1KL4|1KM4|LV
V7|97|1|5|H|1|L|1|0|0|0|0|0|1|1|0|0|1|9|0|1KM8|1KMQ|LW
V8|98|1|5|Y|C|N|0|B|2|0|0|0|1|1|0|0|1|0|B|1KMS|1KOY|LX
V8|98|1|5|Y|X|N|0|0|0|0|0|0|1|1|0|0|1|0|B|1KOY|1KRA|LX
V8|98|1|5|Y|4|N|0|0|0|0|0|0|1|1|0|0|1|0|B|1KRA|1KS4|LX
V9|98|1|5|Y|3|N|0|1|0|0|1|0|1|1|0|0|1|0|B|1KS6|1KTU|LY
V9|98|1|5|Y|D|N|0|0|0|B|0|0|1|1|0|0|1|0|B|1KTU|1KWU|LY
V9|98|1|5|Y|2|N|0|0|0|0|0|0|1|1|0|A|9|E|B|1KWU|1KYF|LY
V9|98|1|5|Y|2L|N|0|0|0|0|0|0|1|1|0|0|1|0|B|1KYF|1KZC|LY
VA|98|1|5|Y|1I|N|0|M|0|0|0|0|1|1|0|0|1|0|B|1KZE|1L32|LZ
VA|98|1|5|Y|3|N|0|0|0|0|0|0|1|1|1|0|1|0|B|1L32|1L4W|LZ
VA|98|1|5|Y|1|N|0|B|0|0|0|0|1|1|0|0|1|0|B|1L4W|1L6Z|LZ
VB|98|1|5|Y|G|N|0|0|0|1|0|0|1|1|0|0|1|0|B|1L71|1L81|M0
VB|98|1|5|D|U|D|1|0|0|0|0|0|1|1|0|0|1|6|D|1L81|1LAP|M0
VB|98|1|5|Y|1|N|0|0|0|B|0|0|1|1|0|0|1|0|B|1LAP|1LDV|M0
VB|98|1|5|Y|1|N|0|0|0|0|0|0|1|1|1|0|1|0|B|1LDV|1LF4|M0
VC|99|1|5|D|3|Y|1|0|0|0|0|0|1|1|0|0|1|6|D|1LF6|1LG9|M1
VC|99|1|5|D|4|Y|1|0|0|0|0|0|1|1|0|0|1|6|D|1LG9|1LIL|M1
VF|9A|1|5|H|3|N|0|3|0|0|0|0|1|1|0|0|1|2|0|1LKJ|1LLS|M2
VI|9A|1|5|Y|4|N|0|0|0|0|0|0|1|1|0|0|1|0|B|1LNQ|1LPT|M3
VI|9A|1|5|Y|1|N|0|0|0|0|0|0|1|1|0|0|1|0|B|1LPT|1LQT|M3
VI|9A|1|5|Y|1|N|0|0|0|0|0|0|1|1|1|0|1|0|B|1LQT|1LTE|M3
VI|9A|1|5|Y|3|N|0|0|0|0|0|0|1|1|0|0|1|0|B|1LTE|1LUW|M3
VK|9B|1|5|H|1|N|0|0|0|0|0|0|1|1|0|0|1|2|0|1LV0|1LVI|M4
VL|9B|1|5|S|24|N|0|0|0|0|H|0|1|1|0|0|1|0|B|1LVK|1LXD|M5
VL|9B|1|5|S|L|N|8|0|0|0|7|0|1|1|0|0|1|0|B|1LXD|1LZD|M5
VM|9B|1|5|S|7|N|0|0|0|0|0|0|1|1|0|0|1|0|B|1LZF|1M18|M6
VM|9B|1|5|S|C|N|0|0|0|0|0|0|1|1|0|0|1|0|B|1M18|1M35|M6
VN|9B|1|5|D|2M|C|0|0|0|0|0|0|1|1|0|0|1|6|D|1M37|1M5R|M7
VP|9C|1|5|H|1|N|0|0|0|0|0|0|1|1|0|0|1|2|0|1M5V|1M6P|M8
VQ|9C|1|5|S|L|N|5|0|0|0|Z|0|1|1|0|0|1|0|B|1M6R|1M93|M9
VQ|9C|1|5|S|5|N|6|0|0|0|0|0|1|1|0|0|1|H|B|1M93|1MAI|M9
VQ|9C|1|5|S|1|N|0|0|0|0|Z|0|1|1|0|0|1|0|B|1MAI|1MD0|M9
VR|9C|1|5|S|7|N|0|0|0|0|0|0|1|1|0|0|1|0|B|1MD2|1MF7|MA
VS|9C|1|5|S|L|N|0|0|0|0|0|0|1|1|0|0|1|0|B|1MF9|1MHK|MB
VU|9D|1|5|H|1|N|0|0|0|0|0|0|1|1|0|0|1|2|0|1MHO|1MI9|MC
VV|9D|1|5|S|1|N|0|J|0|0|0|0|1|1|0|0|1|0|B|1MIB|1MKT|MD
VV|9D|1|5|S|1|N|0|J|0|0|0|0|1|1|0|0|1|0|B|1MKT|1MME|MD
VW|9D|1|5|S|1|N|0|0|0|0|0|0|1|1|0|0|1|0|B|1MMG|1MNS|ME
VX|9D|1|5|S|3|N|5|0|0|0|0|0|1|1|0|0|1|0|B|1MNU|1MQZ|MF
VY|9D|1|5|S|1|N|0|0|0|0|0|0|1|1|0|0|1|0|B|1MR1|1MSX|MG
VZ|9D|1|5|S|J|N|0|J|0|0|H|0|1|1|0|0|1|0|B|1MSZ|1MVG|MH
VZ|9D|1|5|S|C|N|0|0|0|0|0|0|1|1|0|0|1|0|B|1MVG|1MX4|MH
W1|9E|1|5|H|1|N|0|0|0|0|0|0|1|1|0|0|1|2|0|1MX8|1MXQ|MI
W2|9E|1|5|S|1|N|0|0|0|2|0|0|1|1|0|0|1|0|B|1MXS|1MYO|MJ
W3|9E|1|5|S|1|N|0|0|0|2|0|0|1|1|0|0|1|0|B|1MYQ|1MZM|MK
W4|9E|1|5|S|1|N|0|0|0|C|0|0|1|1|0|0|1|0|B|1MZO|1N18|ML
W4|9E|1|5|S|I|N|0|0|0|0|0|0|1|1|0|0|1|0|B|1N18|1N45|ML
W5|9E|1|5|S|1|N|0|0|0|4|0|0|1|1|0|0|1|0|B|1N47|1N66|MM
W5|9E|1|5|S|J|N|0|0|0|4|0|0|1|1|0|0|1|0|B|1N66|1N9C|MM
W6|9E|1|5|S|1|N|0|0|0|1|0|0|1|1|0|0|1|0|B|1N9E|1NAG|MN
W8|9F|1|5|H|1|D|1|0|0|0|0|0|1|1|0|0|1|9|0|1NAK|1NB2|MO
W9|9F|1|5|S|D|N|5|0|0|0|0|0|1|1|0|0|1|0|B|1NB4|1ND1|MP
W9|9F|1|5|S|1|N|0|0|0|0|0|0|1|1|0|0|1|0|B|1ND1|1NDS|MP
W9|9F|1|5|S|L|N|0|0|0|0|0|0|1|1|0|3|4|E|B|1NDS|1NFV|MP
WB|9G|1|5|H|1|L|1|0|0|0|0|0|1|1|0|0|1|9|0|1NFZ|1NGH|MQ
WC|9H|1|5|Y|O|N|0|0|0|0|0|0|1|1|0|0|1|0|B|1NGJ|1NJ4|MR
WC|9H|1|5|Y|7|N|0|0|0|1|0|0|1|1|0|0|1|0|B|1NJ4|1NKA|MR
WC|9H|1|5|Y|1|N|0|0|0|1|0|0|1|1|0|0|1|0|B|1NKA|1NM1|MR
WD|9I|1|5|S|I|N|0|0|0|2|0|0|1|1|0|0|1|0|B|1NM3|1NNI|MS
WD|9I|1|5|S|2N|N|0|0|0|4|0|0|1|1|0|0|1|0|B|1NNI|1NQI|MS
WE|9I|1|5|S|3|N|0|0|0|1|0|0|1|1|0|0|1|0|B|1NQK|1NS2|MT
WE|9I|1|5|S|1|N|0|0|0|D|0|0|1|1|0|0|1|0|B|1NS2|1NTQ|MT
WE|9I|1|5|S|2O|N|0|N|0|0|1|0|1|1|0|0|1|0|B|1NTQ|1NXW|MT
WF|9J|1|5|D|1|D|1|0|0|0|0|0|1|1|0|0|1|6|D|1NXY|1O1A|MU
WG|9K|1|5|Y|X|N|0|0|0|0|6|0|1|1|0|0|1|0|B|1O1C|1O3F|MV
WG|9K|1|5|Y|1|N|0|0|0|0|0|0|1|1|1|0|1|0|B|1O3F|1O5C|MV
WJ|9L|1|5|H|3|N|0|A|0|0|0|0|1|1|0|0|1|2|0|1O7A|1O8J|MW
WM|9L|1|5|Y|1|N|0|0|0|0|0|0|1|1|0|0|1|0|B|1OAH|1OBH|MX
WM|9L|1|5|Y|I|N|0|0|0|0|0|0|1|1|0|0|1|0|B|1OBH|1OD5|MX
WM|9L|1|5|Y|1|N|0|0|0|0|0|0|1|1|0|0|1|0|B|1OD5|1OF8|MX
WM|9L|1|5|Y|T|N|0|0|0|0|0|0|1|1|0|0|1|0|B|1OF8|1OIB|MX
WO|9M|1|5|H|1|N|0|0|0|0|0|0|1|1|0|0|1|2|0|1OIF|1OJ0|MY
WP|9M|1|5|S|3|N|0|0|0|0|0|0|1|1|0|0|1|0|B|1OJ2|1OJP|MZ
WQ|9M|1|5|S|1|N|0|0|0|2|I|0|1|1|0|0|1|0|B|1OJR|1OKQ|N0
WR|9M|1|5|S|1|N|0|0|0|0|0|0|1|1|0|0|1|0|B|1OKS|1ON6|N1
WS|9M|1|5|S|2P|N|0|0|0|0|0|0|1|1|0|0|1|0|B|1ON8|1OQ1|N2
WU|9N|1|5|H|1|N|0|0|0|0|0|0|1|1|0|0|1|2|0|1OQ5|1OQN|N3
WV|9N|1|5|S|G|N|0|0|0|2|0|0|1|1|1|0|1|0|B|1OQP|1OTU|N4
WV|9N|1|5|S|I|N|0|0|0|0|0|0|1|1|0|0|1|0|B|1OTU|1OVL|N4
WW|9N|1|5|S|2Q|N|0|0|0|4|0|0|1|1|0|0|1|0|B|1OVN|1OYG|N5
WX|9N|1|5|S|7|N|0|0|0|5|0|0|1|1|0|0|1|0|B|1OYI|1P1T|N6
WX|9N|1|5|S|I|N|0|0|0|5|0|0|1|1|0|0|1|0|B|1P1T|1P2T|N6
WY|9N|1|5|S|X|N|0|0|0|1|0|0|1|1|0|0|1|0|B|1P2V|1P4L|N7
WY|9N|1|5|S|K|N|0|0|0|0|0|0|1|1|0|0|1|0|B|1P4L|1P5C|N7
X0|9O|1|5|H|1|D|1|0|0|0|0|0|1|1|0|0|1|9|0|1P5G|1P5Y|N8
X1|9O|1|5|S|G|N|0|0|0|0|0|0|1|1|0|18|T|Q|B|1P60|1P8W|N9
X2|9O|1|5|S|3|N|0|0|0|0|0|0|1|1|0|19|U|E|B|1P8Y|1PB0|NA
X3|9O|1|5|S|3|N|0|0|0|0|0|0|1|1|0|0|1|0|B|1PB2|1PC7|NB
X5|9P|1|5|H|1|L|1|0|0|0|0|0|1|1|0|0|1|9|0|1PCB|1PCT|NC
X6|9Q|1|5|Y|3|N|0|A|0|0|0|0|1|1|0|0|1|0|B|1PCV|1PEJ|ND
X6|9Q|1|5|Y|C|N|0|0|0|0|0|0|1|1|0|0|1|0|B|1PEJ|1PGG|ND
X6|9Q|1|5|Y|14|N|0|0|0|0|0|0|1|1|0|0|1|0|B|1PGG|1PIM|ND
X7|9R|1|5|S|6|N|0|0|0|0|0|0|1|1|0|0|1|0|B|1PIO|1PJI|NE
X7|9R|1|5|S|6|N|0|0|0|5|0|0|1|1|0|0|1|0|B|1PJI|1PLR|NE
X8|9S|1|5|S|1|N|0|0|0|1|0|0|1|1|0|0|1|0|B|1PLT|1PN8|NF
X9|9T|1|5|D|1|Y|1|0|0|0|0|0|1|1|0|0|1|6|D|1PNA|1PPD|NG
XC|9U|1|5|H|1|N|0|0|0|0|0|0|1|1|0|0|1|2|0|1PRB|1PSE|NH
XF|9U|1|5|S|6|N|6|0|0|0|1|0|1|1|0|0|1|0|B|1PUC|1PXC|NI
XH|9V|1|5|H|1|N|0|0|0|0|0|0|1|1|0|0|1|2|0|1PXG|1PY1|NJ
XI|9V|1|5|S|3|N|0|0|0|0|10|0|1|1|0|0|1|0|B|1PY3|1PZT|NK
XI|9V|1|5|S|2L|N|0|0|0|0|0|0|1|1|0|0|1|0|B|1PZT|1Q1T|NK
XJ|9V|1|5|S|L|N|0|0|0|2|2|0|1|1|0|0|1|0|B|1Q1V|1Q4F|NL
XL|9W|1|5|H|1|N|0|0|0|0|0|0|1|1|1|0|1|2|0|1Q4J|1Q4V|NM
XM|9W|1|5|S|I|N|0|0|0|0|0|0|1|1|0|0|1|0|B|1Q4X|1Q6H|NN
XM|9W|1|5|S|2R|N|0|0|0|0|0|0|1|1|0|0|1|0|B|1Q6H|1Q85|NN
XO|9X|1|5|H|1|N|0|0|0|0|0|0|1|1|0|0|1|2|0|1Q89|1Q8R|NO
XP|9X|1|5|S|1|N|0|0|0|2|0|0|1|1|0|0|1|0|B|1Q8T|1Q9Y|NP
XQ|9X|1|5|S|1|N|0|0|0|4|0|0|1|1|0|0|1|0|B|1QA0|1QB2|NQ
XR|9X|1|5|S|C|N|0|0|0|5|0|0|1|1|0|0|1|0|B|1QB4|1QCO|NR
XR|9X|1|5|S|1|N|0|0|0|5|0|0|1|1|1|0|1|0|B|1QCO|1QE3|NR
XT|9Y|1|5|H|1|D|1|0|0|0|0|0|1|1|0|0|1|9|0|1QE7|1QEP|NS
XU|9Y|1|5|S|1|N|0|0|0|0|0|0|1|1|0|0|1|0|B|1QER|1QFE|NT
XV|9Y|1|5|S|7|N|0|0|0|1|0|0|1|1|0|0|1|0|B|1QFG|1QH0|NU
XW|9Y|1|5|S|1|N|0|0|0|0|0|0|1|1|0|0|1|0|B|1QH2|1QIM|NV
XW|9Y|1|5|S|D|N|0|0|0|0|0|0|1|1|0|0|1|8|B|1QIM|1QJV|NV
XW|9Y|1|5|S|8|N|0|0|0|0|0|0|1|1|0|0|1|0|B|1QJV|1QKS|NV
XY|9Z|1|5|H|1|L|1|0|0|0|0|0|1|1|0|0|1|9|0|1QKW|1QLE|NW
XZ|A0|1|5|Y|1|N|0|8|0|0|0|0|1|1|0|0|1|0|B|1QLG|1QNA|NX
XZ|A0|1|5|Y|2K|N|0|0|0|0|0|0|1|1|0|0|1|0|B|1QNA|1QQP|NX
Y0|A1|1|5|Y|7|N|6|8|0|1|0|0|1|1|0|0|1|0|B|1QQR|1QSF|NY
Y0|A1|1|5|Y|1|N|6|K|0|1|0|0|1|1|0|0|1|0|B|1QSF|1QTR|NY
Y1|A2|1|5|S|L|N|0|3|0|3|0|0|1|1|0|0|1|0|B|1QTT|1QWZ|NZ
Y2|A3|1|5|D|1|Y|0|0|0|0|0|0|1|1|0|0|1|G|D|1QX1|1QYM|O0
Y5|A4|1|5|H|1|N|0|0|0|0|0|0|1|1|0|0|1|2|0|1R0K|1R1N|O1
Y8|A4|1|5|S|3|N|9|0|0|0|0|0|1|1|0|0|1|0|B|1R3L|1R5L|O2
Y8|A4|1|5|S|1|N|0|0|0|0|0|0|1|1|0|0|1|0|B|1R5L|1R6F|O2
Y8|A4|1|5|S|3|N|0|0|0|0|0|0|1|1|0|0|1|0|B|1R6F|1R90|O2
Y9|A4|1|5|S|I|N|0|0|0|0|0|0|1|1|0|0|1|0|B|1R92|1RBN|O3
Y9|A4|1|5|S|1D|N|0|0|0|2|0|0|1|1|0|0|1|0|B|1RBN|1RCT|O3
YB|A5|1|5|H|1|N|0|0|0|0|0|0|1|1|0|0|1|2|0|1RCX|1RDF|O4
YC|A5|1|5|S|C|N|0|0|0|0|0|0|1|1|0|0|1|0|B|1RDH|1RE2|O5
YC|A5|1|5|S|1|N|0|F|0|0|0|0|1|1|0|0|1|0|B|1RE2|1RGE|O5
YD|A5|1|5|S|1|N|0|I|0|E|0|0|1|1|0|0|1|0|B|1RGG|1RJ6|O6
YD|A5|1|5|S|J|N|0|0|0|0|0|0|1|1|0|0|1|0|B|1RJ6|1RL3|O6
YD|A5|1|5|S|1|N|0|0|0|0|0|0|1|1|0|0|1|0|B|1RL3|1RN0|O6
YE|A5|1|5|S|D|N|0|9|0|E|2|0|1|1|0|0|1|0|B|1RN2|1RPG|O7
YE|A5|1|5|D|2S|C|0|I|0|0|0|0|1|1|0|0|1|6|D|1RPG|1RT4|O7
YG|A6|1|5|H|1|N|0|0|0|0|0|0|1|1|1|0|1|2|0|1RT8|1RTK|O8
YH|A6|1|5|S|12|N|0|0|0|0|0|0|1|1|0|0|1|0|B|1RTM|1RV4|O9
YH|A6|1|5|S|2T|N|0|0|0|0|0|0|1|1|0|0|1|0|B|1RV4|1RX7|O9
YJ|A7|1|5|H|1|D|1|0|0|0|0|0|1|1|0|0|1|9|0|1RXB|1RXT|OA
YK|A7|1|5|S|1|N|0|0|0|0|0|0|1|1|0|0|1|0|B|1RXV|1RYV|OB
YM|A8|1|5|H|1|L|1|0|0|0|0|0|1|1|0|0|1|9|0|1RYZ|1RZH|OC
YN|A9|1|5|Y|1|N|0|9|0|0|0|0|1|1|0|0|1|0|B|1RZJ|1S17|OD
YN|A9|1|5|Y|2F|N|6|9|0|1|0|0|1|1|0|M|H|E|B|1S17|1S54|OD
YO|AA|1|5|Y|2G|N|6|F|0|1|0|0|1|1|0|0|1|0|B|1S56|1SA3|OE
YP|AB|1|5|S|1R|N|0|0|0|0|0|0|1|1|0|0|1|0|B|1SA5|1SBT|OF
YQ|AC|1|5|D|1|Y|1|0|0|0|0|0|1|1|0|0|1|6|D|1SBV|1SDS|OG
YT|AD|1|5|H|1|N|0|0|0|0|0|0|1|1|0|0|1|2|0|1SFQ|1SGT|OH
YW|AD|1|5|S|1|N|6|0|0|0|0|0|1|1|0|0|1|0|B|1SIR|1SKI|OI
YX|AD|1|5|S|C|N|0|G|0|0|0|0|1|1|0|0|1|0|B|1SKK|1SMM|OJ
YY|AD|1|5|S|6|N|5|0|0|0|0|0|1|1|0|0|1|0|B|1SMO|1SPT|OK
YY|AD|1|5|S|3|N|0|0|0|0|0|0|1|1|0|0|1|0|B|1SPT|1ST5|OK
YZ|AD|1|5|S|O|N|0|0|0|0|0|0|1|1|0|0|1|0|B|1ST7|1SX0|OL
Z1|AE|1|5|H|1|N|0|0|0|0|0|0|1|1|0|0|1|2|0|1SX4|1SXM|OM
Z2|AE|1|5|S|3|N|0|0|0|0|0|0|1|1|0|0|1|0|B|1SXO|1SY5|ON
Z2|AE|1|5|S|3|N|0|0|0|0|0|0|1|1|0|0|1|0|B|1SY5|1SZZ|ON
Z2|AE|1|5|S|1|N|0|0|0|0|0|0|1|1|0|0|1|0|B|1SZZ|1T1Z|ON
Z3|AE|1|5|S|D|N|0|0|0|0|11|0|1|1|0|0|1|0|B|1T21|1T5X|OO
Z4|AE|1|5|S|2|N|0|0|0|2|0|0|1|1|0|0|1|0|B|1T5Z|1T74|OP
Z4|AE|1|5|S|7|N|0|0|0|0|0|0|1|1|0|0|1|0|B|1T74|1T8V|OP
Z5|AE|1|5|S|3|N|9|0|0|0|8|0|1|1|0|0|1|0|B|1T8X|1TBE|OQ
Z7|AF|1|5|H|1|N|0|0|0|1|0|0|1|1|0|0|1|2|0|1TBI|1TCF|OR
Z8|AF|1|5|S|C|N|0|0|0|1|0|0|1|1|0|0|1|0|B|1TCH|1TDA|OS
Z8|AF|1|5|S|J|N|0|0|0|0|0|0|1|1|0|0|1|0|B|1TDA|1THV|OS
Z8|AF|1|5|S|C|N|0|0|0|0|0|0|1|1|0|0|1|0|B|1THV|1TJY|OS
Z9|AF|1|5|S|C|N|0|5|0|0|0|0|1|1|0|0|1|0|B|1TK0|1TLQ|OT
ZA|AF|1|5|S|P|N|0|0|0|0|0|0|1|1|0|1A|G|Q|B|1TLS|1TP9|OU
ZC|AG|1|5|H|1|N|0|0|0|0|0|0|1|1|1|0|1|2|0|1TPD|1TPP|OV
ZD|AG|1|5|S|1|N|0|0|0|0|0|0|1|1|0|0|1|0|B|1TPR|1TRR|OW
ZD|AG|1|5|S|M|N|0|0|0|0|0|0|1|1|0|0|1|0|B|1TRR|1TT3|OW
ZD|AG|1|5|S|3|N|0|0|0|0|0|0|1|1|0|0|1|0|B|1TT3|1TU0|OW
ZF|AH|1|5|H|1|D|1|0|0|0|0|0|1|1|0|0|1|9|0|1TU4|1TUV|OX
ZG|AH|1|5|D|3|Y|1|0|0|0|0|0|1|1|0|0|1|6|D|1TUX|1TXF|OY
ZI|AI|1|5|H|1|L|1|0|0|0|0|0|1|1|0|0|1|9|0|1TXJ|1TY1|OZ
ZJ|AJ|1|5|S|1|N|0|5|0|0|0|0|1|1|0|0|1|0|B|1TY3|1TYO|P0
ZJ|AJ|1|5|S|1|N|6|7|0|0|0|0|1|1|0|N|I|E|B|1TYO|1U0C|P0
ZK|AK|1|5|Y|O|N|0|0|0|0|0|0|1|1|0|0|1|0|B|1U0E|1U2W|P1
ZL|AL|1|5|S|C|N|0|7|0|1|0|0|1|1|0|0|1|0|B|1U2Y|1U4V|P2
ZL|AL|1|5|S|2U|N|0|5|0|0|0|0|1|1|0|0|1|0|B|1U4V|1U7D|P2
ZM|AM|1|5|S|8|N|0|0|0|0|0|0|1|1|0|0|1|0|B|1U7F|1U93|P3
ZN|AN|1|5|D|1|Y|0|0|0|0|0|0|1|1|0|0|1|G|D|1U95|1UB2|P4
ZQ|AO|1|5|H|1|L|1|0|0|0|0|0|1|1|0|0|1|9|0|1UCE|1UDB|P5
ZT|AO|1|5|S|1|N|0|0|0|0|0|0|1|1|0|0|1|0|B|1UEN|1UFN|P6
ZT|AO|1|5|S|1|N|0|0|0|0|0|0|1|1|0|0|1|0|B|1UFN|1UHN|P6
ZT|AO|1|5|D|23|Y|1|0|0|0|0|0|1|1|0|1B|9|J|D|1UHN|1UKH|P6
ZU|AP|1|5|S|1|N|0|0|0|0|0|0|1|1|0|0|1|0|B|1UKJ|1UL4|P7
ZU|AP|1|5|S|T|N|0|0|0|0|0|0|1|1|0|0|1|0|B|1UL4|1UOM|P7
ZV|AQ|1|5|S|A|N|0|0|0|0|0|0|1|1|0|0|1|0|B|1UOO|1UQX|P8
ZV|AQ|1|5|S|2V|N|0|0|0|1|0|0|1|1|0|0|1|0|B|1UQX|1USR|P8
ZW|AQ|1|5|S|3|N|0|0|0|0|0|0|1|1|0|0|1|0|B|1UST|1UU2|P9
ZW|AQ|1|5|S|X|N|0|0|0|0|12|0|1|1|0|0|1|8|B|1UU2|1UXZ|P9
ZW|AQ|1|5|S|X|N|0|0|0|0|0|0|1|1|0|0|1|0|B|1UXZ|1UZ5|P9
ZX|AQ|1|5|S|2W|N|0|0|0|0|0|0|1|1|0|0|1|0|B|1UZ7|1V24|PA
ZX|AQ|1|5|S|D|N|5|0|0|0|0|0|1|1|0|0|1|0|B|1V24|1V4D|PA
ZX|AQ|1|5|D|2X|D|1|0|0|0|0|0|1|1|0|0|1|6|D|1V4D|1V5V|PA
100|AQ|1|6|D|1|L|1|0|0|0|0|0|1|1|0|0|1|6|D|1V77|1V95|PB
103|AR|1|6|H|1|N|0|0|0|0|0|0|1|1|0|0|1|2|0|1VAH|1VAT|PC
104|AR|1|6|S|1|N|0|0|0|0|0|0|1|1|0|0|1|0|B|1VAV|1VCJ|PD
104|AR|1|6|S|C|N|0|0|0|0|0|0|1|1|0|0|1|0|B|1VCJ|1VED|PD
107|AS|1|6|H|1|N|0|0|0|0|0|0|1|1|0|0|1|2|0|1VFP|1VGV|PE
10B|AT|1|6|H|3|N|0|1|0|0|0|0|1|1|0|0|1|2|0|1VK1|1VLA|PF
10E|AT|1|6|Y|3|N|5|0|0|0|0|0|1|1|0|0|1|7|B|1VN8|1VPH|PG
10E|AT|1|6|Y|T|N|5|0|0|0|0|0|1|1|0|A|9|E|B|1VPH|1VT8|PG
10G|AU|1|6|H|1|N|0|0|0|0|0|0|1|1|0|0|1|2|0|1VTC|1VTU|PH
10H|AU|1|6|S|I|N|0|0|0|0|0|0|1|1|0|0|1|0|B|1VTW|1VWS|PI
10I|AU|1|6|S|L|N|5|0|0|2|2|0|1|1|0|3|4|E|B|1VWU|1VZE|PJ
10I|AU|1|6|S|1D|N|0|0|0|0|0|0|1|1|0|0|1|0|B|1VZE|1W0H|PJ
10I|AU|1|6|S|4|N|0|0|0|0|0|0|1|1|0|0|1|0|B|1W0H|1W1W|PJ
10K|AV|1|6|H|1|N|0|0|0|0|0|0|1|1|0|0|1|2|0|1W20|1W2R|PK
10L|AV|1|6|S|C|N|0|0|0|1|0|0|1|1|0|1C|V|E|B|1W2T|1W4J|PL
10L|AV|1|6|S|D|N|0|0|0|1|0|0|1|1|0|A|9|E|B|1W4J|1W8D|PL
10L|AV|1|6|S|2|N|0|0|0|0|0|0|1|1|0|0|1|0|B|1W8D|1W94|PL
10M|AV|1|6|S|1|N|0|0|0|0|D|0|1|1|0|0|1|0|B|1W96|1WAW|PM
10M|AV|1|6|S|13|N|0|0|0|2|2|0|1|1|0|0|1|0|B|1WAW|1WC2|PM
10N|AV|1|6|S|3|N|0|0|0|0|1|0|1|1|0|0|1|0|B|1WC4|1WD6|PN
10N|AV|1|6|S|J|N|0|0|0|0|5|0|1|1|0|N|I|E|B|1WD6|1WEF|PN
10O|AV|1|6|S|3|N|0|0|0|0|1|0|1|1|0|1D|W|E|B|1WEH|1WG4|PO
10O|AV|1|6|S|C|N|0|0|0|1|0|0|1|1|0|1E|G|E|B|1WG4|1WHG|PO
10O|AV|1|6|S|3|N|0|0|0|0|0|0|1|1|0|0|1|0|B|1WHG|1WKJ|PO
10O|AV|1|6|S|X|N|0|0|0|0|0|0|1|1|0|0|1|8|B|1WKJ|1WLJ|PO
10Q|AW|1|6|H|1|N|0|0|0|0|0|0|1|1|0|0|1|2|0|1WLN|1WLZ|PP
10R|AW|1|6|S|L|N|5|0|0|0|0|0|1|1|0|14|R|D|B|1WM1|1WPR|PQ
10R|AW|1|6|S|1|N|0|0|0|0|0|0|1|1|0|0|1|0|B|1WPR|1WR6|PQ
10S|AW|1|6|S|7|N|0|0|0|1|0|0|1|1|0|0|1|0|B|1WR8|1WTV|PR
10U|AX|1|6|H|1|N|0|0|0|0|0|0|1|1|1|0|1|2|0|1WTZ|1WUB|PS
10V|AX|1|6|S|4|N|0|0|0|2|9|0|1|1|0|0|1|0|B|1WUD|1WWV|PT
10V|AX|1|6|S|23|N|0|0|0|0|0|0|1|1|0|0|1|0|B|1WWV|1WYG|PT
10X|AY|1|6|H|1|D|1|0|0|0|0|0|1|1|0|0|1|9|0|1WYK|1WZ2|PU
10Y|AY|1|6|D|L|Y|2|0|0|2|0|0|1|1|0|3|4|J|D|1WZ4|1X23|PV
10Z|AY|1|6|S|7|N|0|0|0|1|5|0|1|1|0|14|R|D|B|1X25|1X3S|PW
10Z|AY|1|6|D|1|Y|1|0|0|0|0|0|1|1|1|0|1|6|D|1X3S|1X4P|PW
110|AY|1|6|S|U|N|0|0|0|0|0|0|1|1|0|P|I|E|B|1X4R|1X6W|PX
112|AZ|1|6|H|1|L|1|0|0|0|0|0|1|1|0|0|1|9|0|1X70|1X7I|PY
113|B0|1|6|S|C|N|0|O|0|0|0|0|1|1|0|0|1|0|B|1X7K|1XAQ|PZ
114|B1|1|6|Y|J|N|0|0|0|0|0|0|1|1|0|1F|X|D|B|1XAS|1XCV|Q0
114|B1|1|6|Y|D|N|0|0|0|F|5|0|1|1|0|0|1|0|B|1XCV|1XFA|Q0
115|B2|1|6|Y|1|N|0|0|0|1|0|0|1|1|0|8|7|E|B|1XFC|1XHL|Q1
116|B3|1|6|Y|2Y|N|6|0|0|2|0|0|1|1|0|6|2|E|B|1XHN|1XKZ|Q2
117|B4|1|6|D|1|Y|1|0|0|0|0|0|1|1|0|0|1|6|D|1XL1|1XOV|Q3
11A|B5|1|6|H|3|N|0|3|0|0|0|0|1|1|0|0|1|2|0|1XQT|1XS2|Q4
11D|B5|1|6|Y|1|N|0|0|0|0|0|0|1|1|0|0|1|0|B|1XU0|1XVI|Q5
11D|B5|1|6|Y|27|N|6|0|0|0|0|0|1|1|0|0|1|0|B|1XVI|1XZX|Q5
11D|B5|1|6|Y|14|N|0|0|0|0|0|0|1|1|0|0|1|0|B|1XZX|1Y0U|Q5
11F|B6|1|6|H|1|N|0|0|0|0|0|0|1|1|0|0|1|2|0|1Y0Y|1Y1G|Q6
11G|B6|1|6|S|1|N|0|0|0|0|0|0|1|1|0|0|1|0|B|1Y1I|1Y2Q|Q7
11G|B6|1|6|S|8|N|0|0|0|0|0|0|1|1|0|0|1|0|B|1Y2Q|1Y48|Q7
11G|B6|1|6|S|2E|N|0|0|0|0|0|0|1|1|0|1G|D|E|B|1Y48|1Y6H|Q7
11G|B6|1|6|S|O|N|0|0|0|0|0|0|1|1|0|0|1|0|B|1Y6H|1Y7N|Q7
11H|B6|1|6|S|1|N|0|0|0|0|0|0|1|1|0|0|1|0|B|1Y7P|1Y99|Q8
11H|B6|1|6|S|1G|N|0|0|0|0|0|0|1|1|0|0|1|0|B|1Y99|1YC3|Q8
11H|B6|1|6|S|3|N|0|0|0|0|0|0|1|1|0|0|1|0|B|1YC3|1YDI|Q8
11I|B6|1|6|S|3|N|0|0|0|0|0|0|1|1|0|0|1|0|B|1YDK|1YGA|Q9
11I|B6|1|6|S|T|N|0|0|0|0|0|0|1|1|0|0|1|0|B|1YGA|1YHY|Q9
11K|B7|1|6|H|1|N|0|0|0|0|0|0|1|1|0|0|1|2|0|1YI2|1YIN|QA
11L|B7|1|6|S|1D|N|0|0|0|0|0|0|1|1|0|M|H|E|B|1YIP|1YLO|QB
11M|B7|1|6|S|7|N|0|0|0|0|0|0|1|1|0|0|1|0|B|1YLQ|1YN7|QC
11N|B7|1|6|S|4|N|0|3|0|0|0|0|1|1|0|6|2|E|B|1YN9|1YQE|QD
11N|B7|1|6|S|1|N|0|0|0|0|0|0|1|1|0|0|1|0|B|1YQE|1YRE|QD
11P|B8|1|6|H|1|N|0|0|0|0|0|0|1|1|0|0|1|2|0|1YRI|1YRU|QE
11Q|B8|1|6|S|1|N|0|0|0|0|0|0|1|1|0|0|1|0|B|1YRW|1YSJ|QF
11Q|B8|1|6|S|3|N|0|0|0|0|13|0|1|1|0|0|1|0|B|1YSJ|1YTY|QF
11R|B8|1|6|S|3|N|0|0|0|1|6|0|1|1|0|0|1|0|B|1YU0|1YVE|QG
11S|B8|1|6|S|J|N|0|0|0|3|2|0|1|1|0|16|G|D|B|1YVG|1YY9|QH
11T|B8|1|6|S|X|N|0|0|0|0|0|0|1|1|0|0|1|0|B|1YYB|1Z0P|QI
11U|B8|1|6|S|3|N|0|0|0|1|0|0|1|1|0|0|1|0|B|1Z0R|1Z2Q|QJ
11U|B8|1|6|D|2Z|L|1|0|0|0|0|0|1|1|0|1D|W|J|D|1Z2Q|1Z4B|QJ
11W|B9|1|6|H|1|N|0|0|0|0|0|0|1|1|1|0|1|2|0|1Z4F|1Z4R|QK
11X|B9|1|6|S|8|N|0|0|0|0|0|0|1|1|0|0|1|0|B|1Z4T|1Z5V|QL
11X|B9|1|6|S|T|N|0|0|0|0|0|0|1|1|0|F|C|E|B|1Z5V|1Z9J|QL
11X|B9|1|6|S|1|N|0|0|0|0|0|0|1|1|1|0|1|0|B|1Z9J|1ZAP|QL
11Z|BA|1|6|H|1|D|1|0|0|0|0|0|1|1|0|0|1|9|0|1ZAT|1ZBB|QM
120|BA|1|6|S|1|N|0|0|0|0|0|0|1|1|0|0|1|0|B|1ZBD|1ZBU|QN
120|BA|1|6|S|7|N|0|0|0|0|0|0|1|1|0|3|4|E|B|1ZBU|1ZDC|QN
121|BA|1|6|S|8|N|0|0|0|0|0|0|1|1|0|0|1|0|B|1ZDE|1ZE7|QO
122|BA|1|6|S|30|N|0|0|0|3|2|0|1|1|0|1D|W|E|B|1ZE9|1ZHZ|QP
124|BB|1|6|H|1|L|1|0|0|0|0|0|1|1|0|0|1|9|0|1ZI3|1ZIL|QQ
125|BB|1|6|S|K|N|0|3|0|0|0|0|1|1|0|0|1|0|B|1ZIN|1ZJZ|QR
125|BB|1|6|S|4|N|0|0|0|0|0|0|1|1|0|0|1|0|B|1ZJZ|1ZME|QR
125|BB|1|6|S|1|N|0|6|0|0|0|0|1|1|0|0|1|0|B|1ZME|1ZN2|QR
125|BB|1|6|S|8|N|0|3|0|2|0|0|1|1|0|6|2|E|B|1ZN2|1ZPE|QR
125|BB|1|6|S|1|N|0|6|0|0|0|0|1|1|0|0|1|0|B|1ZPE|1ZQ5|QR
126|BC|1|6|S|D|N|0|0|0|0|E|0|1|1|0|0|1|0|B|1ZQ7|1ZTP|QS
127|BD|1|6|Y|X|N|0|0|0|1|0|0|1|1|0|1E|G|E|B|1ZTR|1ZV9|QT
127|BD|1|6|Y|J|N|0|0|0|F|D|0|1|1|0|1F|X|D|B|1ZV9|1ZY0|QT
128|BE|1|6|D|1|D|1|0|0|0|0|0|1|1|0|0|1|6|D|1ZY2|2005|QU
12B|BF|1|6|H|1|N|0|A|0|0|0|0|1|1|0|0|1|2|0|2023|2033|QV
12E|BF|1|6|S|1|N|6|0|0|0|0|0|1|1|0|0|1|0|B|2051|205M|QW
12E|BF|1|6|S|1D|N|5|0|0|0|0|0|1|1|0|0|1|0|B|205M|208Y|QW
12G|BG|1|6|H|1|N|0|0|0|0|0|0|1|1|0|0|1|2|0|2092|209K|QX
12H|BG|1|6|S|1|N|0|H|0|0|0|0|1|1|0|0|1|0|B|209M|20BO|QY
12I|BG|1|6|S|1|N|0|A|0|0|0|0|1|1|0|0|1|0|B|20BQ|20DD|QZ
12J|BG|1|6|S|7|N|0|0|0|0|E|0|1|1|0|0|1|0|B|20DF|20EZ|R0
12J|BG|1|6|S|7|N|0|0|0|0|0|0|1|1|0|0|1|0|B|20EZ|20GH|R0
12J|BG|1|6|S|I|N|0|0|0|0|0|0|1|1|1|0|1|0|B|20GH|20IK|R0
12L|BH|1|6|H|1|N|0|A|0|0|0|0|1|1|0|0|1|2|0|20IO|20JL|R1
12M|BH|1|6|S|X|N|0|P|0|0|0|0|1|1|0|0|1|0|B|20JN|20OB|R2
12M|BH|1|6|S|3|N|0|0|0|0|0|0|1|1|0|6|2|E|B|20OB|20QB|R2
12N|BH|1|6|S|D|N|0|0|2|0|M|0|1|1|0|1F|X|D|B|20QD|20TY|R3
12N|BH|1|6|S|31|N|0|0|0|0|0|0|1|1|0|0|1|0|B|20TY|20VY|R3
12O|BH|1|6|S|1|N|0|H|0|0|0|0|1|1|0|0|1|0|B|20W0|20WX|R4
12Q|BI|1|6|H|1|N|0|0|0|2|2|0|1|1|0|0|1|2|0|20X1|20XM|R5
12R|BI|1|6|S|1T|N|0|0|0|2|2|0|1|1|0|0|1|0|B|20XO|212I|R6
12R|BI|1|6|S|7|N|0|0|0|0|D|0|1|1|0|0|1|0|B|212I|215F|R6
12T|BJ|1|6|H|1|N|0|0|0|0|0|0|1|1|0|0|1|2|0|215J|215V|R7
12U|BJ|1|6|S|4|N|0|0|0|2|14|0|1|1|0|0|1|0|B|215X|2196|R8
12W|BK|1|6|H|1|D|1|0|0|0|0|0|1|1|0|0|1|9|0|219A|219S|R9
12X|BK|1|6|S|32|N|0|0|0|1|0|0|1|1|0|0|1|8|B|219U|21E0|RA
12X|BK|1|6|S|33|N|0|0|0|0|0|0|1|1|0|14|R|D|B|21E0|21G0|RA
12Z|BL|1|6|H|1|L|1|0|0|0|0|0|1|1|0|0|1|9|0|21G4|21GM|RB
130|BM|1|6|S|1|N|0|A|0|0|0|0|1|1|0|0|1|0|B|21GO|21HR|RC
130|BM|1|6|S|8|N|0|H|0|0|0|0|1|1|0|0|1|0|B|21HR|21IL|RC
131|BM|1|6|S|2T|N|5|0|0|1|D|0|1|1|0|12|2|E|B|21IN|21NT|RD
131|BM|1|6|S|3|N|0|0|0|0|15|0|1|1|0|0|1|0|B|21NT|21QE|RD
132|BN|1|6|S|7|N|6|0|0|0|0|0|1|1|1|11|7|E|B|21QG|21TA|RE
133|BO|1|6|D|1|Y|1|0|0|0|0|0|1|1|0|0|1|6|D|21TC|21V9|RF
133|BO|1|6|Y|1|N|0|0|0|0|0|0|1|1|0|0|1|0|B|21V9|21X3|RF
136|BP|1|6|H|3|N|0|8|0|0|0|0|1|1|0|0|1|2|0|21Z1|220A|RG
139|BP|1|6|Y|1|N|5|0|0|0|0|0|1|1|0|G|D|E|B|2228|224T|RH
13B|BQ|1|6|H|1|N|0|0|0|0|0|0|1|1|0|0|1|2|0|224X|225I|RI
13C|BQ|1|6|S|I|N|0|0|0|0|0|0|1|1|0|M|H|E|B|225K|2294|RJ
13D|BQ|1|6|S|8|N|0|0|0|0|0|0|1|1|0|0|1|0|B|2296|22BK|RK
13E|BQ|1|6|S|1R|N|0|0|0|0|0|0|1|1|0|0|1|0|B|22BM|22F0|RL
13F|BQ|1|6|S|I|N|0|0|0|0|0|0|1|1|0|0|1|0|B|22F2|22H1|RM
13F|BQ|1|6|S|3|N|0|0|0|0|0|0|1|1|0|0|1|0|B|22H1|22J4|RM
13F|BQ|1|6|S|1|N|0|0|0|0|0|0|1|1|0|0|1|0|B|22J4|22KA|RM
13G|BQ|1|6|S|7|N|0|0|0|0|0|0|1|1|0|0|1|0|B|22KC|22NB|RN
13H|BQ|1|6|D|1|C|0|0|0|0|0|0|1|1|0|0|1|O|D|22ND|22O0|RO
13H|BQ|1|6|D|3|C|0|0|0|0|0|0|1|1|0|0|1|6|D|22O0|22PI|RO
13H|BQ|1|6|S|A|N|0|0|0|0|0|0|1|1|0|0|1|0|B|22PI|22R6|RO
13H|BQ|1|6|S|8|N|0|0|0|0|0|0|1|1|0|0|1|0|B|22R6|22SO|RO
13J|BR|1|6|H|1|N|0|0|0|0|0|0|1|1|0|0|1|2|0|22SS|22TJ|RP
13K|BR|1|6|S|34|N|0|0|0|2|2|0|1|1|0|6|2|E|B|22TL|22VB|RQ
13L|BR|1|6|S|D|N|0|0|0|0|D|0|1|1|0|0|1|0|B|22VD|22XX|RR
13M|BR|1|6|S|3|N|5|0|0|0|0|0|1|1|0|0|1|0|B|22XZ|230A|RS
13M|BR|1|6|S|3|N|0|0|0|0|0|0|1|1|0|0|1|0|B|230A|231Y|RS
13N|BR|1|6|S|1|N|0|0|2|0|0|0|1|1|0|0|1|8|B|2320|235B|RT
13O|BR|1|6|S|1|N|0|0|0|0|0|0|1|1|0|1H|Y|E|B|235D|236L|RU
13Q|BS|1|6|H|1|N|0|0|0|0|0|0|1|1|0|0|1|2|0|236P|237M|RV
13R|BS|1|6|S|H|N|0|0|0|1|5|0|1|1|0|0|1|0|B|237O|23A5|RW
13S|BS|1|6|S|3|N|0|0|0|1|5|0|1|1|0|0|1|0|B|23A7|23DL|RX
13S|BS|1|6|S|L|N|6|0|0|0|1|0|1|1|0|0|1|0|B|23DL|23GR|RX
13S|BS|1|6|S|C|N|0|8|0|0|0|0|1|1|0|0|1|0|B|23GR|23I3|RX
13T|BS|1|6|S|7|N|0|0|0|0|0|0|1|1|0|0|1|0|B|23I5|23K7|RY
13V|BT|1|6|H|3|N|0|8|0|0|M|0|1|1|0|0|1|2|0|23KB|23KZ|RZ
13W|BT|1|6|S|3|N|0|8|2|0|M|0|1|1|0|0|1|0|B|23L1|23NJ|S0
13W|BT|1|6|S|C|N|0|0|0|0|0|0|1|1|0|1I|Z|E|B|23NJ|23P1|S0
13W|BT|1|6|S|D|N|0|0|0|1|5|0|1|1|0|1J|10|D|B|23P1|23R4|S0
13Y|BU|1|6|H|1|N|0|0|0|0|0|0|1|1|1|0|1|2|0|23R8|23RK|S1
13Z|BU|1|6|S|R|N|0|0|0|0|0|0|1|1|1|13|Q|E|B|23RM|23U4|S2
13Z|BU|1|6|S|13|N|0|0|0|0|0|0|1|1|0|0|1|0|B|23U4|23W7|S2
141|BV|1|6|H|1|L|1|0|0|0|0|0|1|1|0|0|1|9|0|23WB|23WT|S3
142|BV|1|6|S|D|N|0|0|0|0|0|0|1|1|0|0|1|0|B|23WV|23XY|S4
142|BV|1|6|S|L|N|0|0|0|0|5|0|1|1|0|1K|R|D|B|23XY|23ZG|S4
142|BV|1|6|D|1|Y|1|0|0|1|0|0|1|1|0|0|1|6|D|23ZG|242Y|S4
143|BW|1|6|Y|O|N|0|0|0|3|0|0|1|1|0|0|1|0|B|2430|244R|S5
144|BX|1|6|S|1|N|0|0|0|0|0|0|1|1|0|0|1|0|B|244T|245B|S6
144|BX|1|6|S|3|N|0|0|0|0|1|0|1|1|0|0|1|0|B|245B|246Q|S6
145|BY|1|6|Y|1|N|0|0|0|0|0|0|1|1|0|8|7|E|B|246S|247S|S7
145|BY|1|6|D|1|L|1|0|0|0|0|0|1|1|0|8|7|J|D|247S|249A|S7
146|BZ|1|6|D|1|Y|0|0|0|0|0|0|1|1|0|0|1|G|D|249C|24B6|S8
149|C0|1|6|H|3|N|0|9|0|0|0|0|1|1|0|0|1|2|0|24D4|24ED|S9
14C|C0|1|6|Y|1|N|0|0|0|0|0|0|1|1|0|0|1|0|B|24GB|24IE|SA
14C|C0|1|6|Y|G|N|0|0|0|0|0|0|1|1|0|0|1|0|B|24IE|24K2|SA
14C|C0|1|6|Y|7|N|0|0|0|2|2|0|1|1|0|3|4|E|B|24K2|24LW|SA
14E|C1|1|6|H|1|N|0|0|0|0|0|0|1|1|0|0|1|2|0|24M0|24MR|SB
14F|C1|1|6|S|3|N|0|0|0|2|0|0|1|1|0|0|1|0|B|24MT|24QM|SC
14G|C1|1|6|S|C|N|6|0|0|0|0|0|1|1|0|0|1|0|B|24QO|24TE|SD
14G|C1|1|6|S|3|N|0|0|0|0|0|0|1|1|0|0|1|0|B|24TE|24VQ|SD
14H|C1|1|6|S|3|N|0|0|0|0|D|0|1|1|0|0|1|0|B|24VS|24WX|SE
14H|C1|1|6|S|T|N|0|0|0|0|0|0|1|1|0|0|1|0|B|24WX|2506|SE
14I|C1|1|6|S|3|N|0|0|0|5|0|0|1|1|0|0|1|0|B|2508|252A|SF
14I|C1|1|6|S|3|N|0|0|0|0|0|0|1|1|0|0|1|0|B|252A|254D|SF
14J|C1|1|6|S|T|N|0|9|0|0|0|0|1|1|0|0|1|0|B|254F|2598|SG
14J|C1|1|6|S|6|N|0|0|0|0|0|0|1|1|0|0|1|0|B|2598|25AT|SG
14J|C1|1|6|S|N|N|0|Q|1|0|0|0|1|1|0|0|1|0|B|25AT|25E8|SG
14L|C2|1|6|H|1|N|0|0|0|0|0|0|1|1|1|0|1|2|0|25EC|25EO|SH
14M|C2|1|6|S|1|N|0|0|0|0|0|0|1|1|0|F|C|E|B|25EQ|25FZ|SI
14O|C3|1|6|H|1|D|1|0|0|0|0|0|1|1|0|0|1|9|0|25G3|25GL|SJ
14P|C3|1|6|S|1|N|0|0|0|0|0|0|1|1|0|0|1|0|B|25GN|25HY|SK
14P|C3|1|6|S|3|N|5|0|0|0|0|0|1|1|0|3|4|E|B|25HY|25IP|SK
14Q|C3|1|6|S|P|N|0|0|0|0|0|0|1|1|0|1L|I|D|B|25IR|25L8|SL
14Q|C3|1|6|S|O|N|0|0|0|0|0|0|1|1|0|0|1|0|B|25L8|25ME|SL
14S|C4|1|6|H|1|L|1|0|0|0|0|0|1|1|0|0|1|9|0|25MI|25N0|SM
14T|C5|1|6|S|35|N|0|0|0|0|0|0|1|1|0|0|1|0|B|25N2|25PN|SN
14T|C5|1|6|S|U|N|0|0|0|0|0|0|1|1|0|0|1|0|B|25PN|25RK|SN
14U|C6|1|6|S|L|N|0|0|0|0|0|0|1|1|0|0|1|0|B|25RM|25TJ|SO
14U|C6|1|6|S|D|N|0|0|0|0|0|0|1|1|0|0|1|0|B|25TJ|25U4|SO
14V|C7|1|6|S|2O|N|0|F|0|0|0|0|1|1|0|0|1|0|B|25U6|25VI|SP
14V|C7|1|6|S|3|N|0|0|0|0|0|0|1|1|0|0|1|0|B|25VI|25WC|SP
14W|C8|1|6|D|1|Y|1|0|0|0|0|0|1|1|0|0|1|6|D|25WE|25YN|SQ
14Z|C9|1|6|H|3|N|0|7|0|0|0|0|1|1|0|0|1|2|0|260L|261U|SR
152|C9|1|6|Y|I|N|0|0|2|0|0|0|1|1|0|0|1|0|B|263S|266P|SS
154|CA|1|6|H|1|N|0|0|0|0|0|0|1|1|0|0|1|2|0|266T|267E|ST
155|CA|1|6|S|6|N|0|0|0|0|D|0|1|1|0|0|1|0|B|267G|269O|SU
155|CA|1|6|S|C|N|0|0|0|0|C|0|1|1|0|0|1|0|B|269O|26D0|SU
156|CA|1|6|S|36|N|5|0|0|2|2|0|1|1|0|0|1|0|B|26D2|26FV|SV
157|CA|1|6|S|P|N|0|0|0|0|F|0|1|1|0|0|1|0|B|26FX|26JN|SW
157|CA|1|6|S|Y|N|0|0|0|2|0|0|1|1|0|0|1|0|B|26JN|26LT|SW
159|CB|1|6|H|1|N|0|0|0|0|0|0|1|1|0|0|1|2|0|26LX|26MI|SX
15A|CB|1|6|S|7|N|0|0|0|0|0|0|1|1|0|0|1|0|B|26MK|26PS|SY
15B|CB|1|6|S|L|N|0|0|0|0|D|0|1|1|0|0|1|7|B|26PU|26S5|SZ
15C|CB|1|6|S|1|N|0|0|0|0|0|0|1|1|1|0|1|0|B|26S7|26TU|T0
15E|CC|1|6|H|1|N|0|0|0|0|0|0|1|1|0|0|1|2|0|26TY|26UP|T1
15F|CC|1|6|S|3|N|0|0|0|0|0|0|1|1|0|0|1|0|B|26UR|26XK|T2
15G|CC|1|6|S|3|N|0|0|0|1|D|0|1|1|0|0|1|0|B|26XM|2706|T3
15H|CC|1|6|S|J|N|0|0|0|2|0|0|1|1|0|0|1|0|B|2708|273A|T4
15H|CC|1|6|S|1U|N|0|0|0|0|0|0|1|1|0|Q|K|E|B|273A|274M|T4
15J|CD|1|6|H|1|N|0|0|0|0|0|0|1|1|0|0|1|2|0|274Q|275B|T5
15K|CD|1|6|S|13|N|0|0|0|1|I|0|1|1|0|0|1|0|B|275D|278U|T6
15K|CD|1|6|S|1|N|0|0|0|0|0|0|1|1|0|0|1|0|B|278U|279L|T6
15K|CD|1|6|S|3|N|0|0|0|0|0|0|1|1|0|0|1|0|B|279L|27AX|T6
15L|CD|1|6|S|4|N|0|0|0|0|16|0|1|1|0|1M|G|E|B|27AZ|27D1|T7
15M|CD|1|6|S|4|N|5|0|0|0|0|0|1|1|0|0|1|8|B|27D3|27FB|T8
15O|CE|1|6|H|1|N|0|0|0|0|0|0|1|1|0|0|1|2|0|27FF|27FX|T9
15P|CE|1|6|S|8|N|0|0|0|3|0|0|1|1|0|0|1|0|B|27FZ|27HA|TA
15Q|CE|1|6|S|7|N|0|0|0|2|0|0|1|1|0|0|1|0|B|27HC|27JN|TB
15Q|CE|1|6|S|X|N|0|0|0|0|0|0|1|1|0|0|1|0|B|27JN|27KH|TB
15R|CE|1|6|S|1|N|0|0|0|4|0|0|1|1|0|0|1|0|B|27KJ|27NC|TC
15S|CE|1|6|S|1|N|0|0|0|1|0|0|1|1|0|0|1|0|B|27NE|27OJ|TD
15U|CF|1|6|H|1|N|0|0|0|0|0|0|1|1|1|0|1|2|0|27ON|27OZ|TE
15V|CF|1|6|S|1|N|0|0|0|0|0|0|1|1|0|0|1|0|B|27P1|27PV|TF
15V|CF|1|6|S|L|N|0|0|0|0|0|0|1|1|0|0|1|0|B|27PV|27SM|TF
15V|CF|1|6|S|6|N|0|0|0|0|F|0|1|1|0|0|1|0|B|27SM|27WD|TF
15X|CG|1|6|H|1|D|1|0|0|0|0|0|1|1|0|0|1|9|0|27WH|27WZ|TG
15Y|CG|1|6|S|16|N|0|0|0|0|0|0|1|1|0|0|1|0|B|27X1|27YF|TH
15Z|CG|1|6|S|3|N|0|0|0|0|0|0|1|1|0|0|1|8|B|27YH|27ZG|TI
160|CG|1|6|S|L|N|0|0|0|1|0|0|1|1|1|0|1|8|B|27ZI|2825|TJ
162|CH|1|6|H|1|L|1|0|0|0|0|0|1|1|0|0|1|9|0|2829|282R|TK
163|CI|1|6|S|3|N|0|0|0|0|0|0|1|1|0|0|1|0|B|282T|2845|TL
163|CI|1|6|S|4|N|0|0|0|0|0|0|1|1|0|0|1|0|B|2845|286Z|TL
164|CJ|1|6|S|2I|N|0|0|0|0|0|0|1|1|0|11|7|E|B|2871|28AJ|TM
165|CK|1|6|S|1|N|0|0|0|0|6|0|1|1|0|0|1|0|B|28AL|28CO|TN
166|CL|1|6|S|1|N|0|0|0|0|0|0|1|1|0|0|1|0|B|28CQ|28DT|TO
166|CL|1|6|S|5|N|0|0|0|0|0|0|1|1|0|0|1|0|B|28DT|28EQ|TO
167|CM|1|6|D|1|Y|1|0|0|0|0|0|1|1|0|0|1|6|D|28ES|28GP|TP
167|CM|1|6|Y|K|N|0|5|0|0|0|0|1|1|0|0|1|0|B|28GP|28IJ|TP
16A|CN|1|6|H|1|L|1|0|0|0|0|0|1|1|0|0|1|9|0|28JV|28KS|TQ
16D|CO|1|6|S|1|N|0|0|0|0|0|0|1|1|0|0|1|0|B|28M4|28MP|TR
16D|CO|1|6|S|O|N|0|0|0|0|0|0|1|1|0|0|1|0|B|28MP|28NM|TR
16D|CO|1|6|S|1|N|0|0|0|1|0|0|1|1|0|0|1|8|B|28NM|28Q1|TR
16E|CO|1|6|S|O|N|0|0|0|0|0|0|1|1|0|0|1|0|B|28Q3|28T3|TS
16E|CO|1|6|S|1|N|0|0|0|0|0|0|1|1|0|0|1|0|B|28T3|28UI|TS
16E|CO|1|6|S|O|N|0|0|0|0|0|0|1|1|0|0|1|0|B|28UI|28W3|TS
16E|CO|1|6|S|I|N|0|0|0|0|0|0|1|1|0|0|1|0|B|28W3|28YC|TS
16F|CP|1|6|Y|7|N|0|0|0|0|0|0|1|1|0|0|1|0|B|28YE|2902|TT
16F|CP|1|6|Y|C|N|0|0|0|0|0|0|1|1|0|0|1|0|B|2902|291E|TT
16F|CP|1|6|Y|1|N|0|0|0|0|0|0|1|1|0|0|1|0|B|291E|292H|TT
16F|CP|1|6|Y|1|N|0|0|0|0|0|0|1|1|0|0|1|0|B|292H|293Z|TT
16G|CQ|1|6|Y|1|N|0|0|0|0|0|0|1|1|0|0|1|0|B|2941|2954|TU
16G|CQ|1|6|Y|1|N|0|0|0|0|0|0|1|1|0|0|1|0|B|2954|2967|TU
16G|CQ|1|6|Y|O|N|0|0|0|0|0|0|1|1|0|0|1|0|B|2967|2981|TU
16G|CQ|1|6|Y|1|N|0|0|0|0|0|0|1|1|0|0|1|0|B|2981|299S|TU
16H|CQ|1|6|Y|R|N|0|0|0|0|17|0|1|1|0|0|1|0|B|299U|29C9|TV
16H|CQ|1|6|Y|C|N|0|0|0|0|0|0|1|1|0|0|1|0|B|29C9|29CU|TV
16H|CQ|1|6|Y|1|N|0|0|0|0|0|0|1|1|0|0|1|0|B|29CU|29DX|TV
16H|CQ|1|6|Y|L|N|0|0|0|0|0|0|1|1|0|0|1|0|B|29DX|29FU|TV
16H|CQ|1|6|Y|D|N|0|R|0|0|0|0|1|1|0|0|1|0|B|29FU|29JF|TV
16H|CQ|1|6|Y|1|N|0|0|0|0|0|0|1|1|0|0|1|0|B|29JF|29KL|TV
16K|CQ|1|7|D|1|L|1|0|0|0|0|0|1|1|0|0|1|6|D|29LX|29NV|TW
16N|CR|1|7|H|1|N|0|0|0|0|0|0|1|1|0|0|1|2|0|29P7|29PJ|TX
16O|CR|1|7|S|1|N|0|0|0|0|0|0|1|1|0|0|1|0|B|29PL|29RI|TY
16O|CR|1|7|S|3|N|0|0|0|0|0|0|1|1|0|0|1|0|B|29RI|29TU|TY
16O|CR|1|7|S|3|N|6|0|0|0|0|0|1|1|0|0|1|0|B|29TU|29VU|TY
16R|CS|1|7|H|1|N|0|0|0|0|0|0|1|1|0|0|1|2|0|29X6|29YC|TZ
16V|CT|1|7|H|3|N|0|1|0|0|0|0|1|1|0|0|1|2|0|2A1I|2A2R|U0
16X|CT|1|7|Y|1|N|0|0|0|0|0|0|1|1|0|0|1|0|B|2A4N|2A5N|U1
170|CU|1|7|H|1|N|0|3|0|0|0|0|1|1|0|0|1|2|0|2A7L|2A8L|U2
173|CV|1|7|H|3|N|7|0|0|0|0|0|1|1|0|0|1|2|0|2AAJ|2AB1|U3
174|CV|1|7|S|3|N|7|0|0|0|0|0|1|1|0|0|1|0|B|2AB3|2ABX|U4
175|CV|1|7|S|N|N|0|S|2|0|0|0|1|1|0|0|1|0|B|2ABZ|2AG7|U5
176|CV|1|7|S|12|N|0|T|0|0|0|0|1|1|0|0|1|0|B|2AG9|2AHW|U6
178|CW|1|7|H|1|N|0|0|0|0|0|0|1|1|0|0|1|2|0|2AI0|2AII|U7
179|CW|1|7|S|1|N|0|0|0|0|0|0|1|1|0|0|1|0|B|2AIK|2AJD|U8
17A|CW|1|7|S|1|N|0|0|0|0|0|0|1|1|0|0|1|7|B|2AJF|2AK2|U9
17B|CW|1|7|S|1|N|0|0|0|0|0|0|1|1|0|0|1|H|B|2AK4|2AL9|UA
17C|CW|1|7|S|1G|N|0|0|0|0|0|0|1|1|0|0|1|7|B|2ALB|2ANW|UB
17C|CW|1|7|S|1|N|0|0|0|0|0|0|1|1|0|0|1|0|B|2ANW|2AQH|UB
17D|CW|1|7|S|2X|N|5|0|0|8|0|0|1|1|0|6|2|E|B|2AQJ|2ASR|UC
17E|CW|1|7|S|D|N|0|0|0|0|I|0|1|1|0|0|1|0|B|2AST|2AVG|UD
17G|CX|1|7|H|1|N|0|0|0|0|0|0|1|1|0|0|1|2|0|2AVK|2AW5|UE
17H|CX|1|7|S|3|N|0|0|0|0|S|0|1|1|0|0|1|0|B|2AW7|2AY0|UF
17H|CX|1|7|S|I|N|0|0|0|0|0|0|1|1|0|0|1|0|B|2AY0|2AZ3|UF
17H|CX|1|7|S|1Q|N|0|0|0|0|0|0|1|1|0|1N|11|E|B|2AZ3|2B3F|UF
17I|CX|1|7|S|C|N|0|0|0|0|0|0|1|1|0|0|1|0|B|2B3H|2B4S|UG
17I|CX|1|7|S|1|N|0|0|0|0|0|0|1|1|0|0|1|0|B|2B4S|2B6M|UG
17I|CX|1|7|S|C|N|0|0|0|0|P|0|1|1|0|Y|F|E|B|2B6M|2B7M|UG
17K|CY|1|7|H|1|N|0|0|0|0|0|0|1|1|1|0|1|2|0|2B7Q|2B82|UH
17L|CY|1|7|S|1|N|0|0|0|0|0|0|1|1|0|0|1|0|B|2B84|2B9M|UI
17L|CY|1|7|S|37|N|0|0|0|0|0|0|1|1|1|0|1|0|B|2B9M|2BBP|UI
17L|CY|1|7|S|B|N|0|0|0|0|0|0|1|1|1|0|1|0|B|2BBP|2BD1|UI
17L|CY|1|7|S|1|N|0|0|0|0|0|0|1|1|0|0|1|0|B|2BD1|2BE4|UI
17N|CZ|1|7|H|1|L|1|0|0|0|0|0|1|1|0|0|1|9|0|2BE8|2BEQ|UJ
17O|D0|1|7|S|3|N|0|0|0|0|0|0|1|1|0|0|1|0|B|2BES|2BGY|UK
17O|D0|1|7|S|3|N|0|0|0|0|0|0|1|1|0|0|1|0|B|2BGY|2BIJ|UK
17O|D0|1|7|S|1|N|0|0|0|0|0|0|1|1|0|0|1|0|B|2BIJ|2BJG|UK
17P|D1|1|7|Y|12|N|0|J|0|0|0|0|1|1|0|0|1|0|B|2BJI|2BNC|UL
17Q|D2|1|7|D|1|Y|1|0|0|2|2|0|1|1|0|0|1|6|D|2BNE|2BQE|UM
17T|D3|1|7|H|3|N|0|A|0|0|0|0|1|1|0|0|1|2|0|2BSC|2BTL|UN
17V|D3|1|7|Y|1|N|0|0|0|0|0|0|1|1|0|0|1|0|B|2BVH|2BWH|UO
17Y|D4|1|7|H|1|N|0|0|0|0|0|0|1|1|0|0|1|2|0|2BYF|2BZI|UP
181|D5|1|7|H|1|N|6|0|0|0|0|0|1|1|0|0|1|2|0|2C1G|2C21|UQ
182|D5|1|7|S|1|N|6|0|0|0|0|0|1|1|0|0|1|0|B|2C23|2C2R|UR
182|D5|1|7|S|1|N|0|0|0|0|0|0|1|1|0|0|1|H|B|2C2R|2C3R|UR
182|D5|1|7|S|1|N|0|0|0|0|0|0|1|1|0|0|1|7|B|2C3R|2C4C|UR
183|D5|1|7|S|1|N|0|8|1|0|0|0|1|1|0|0|1|0|B|2C4E|2C5P|US
184|D5|1|7|S|I|N|0|K|4|0|0|0|1|1|0|0|1|0|B|2C5R|2C6T|UT
185|D5|1|7|S|C|N|0|8|0|0|0|0|1|1|0|0|1|0|B|2C6V|2C7Y|UU
185|D5|1|7|S|O|N|0|0|0|0|0|0|1|1|0|0|1|0|B|2C7Y|2CAA|UU
187|D6|1|7|H|1|N|0|0|0|0|0|0|1|1|0|0|1|2|0|2CAE|2CAW|UV
188|D6|1|7|S|I|N|0|0|0|0|0|0|1|1|0|0|1|0|B|2CAY|2CCR|UW
189|D6|1|7|S|1C|N|6|0|0|0|0|0|1|1|0|0|1|0|B|2CCT|2CF7|UX
18A|D6|1|7|S|8|N|0|0|0|5|0|0|1|1|0|0|1|0|B|2CF9|2CI8|UY
18C|D7|1|7|H|1|N|0|0|0|0|0|0|1|1|0|0|1|2|0|2CIC|2CIX|UZ
18D|D7|1|7|S|1Z|N|5|0|0|0|18|0|1|1|0|0|1|0|B|2CIZ|2CMY|V0
18D|D7|1|7|S|1|N|0|0|0|0|0|0|1|1|0|0|1|0|B|2CMY|2CNV|V0
18D|D7|1|7|S|I|N|0|8|0|0|0|0|1|1|0|0|1|0|B|2CNV|2CRM|V0
18E|D7|1|7|S|1|N|0|0|0|0|0|0|1|1|0|0|1|0|B|2CRO|2CU5|V1
18F|D7|1|7|S|6|N|0|0|0|0|S|0|1|1|0|0|1|0|B|2CU7|2CW9|V2
18H|D8|1|7|H|1|N|0|0|0|0|0|0|1|1|1|0|1|2|0|2CWD|2CWP|V3
18I|D8|1|7|S|I|N|0|0|0|0|0|0|1|1|0|0|1|0|B|2CWR|2CZI|V4
18I|D8|1|7|S|1X|N|0|0|0|0|0|0|1|1|0|1O|C|E|B|2CZI|2D13|V4
18I|D8|1|7|S|38|N|0|0|0|0|0|0|1|1|0|H|6|E|B|2D13|2D39|V4
18K|D9|1|7|H|1|L|1|0|0|0|0|0|1|1|0|0|1|9|0|2D3D|2D3V|V5
18L|DA|1|7|S|1|N|0|0|0|0|0|0|1|1|0|0|1|0|B|2D3X|2D59|V6
18L|DA|1|7|S|D|N|0|0|0|0|0|0|1|1|0|0|1|7|B|2D59|2D89|V6
18M|DB|1|7|S|7|N|0|0|0|0|7|0|1|1|0|0|1|0|B|2D8B|2DAN|V7
18M|DB|1|7|D|Z|Y|7|0|0|1|0|0|1|1|0|0|1|G|D|2DAN|2DD2|V7
18N|DC|1|7|D|1|Y|1|0|0|0|0|0|1|1|0|0|1|6|D|2DD4|2DF1|V8
18Q|DD|1|7|H|3|N|0|9|0|0|0|0|1|1|0|0|1|2|0|2DGZ|2DI8|V9
18S|DD|1|7|Y|1|N|0|0|0|0|0|0|1|1|0|0|1|0|B|2DK4|2DL4|VA
18V|DE|1|7|H|1|N|0|0|0|0|0|0|1|1|0|0|1|2|0|2DN2|2DO5|VB
18Y|DF|1|7|H|1|N|6|0|0|0|0|0|1|1|0|0|1|2|0|2DQ3|2DQO|VC
18Z|DF|1|7|S|1|N|6|0|0|0|0|0|1|1|0|0|1|0|B|2DQQ|2DRE|VD
18Z|DF|1|7|S|1|N|0|0|2|0|0|0|1|1|0|0|1|7|B|2DRE|2DSB|VD
190|DF|1|7|S|1|N|5|0|0|4|0|0|1|1|0|0|1|0|B|2DSD|2DVS|VE
190|DF|1|7|S|L|N|5|0|0|0|0|0|1|1|0|0|1|0|B|2DVS|2DZ4|VE
192|DG|1|7|H|3|N|0|0|0|0|0|0|1|1|0|0|1|2|0|2DZ8|2E0B|VF
193|DG|1|7|S|F|N|0|0|2|0|0|0|1|1|0|0|1|7|B|2E0D|2E44|VG
193|DG|1|7|S|10|N|0|0|0|0|0|0|1|1|0|0|1|0|B|2E44|2E71|VG
193|DG|1|7|S|D|N|0|0|0|0|0|0|1|1|0|0|1|0|B|2E71|2E84|VG
194|DG|1|7|S|4|N|0|0|0|0|0|0|1|1|0|0|1|7|B|2E86|2EAR|VH
194|DG|1|7|S|J|N|9|0|2|0|0|0|1|1|0|0|1|0|B|2EAR|2EG0|VH
196|DH|1|7|H|1|N|0|0|0|5|0|0|1|1|0|0|1|2|0|2EG4|2EGG|VI
197|DH|1|7|S|1|N|0|0|0|5|0|0|1|1|0|0|1|0|B|2EGI|2EHC|VJ
197|DH|1|7|S|C|N|0|0|0|0|0|0|1|1|0|0|1|0|B|2EHC|2EIF|VJ
199|DI|1|7|H|1|N|0|0|0|0|0|0|1|1|1|0|1|2|0|2EIJ|2EJ4|VK
19A|DI|1|7|S|1|N|0|G|0|0|0|0|1|1|1|0|1|0|B|2EJ6|2EKL|VL
19A|DI|1|7|S|C|N|0|7|0|0|0|0|1|1|0|0|1|0|B|2EKL|2EMF|VL
19A|DI|1|7|S|C|N|0|5|0|0|0|0|1|1|0|0|1|0|B|2EMF|2EO3|VL
19C|DJ|1|7|H|1|L|1|0|0|0|0|0|1|1|0|0|1|9|0|2EO7|2EOP|VM
19D|DK|1|7|S|O|N|6|0|0|0|0|0|1|1|1|0|1|0|B|2EOR|2ERR|VN
19E|DL|1|7|Y|6|N|0|0|0|0|0|0|1|1|0|0|1|0|B|2ERT|2EU2|VO
19E|DL|1|7|Y|39|N|7|0|0|2|2|0|1|1|0|6|2|E|B|2EU2|2EX8|VO
19F|DM|1|7|S|3|N|0|0|0|0|0|0|1|1|0|0|1|0|B|2EXA|2EYY|VP
19F|DM|1|7|S|2X|N|0|0|0|0|0|0|1|1|0|0|1|0|B|2EYY|2F0D|VP
19G|DN|1|7|D|C|D|0|0|0|0|0|0|1|1|0|0|1|G|D|2F0F|2F30|VQ
19H|DO|1|7|D|1|Y|1|0|0|0|0|0|1|1|0|0|1|6|D|2F32|2F4W|VR
19K|DP|1|7|H|1|D|1|0|0|0|0|0|1|1|0|0|1|9|0|2F68|2F7E|VS
19N|DP|1|7|H|32|D|1|0|0|0|0|0|1|1|0|0|1|A|0|2F8Q|2FBK|VT
19O|DP|1|7|S|3|N|0|0|0|0|0|0|1|1|0|0|1|0|B|2FBM|2FD9|VU
19P|DP|1|7|S|1|N|0|0|0|0|0|0|1|1|0|0|1|0|B|2FDB|2FEY|VV
19Q|DP|1|7|S|1|N|0|0|0|0|0|0|1|1|0|1P|4|E|B|2FF0|2FGB|VW
19R|DP|1|7|S|7|N|0|0|0|0|0|0|1|1|0|0|1|0|B|2FGD|2FHC|VX
19T|DQ|1|7|H|1|N|0|0|0|0|0|0|1|1|0|0|1|2|0|2FHG|2FI1|VY
19U|DQ|1|7|S|X|N|0|0|0|0|0|0|1|1|0|0|1|0|B|2FI3|2FKK|VZ
19U|DQ|1|7|S|1|N|0|0|0|0|0|0|1|1|0|0|1|0|B|2FKK|2FLK|VZ
19V|DQ|1|7|S|X|N|0|0|0|1|19|0|1|1|0|0|1|8|B|2FLM|2FO6|W0
19V|DQ|1|7|S|1|N|0|0|0|0|0|0|1|1|0|0|1|0|B|2FO6|2FOX|W0
19W|DQ|1|7|S|3|N|0|0|0|0|0|0|1|1|0|17|S|E|B|2FOZ|2FRA|W1
19Z|DR|1|7|H|1|L|1|0|0|0|0|0|1|1|0|0|1|9|0|2FSM|2FTJ|W2
1A2|DS|1|7|Y|6|N|5|0|0|0|0|0|1|1|0|0|1|0|B|2FUV|2FWD|W3
1A2|DS|1|7|Y|3|N|0|0|0|0|0|0|1|1|0|0|1|7|B|2FWD|2FYG|W3
1A3|DT|1|7|Y|3|N|0|0|0|0|0|0|1|1|0|0|1|0|B|2FYI|2G03|W4
1A3|DT|1|7|Y|A|N|0|0|0|0|0|0|1|1|0|0|1|0|B|2G03|2G1C|W4
1A4|DU|1|7|Y|1|N|0|0|0|0|0|0|1|1|0|0|1|0|B|2G1E|2G2H|W5
1A4|DU|1|7|Y|3|N|0|0|0|0|0|0|1|1|0|0|1|0|B|2G2H|2G3H|W5
1A4|DU|1|7|Y|1|N|0|0|0|2|2|0|1|1|0|0|1|0|B|2G3H|2G58|W5
1A5|DV|1|7|Y|3|N|7|0|0|0|0|0|1|1|0|6|2|E|B|2G5A|2G81|W6
1A5|DV|1|7|Y|3|N|7|0|0|0|0|0|1|1|0|0|1|0|B|2G81|2GAD|W6
1A6|DV|1|7|Y|1|N|6|0|0|0|0|0|1|1|0|0|1|0|B|2GAF|2GB9|W7
1A6|DV|1|7|Y|8|N|0|0|0|0|0|0|1|1|0|0|1|0|B|2GB9|2GCU|W7
1A6|DV|1|7|Y|3|N|0|0|0|0|0|0|1|1|0|0|1|0|B|2GCU|2GFC|W7
1A6|DV|1|7|Y|R|N|0|0|0|0|0|0|1|1|0|0|1|0|B|2GFC|2GGX|W7
1A7|DW|1|7|Y|1|N|0|0|0|0|0|0|1|1|0|0|1|0|B|2GGZ|2GHZ|W8
1A7|DW|1|7|Y|1|N|0|0|0|0|S|0|1|1|0|0|1|0|B|2GHZ|2GJ2|W8
1A7|DW|1|7|Y|H|N|6|0|0|0|0|0|1|1|0|0|1|0|B|2GJ2|2GLB|W8
1A8|DX|1|7|Y|1|N|0|0|0|0|0|0|1|1|0|0|1|0|B|2GLD|2GMJ|W9
1A8|DX|1|7|Y|1Q|N|7|0|0|0|0|0|1|1|0|0|1|0|B|2GMJ|2GPJ|W9
1A9|DX|1|7|Y|D|N|0|9|0|0|0|0|1|1|0|0|1|0|B|2GPL|2GT3|WA
1A9|DX|1|7|Y|7|N|0|0|0|2|0|0|1|1|0|0|1|0|B|2GT3|2GUF|WA
1A9|DX|1|7|Y|1|N|0|0|0|5|0|0|1|1|0|0|1|0|B|2GUF|2GVF|WA
1A9|DX|1|7|Y|D|N|8|0|0|0|1A|0|1|1|0|0|1|0|B|2GVF|2GXC|WA
1AA|DX|1|7|Y|3|N|0|0|0|0|0|0|1|1|0|0|1|0|B|2GXE|2GZB|WB
1AA|DX|1|7|Y|O|N|0|0|0|0|0|0|1|1|0|0|1|0|B|2GZB|2GZZ|WB
1AA|DX|1|7|Y|8|N|0|0|0|0|0|0|1|1|0|0|1|0|B|2GZZ|2H1E|WB
1AA|DX|1|7|Y|3|N|0|0|0|0|2|0|1|1|0|0|1|0|B|2H1E|2H3N|WB
1AB|DX|1|7|Y|12|N|0|1|0|0|2|0|1|1|0|0|1|0|B|2H3P|2H61|WC
1AB|DX|1|7|Y|3|N|0|0|0|2|0|0|1|1|0|0|1|0|B|2H61|2H71|WC
1AB|DX|1|7|Y|1|N|0|0|0|0|0|0|1|1|0|0|1|0|B|2H71|2H8V|WC
1AB|DX|1|7|Y|2|N|0|0|0|0|0|0|1|1|0|0|1|0|B|2H8V|2HAA|WC
1AE|DX|1|8|D|1|L|1|0|0|0|0|0|1|1|0|0|1|6|D|2HBM|2HDK|WD
1AH|DY|1|8|H|1|N|0|0|0|0|0|0|1|1|0|0|1|2|0|2HEW|2HF8|WE
1AI|DY|1|8|S|1|N|0|0|0|0|0|0|1|1|0|0|1|0|B|2HFA|2HGS|WF
1AI|DY|1|8|S|3|N|0|0|0|0|0|0|1|1|0|0|1|0|B|2HGS|2HK1|WF
1AL|DZ|1|8|H|1|N|0|0|0|0|0|0|1|1|0|0|1|2|0|2HLD|2HMV|WG
1AO|DZ|1|8|H|3|N|0|0|0|0|0|0|1|1|0|0|1|B|0|2HO7|2HQP|WH
1AQ|DZ|1|8|S|1|N|0|2|0|0|0|0|1|1|0|0|1|0|B|2HQT|2HRV|WI
1AQ|DZ|1|8|S|1|N|0|0|0|0|0|0|1|1|0|0|1|0|B|2HRV|2HTG|WI
1AQ|DZ|1|8|S|1|N|0|0|0|0|0|0|1|1|1|6|2|E|B|2HTG|2HUJ|WI
1AR|DZ|1|8|S|1|N|0|6|0|0|0|0|1|1|0|0|1|0|B|2HUL|2HVN|WJ
1AR|DZ|1|8|S|1|N|5|0|0|0|0|0|1|1|0|0|1|0|B|2HVN|2HWW|WJ
1AR|DZ|1|8|S|10|N|0|0|0|0|0|0|1|1|0|0|1|0|B|2HWW|2HZ2|WJ
1AS|DZ|1|8|S|1|N|0|H|0|0|0|0|1|1|0|0|1|0|B|2HZ4|2I06|WK
1AS|DZ|1|8|S|1|N|0|0|0|0|0|0|1|1|0|0|1|0|B|2I06|2I20|WK
1AT|DZ|1|8|S|1|N|0|K|0|0|0|0|1|1|0|0|1|0|B|2I22|2I34|WL
1AT|DZ|1|8|S|3A|N|0|0|0|0|0|0|1|1|0|0|1|0|B|2I34|2I51|WL
1AU|DZ|1|8|S|1|N|0|I|0|0|0|0|1|1|0|0|1|0|B|2I53|2I65|WM
1AU|DZ|1|8|S|1|N|0|0|0|0|0|0|1|1|0|0|1|0|B|2I65|2I6Z|WM
1AU|DZ|1|8|S|17|N|5|0|0|8|6|0|1|1|0|0|1|0|B|2I6Z|2IC2|WM
1AV|DZ|1|8|S|1|N|0|5|0|0|0|0|1|1|0|0|1|0|B|2IC4|2IDR|WN
1AV|DZ|1|8|S|7|N|0|0|0|0|0|0|1|1|0|0|1|0|B|2IDR|2IER|WN
1AV|DZ|1|8|S|1|N|0|0|0|0|0|0|1|1|1|0|1|0|B|2IER|2IG3|WN
1AV|DZ|1|8|S|7|N|0|0|0|0|0|0|1|1|1|0|1|0|B|2IG3|2IH6|WN
1AV|DZ|1|8|S|3|N|0|0|0|8|0|0|1|1|0|0|1|0|B|2IH6|2IIF|WN
1AW|DZ|1|8|S|1|N|0|1|0|0|0|0|1|1|0|0|1|0|B|2IIH|2IK4|WO
1AW|DZ|1|8|S|7|N|0|0|0|0|0|0|1|1|0|0|1|0|B|2IK4|2ILJ|WO
1AW|DZ|1|8|S|U|N|0|0|0|0|0|0|1|1|0|0|1|0|B|2ILJ|2IMV|WO
1AX|DZ|1|8|S|1|N|0|3|0|0|0|0|1|1|0|0|1|0|B|2IMX|2INZ|WP
1AX|DZ|1|8|S|I|N|0|0|0|0|0|0|1|1|0|0|1|0|B|2INZ|2IPE|WP
1AX|DZ|1|8|S|K|N|0|0|0|0|0|0|1|1|0|0|1|0|B|2IPE|2IQ5|WP
1AY|DZ|1|8|S|1|N|0|A|0|0|0|0|1|1|0|0|1|0|B|2IQ7|2IR9|WQ
1AY|DZ|1|8|S|1|N|0|0|0|0|0|0|1|1|0|0|1|0|B|2IR9|2IT9|WQ
1AY|DZ|1|8|S|1|N|0|0|0|0|0|0|1|1|0|0|1|0|B|2IT9|2ITU|WQ
1AZ|DZ|1|8|S|1|N|0|8|0|0|0|0|1|1|0|0|1|0|B|2ITW|2IUY|WR
1AZ|DZ|1|8|S|K|N|0|0|0|0|0|0|1|1|0|0|1|0|B|2IUY|2IVV|WR
1B0|DZ|1|8|S|1|N|0|9|0|0|0|0|1|1|0|0|1|0|B|2IVX|2IXW|WS
1B0|DZ|1|8|S|1|N|0|0|0|0|0|0|1|1|0|6|2|E|B|2IXW|2IZW|WS
1B1|DZ|1|8|S|1|N|0|7|0|0|0|0|1|1|0|0|1|0|B|2IZY|2J1U|WT
1B1|DZ|1|8|S|1|N|0|0|0|0|0|0|1|1|0|0|1|0|B|2J1U|2J2O|WT
1B1|DZ|1|8|S|3|N|0|0|0|1|0|0|1|1|0|0|1|0|B|2J2O|2J3I|WT
1B4|E0|1|8|H|1|N|0|0|0|0|0|0|1|1|0|0|1|2|0|2J4U|2J5R|WU
1B7|E1|1|8|H|1|N|0|0|0|0|0|0|1|1|0|0|1|2|0|2J73|2J7L|WV
1B8|E1|1|8|S|D|N|0|0|0|0|0|0|1|1|1|0|1|0|B|2J7N|2J9N|WW
1B9|E1|1|8|S|1|N|0|0|0|0|0|0|1|1|1|0|1|0|B|2J9P|2JB3|WX
1BA|E1|1|8|D|1|C|0|0|0|0|0|0|1|1|1|0|1|6|D|2JB5|2JDD|WY
1BB|E1|1|8|S|28|N|0|0|0|0|0|0|1|1|3|0|1|0|B|2JDF|2JEF|WZ
1BD|E2|1|8|H|1|N|0|0|0|0|0|0|1|1|0|0|1|2|0|2JEJ|2JFA|X0
1BE|E2|1|8|S|1|N|0|0|0|0|0|0|1|1|0|0|1|0|B|2JFC|2JGL|X1
1BE|E2|1|8|S|C|N|0|0|1|0|0|0|1|1|0|0|1|0|B|2JGL|2JH6|X1
1BE|E2|1|8|S|8|N|0|0|0|0|0|0|1|1|0|0|1|0|B|2JH6|2JHR|X1
1BE|E2|1|8|S|C|N|0|0|0|0|0|0|1|1|3|0|1|0|B|2JHR|2JJ6|X1
1BE|E2|1|8|S|1C|N|0|0|0|0|0|0|1|1|0|0|1|0|B|2JJ6|2JKO|X1
1BG|E3|1|8|H|1|N|0|0|0|0|0|0|1|1|0|0|1|2|0|2JKS|2JLD|X2
1BH|E3|1|8|S|I|N|0|0|0|0|0|0|1|1|0|0|1|0|B|2JLF|2JN8|X3
1BI|E3|1|8|S|1|N|0|0|0|0|0|0|1|1|1|0|1|0|B|2JNA|2JOC|X4
1BJ|E3|1|8|S|7|N|0|0|0|0|D|0|1|1|0|0|1|0|B|2JOE|2JPV|X5
1BK|E3|1|8|S|3|N|0|0|0|0|0|0|1|1|0|0|1|0|B|2JPX|2JRB|X6
1BL|E3|1|8|S|3|N|5|0|0|0|0|0|1|1|0|0|1|0|B|2JRD|2JTX|X7
1BN|E4|1|8|H|1|N|0|0|0|0|0|0|1|1|0|6|2|I|0|2JU1|2JUJ|X8
1BO|E4|1|8|S|1|N|0|0|0|0|0|0|1|1|0|0|1|0|B|2JUL|2JVF|X9
1BP|E4|1|8|S|5|N|0|0|0|0|0|0|1|1|0|0|1|0|B|2JVH|2JXS|XA
1BQ|E4|1|8|S|1|N|0|0|0|0|0|0|1|1|0|0|1|0|B|2JXU|2JZZ|XB
1BR|E4|1|8|S|7|N|0|0|0|0|0|0|1|1|0|0|1|0|B|2K01|2K26|XC
1BT|E5|1|8|H|1|N|0|0|0|0|0|0|1|1|0|0|1|2|0|2K2A|2K2S|XD
1BU|E5|1|8|S|L|N|0|0|0|0|0|0|1|1|0|I|E|F|B|2K2U|2K4Q|XE
1BV|E5|1|8|S|1|N|0|0|2|1|1B|0|1|1|0|Y|F|E|B|2K4S|2K8R|XF
1BV|E5|1|8|S|10|N|0|0|0|8|0|0|1|1|0|6|2|E|B|2K8R|2KAI|XF
1BX|E6|1|8|H|1|N|0|0|0|0|0|0|1|1|1|0|1|2|0|2KAM|2KB4|XG
1BY|E6|1|8|S|1|N|0|0|1|0|0|0|1|1|0|0|1|0|B|2KB6|2KDZ|XH
1BZ|E6|1|8|S|C|N|0|0|0|0|0|0|1|1|0|0|1|0|B|2KE1|2KG3|XI
1C0|E6|1|8|S|1|N|0|0|2|0|0|0|1|1|0|0|1|0|B|2KG5|2KHS|XJ
1C3|E7|1|8|H|1|N|0|0|0|0|0|0|1|1|0|0|1|2|0|2KJ4|2KK4|XK
1C6|E8|1|8|H|1|N|0|K|0|0|0|0|1|1|0|0|1|2|0|2KLG|2KLS|XL
1C7|E8|1|8|D|1|C|0|0|0|0|0|0|1|1|0|I|E|S|D|2KLU|2KNT|XM
1C8|E8|1|8|S|3|N|0|0|0|0|0|0|1|1|0|0|1|0|B|2KNV|2KP0|XN
1CA|E9|1|8|H|1|N|0|I|0|0|0|0|1|1|0|0|1|2|0|2KP4|2KPG|XO
1CB|E9|1|8|S|1|N|0|0|0|0|0|0|1|1|1|0|1|0|B|2KPI|2KQB|XP
1CB|E9|1|8|S|D|N|0|0|0|0|1|0|1|1|0|0|1|0|B|2KQB|2KRK|XP
1CC|E9|1|8|S|6|N|0|0|0|0|0|0|1|1|0|0|1|8|B|2KRM|2KUI|XQ
1CE|EA|1|8|H|1|N|0|5|0|0|0|0|1|1|0|0|1|2|0|2KUM|2KUY|XR
1CF|EA|1|8|D|7|C|0|0|0|1|0|0|1|1|0|0|1|O|D|2KV0|2KYE|XS
1CG|EA|1|8|S|J|N|0|0|0|1|0|0|1|1|0|0|1|0|B|2KYG|2KZX|XT
1CH|EA|1|8|S|1|N|0|0|0|0|0|0|1|1|1|F|C|E|B|2KZZ|2L17|XU
1CJ|EB|1|8|H|1|N|0|8|0|0|0|0|1|1|0|0|1|2|0|2L1B|2L1N|XV
1CK|EB|1|8|D|I|C|0|0|0|0|0|0|1|1|0|0|1|L|D|2L1P|2L3L|XW
1CL|EB|1|8|S|6|N|0|0|0|0|0|0|1|1|0|0|1|0|B|2L3N|2L4P|XX
1CN|EC|1|8|H|1|N|0|9|0|0|0|0|1|1|0|0|1|2|0|2L4T|2L55|XY
1CO|EC|1|8|S|1|N|0|0|0|0|0|0|1|1|0|0|1|0|B|2L57|2L6C|XZ
1CP|EC|1|8|S|8|N|0|0|0|0|0|0|1|1|0|0|1|0|B|2L6E|2L81|Y0
1CR|ED|1|8|H|1|N|0|7|0|0|0|0|1|1|0|0|1|2|0|2L85|2L8H|Y1
1CS|ED|1|8|S|1|N|0|0|0|0|0|0|1|1|0|0|1|0|B|2L8J|2L9R|Y2
1CT|ED|1|8|S|I|N|0|0|0|0|0|0|1|1|1|0|1|0|B|2L9T|2LBG|Y3
1CU|ED|1|8|S|G|N|0|0|0|0|0|0|1|1|1|0|1|0|B|2LBI|2LCN|Y4
1CX|EE|1|8|H|1|L|1|0|0|0|0|0|1|1|0|0|1|9|0|2LDZ|2LEW|Y5
1D0|EF|1|8|H|1|N|0|0|0|0|0|0|1|1|0|0|1|2|0|2LG8|2LGT|Y6
1D1|EF|1|8|S|8|N|0|0|3|0|0|0|1|1|0|0|1|0|B|2LGV|2LHV|Y7
1D1|EF|1|8|S|8|N|0|0|0|0|0|0|1|1|3|0|1|0|B|2LHV|2LIS|Y7
1D1|EF|1|8|S|C|N|0|0|1|0|0|0|1|1|3|0|1|0|B|2LIS|2LKA|Y7
1D1|EF|1|8|S|3B|N|0|0|2|0|0|0|1|1|3|0|1|0|B|2LKA|2LM7|Y7
1D1|EF|1|8|S|1|N|0|0|2|0|0|0|1|1|3|0|1|0|B|2LM7|2LNG|Y7
1D1|EF|1|8|S|7|N|0|0|0|0|0|0|1|1|1|1Q|12|E|B|2LNG|2LOJ|Y7
1D2|EG|1|8|S|L|N|0|0|2|0|0|0|1|1|3|0|1|7|B|2LOL|2LS6|Y8
1D4|EH|1|8|H|1|N|0|0|0|0|0|0|1|1|4|0|1|2|0|2LSA|2LSV|Y9
1D5|EH|1|8|S|1|N|0|0|0|0|0|0|1|1|4|0|1|0|B|2LSX|2LVL|YA
1D5|EH|1|8|S|1|N|0|0|0|0|0|0|1|1|4|0|1|0|B|2LVL|2LX9|YA
1D5|EH|1|8|D|C|U|1|0|0|0|0|0|1|1|4|0|1|6|D|2LX9|2LYX|YA
1D7|EI|1|8|H|1|N|0|0|0|0|0|0|1|1|0|0|1|2|0|2LZ1|2LZJ|YB
1D8|EI|1|8|S|3|N|5|0|1|0|0|0|1|1|0|0|1|0|B|2LZL|2M1R|YC
1D8|EI|1|8|S|1|N|0|0|0|0|0|0|1|1|0|0|1|0|B|2M1R|2M3F|YC
1D8|EI|1|8|S|D|N|0|0|0|0|0|0|1|1|0|0|1|0|B|2M3F|2M69|YC
1D8|EI|1|8|S|2R|N|0|0|0|0|0|0|1|1|0|0|1|0|B|2M69|2M7F|YC
1DA|EJ|1|8|H|1|N|0|0|0|0|0|0|1|1|0|0|1|2|0|2M7J|2M8A|YD
1DB|EK|1|8|M|H|N|0|0|0|0|0|0|1|1|0|0|1|1|0|2M8C|2MA3|YE
1DB|EK|1|8|Y|1G|N|0|0|0|0|0|0|1|1|0|0|1|0|B|2MA3|2MD0|YE
1DD|EL|1|8|H|1|N|0|0|0|0|0|0|1|1|0|0|1|2|0|2MD4|2MDJ|YF
1DE|EL|1|8|S|L|N|0|0|0|2|2|0|1|1|0|0|1|0|B|2MDL|2MF6|YG
1DE|EL|1|8|S|1|N|5|0|0|0|0|0|1|1|0|0|1|0|B|2MF6|2MFU|YG
1DE|EL|1|8|S|3C|N|0|0|0|6|0|0|1|1|0|0|1|0|B|2MFU|2MIX|YG
1DE|EL|1|8|S|3|N|0|0|0|0|0|0|1|1|0|0|1|0|B|2MIX|2MJI|YG
1DE|EL|1|8|S|H|N|0|0|0|0|0|0|1|1|0|0|1|0|B|2MJI|2MKC|YG
1DG|EM|1|8|H|1|N|0|0|0|0|0|0|1|1|0|0|1|2|0|2MKG|2ML1|YH
1DH|EM|1|8|S|K|N|0|0|0|0|0|0|1|1|0|0|1|0|B|2ML3|2MML|YI
1DH|EM|1|8|S|C|N|0|0|0|1|1C|0|1|1|0|0|1|0|B|2MML|2MOI|YI
1DH|EM|1|8|S|13|N|0|0|0|0|0|0|1|1|0|1R|X|D|B|2MOI|2MQF|YI
1DH|EM|1|8|S|1|N|0|0|0|0|0|0|1|1|0|0|1|0|B|2MQF|2MRF|YI
1DJ|EN|1|8|H|3|N|5|0|0|0|0|0|1|1|0|0|1|2|0|2MRJ|2MS7|YJ
1DK|EN|1|8|S|1|N|0|J|0|0|0|0|1|1|0|0|1|0|B|2MS9|2MV9|YK
1DK|EN|1|8|S|3|N|5|0|5|0|0|0|1|1|0|0|1|0|B|2MV9|2MW9|YK
1DK|EN|1|8|S|1|N|0|0|0|0|0|0|1|1|0|0|1|0|B|2MW9|2MXU|YK
1DK|EN|1|8|S|3|N|5|3|0|0|0|0|1|1|0|0|1|0|B|2MXU|2N03|YK
1DK|EN|1|8|S|3|N|5|0|0|0|0|0|1|1|0|0|1|0|B|2N03|2N1U|YK
1DK|EN|1|8|S|1|N|0|0|0|0|0|0|1|1|0|0|1|0|B|2N1U|2N36|YK
1DL|EO|1|8|Y|3|N|7|0|5|0|0|0|1|1|0|6|2|E|B|2N38|2N4W|YL
1DL|EO|1|8|Y|L|N|0|0|0|9|0|0|1|1|0|0|1|0|B|2N4W|2N6E|YL
1DL|EO|1|8|Y|3|N|0|0|0|2|0|0|1|1|0|0|1|0|B|2N6E|2N75|YL
1DN|EP|1|8|H|1|N|0|0|0|0|0|0|1|1|0|0|1|2|0|2N79|2N7R|YM
1DO|EP|1|8|S|1|N|0|0|0|0|0|0|1|1|0|0|1|0|B|2N7T|2N9Q|YN
1DO|EP|1|8|S|1|N|0|0|0|0|0|0|1|1|0|0|1|0|B|2N9Q|2NAZ|YN
1DO|EP|1|8|S|1|N|0|0|0|0|0|0|1|1|0|0|1|7|B|2NAZ|2NBN|YN
1DO|EP|1|8|S|3|N|0|0|0|0|F|0|1|1|0|0|1|0|B|2NBN|2NDK|YN
1DO|EP|1|8|S|3|N|0|0|0|0|0|0|1|1|0|0|1|0|B|2NDK|2NEQ|YN
1DQ|EQ|1|8|H|1|N|0|0|0|0|0|0|1|1|0|0|1|2|0|2NEU|2NFF|YO
1DR|ER|1|8|S|1|N|0|0|0|0|0|0|1|1|0|0|1|0|B|2NFH|2NGW|YP
1DR|ER|1|8|S|L|N|0|0|0|1|0|0|1|1|0|0|1|0|B|2NGW|2NKK|YP
1DT|ES|1|8|H|1|N|0|0|0|0|0|0|1|1|0|0|1|2|0|2NKO|2NL6|YQ
1DU|ET|1|8|Y|1R|N|0|0|0|0|S|0|1|1|0|0|1|0|B|2NL8|2NN2|YR
1DU|ET|1|8|Y|1|N|0|0|0|0|0|0|1|1|0|0|1|0|B|2NN2|2NO2|YR
1DW|EU|1|8|H|1|N|0|0|0|0|0|0|1|1|0|0|1|2|0|2NO6|2NOL|YS
1DX|EV|1|8|S|D|N|0|0|0|0|0|0|1|1|0|0|1|0|B|2NON|2NPK|YT
1DX|EV|1|8|S|C|N|0|0|0|2|2|0|1|1|0|0|1|0|B|2NPK|2NQE|YT
1DX|EV|1|8|S|7|N|0|0|0|4|0|0|1|1|0|0|1|0|B|2NQE|2NSK|YT
1DZ|EW|1|8|H|1|N|0|0|0|0|0|0|1|1|0|0|1|2|0|2NSO|2NT6|YU
1E0|EX|1|8|S|28|N|0|0|0|0|0|0|1|1|0|0|1|0|B|2NT8|2NUH|YV
1E0|EX|1|8|S|2R|N|0|K|0|0|0|0|1|1|0|0|1|0|B|2NUH|2NWW|YV
1E1|EY|1|8|D|1|Y|1|0|0|0|0|0|1|1|0|0|1|6|D|2NWY|2NZG|YW
1E1|EY|1|8|Y|1|N|0|0|0|0|0|0|1|1|0|0|1|0|B|2NZG|2O0D|YW
1E2|EZ|1|8|S|1|N|0|0|0|0|0|0|1|1|0|0|1|0|B|2O0F|2O1R|YX
1E2|EZ|1|8|S|3A|N|0|0|0|0|0|0|1|1|0|6|2|E|B|2O1R|2O2O|YX
1E2|EZ|1|8|S|3|N|0|0|0|0|0|0|1|1|0|0|1|0|B|2O2O|2O49|YX
1E3|F0|1|8|Y|1|N|0|0|0|0|0|0|1|1|0|0|1|0|B|2O4B|2O6K|YY
1E4|F0|1|8|Y|1|N|0|5|0|0|0|0|1|1|1|0|1|0|B|2O6M|2O8S|YZ
1E4|F0|1|8|Y|O|N|0|0|2|0|0|0|1|1|1|0|1|0|B|2O8S|2OAJ|YZ
1E4|F0|1|8|Y|3|N|0|7|0|0|0|0|1|1|0|0|1|0|B|2OAJ|2OCM|YZ
1E5|F1|1|8|S|3|N|0|0|0|0|0|0|1|1|0|Y|F|E|B|2OCO|2OEU|Z0
1E6|F2|1|8|D|1|Y|1|0|0|0|0|0|1|1|0|0|1|6|D|2OEW|2OI8|Z1
1E9|F2|1|9|D|1|L|1|0|0|0|0|0|1|1|0|0|1|6|D|2OJK|2OLI|Z2
1EC|F3|1|9|H|1|N|0|0|0|0|0|0|1|1|0|0|1|2|0|2OMU|2ON6|Z3
1ED|F3|1|9|S|1|N|0|0|0|0|0|0|1|1|0|0|1|0|B|2ON8|2OOZ|Z4
1ED|F3|1|9|S|L|N|0|0|0|0|0|0|1|1|0|0|1|0|B|2OOZ|2OQH|Z4
1EG|F4|1|9|H|1|N|0|0|0|0|0|0|1|1|0|0|1|2|0|2ORT|2OSZ|Z5
1EK|F5|1|9|H|1|N|0|1|0|0|0|0|1|1|0|0|1|2|0|2OW5|2OX5|Z6
1EN|F5|1|9|S|1|N|6|0|0|0|0|0|1|1|0|0|1|0|B|2OZ3|2OZL|Z7
1EN|F5|1|9|S|C|N|0|B|1|0|0|0|1|1|0|0|1|0|B|2OZL|2P19|Z7
1EN|F5|1|9|S|C|N|0|B|0|0|0|0|1|1|0|0|1|0|B|2P19|2P33|Z7
1EP|F6|1|9|H|1|N|0|0|0|0|0|0|1|1|0|0|1|2|0|2P37|2P3S|Z8
1EQ|F6|1|9|S|7|N|0|0|0|0|0|0|1|1|0|0|1|0|B|2P3U|2P6E|Z9
1ER|F6|1|9|S|3D|N|0|0|0|0|0|0|1|1|0|0|1|0|B|2P6G|2PBC|ZA
1ET|F7|1|9|H|1|N|0|2|0|0|0|0|1|1|0|0|1|2|0|2PBG|2PCG|ZB
1EU|F7|1|9|S|1U|N|0|0|0|0|F|0|1|1|0|0|1|0|B|2PCI|2PDE|ZC
1EU|F7|1|9|S|28|N|0|0|0|0|0|0|1|1|0|0|1|0|B|2PDE|2PET|ZC
1EU|F7|1|9|S|2|N|0|0|0|0|0|0|1|1|0|11|7|E|B|2PET|2PGQ|ZC
1EU|F7|1|9|S|C|N|0|0|0|0|0|0|1|1|0|0|1|0|B|2PGQ|2PH8|ZC
1EV|F7|1|9|S|3|N|0|0|0|0|0|0|1|1|0|0|1|0|B|2PHA|2PKU|ZD
1EW|F7|1|9|S|1|N|0|2|0|1|0|0|1|1|0|0|1|0|B|2PKW|2PN7|ZE
1EY|F8|1|9|H|1|N|0|1|0|0|0|0|1|1|0|0|1|2|0|2PNB|2POB|ZF
1EZ|F8|1|9|S|1|N|5|0|0|0|0|0|1|1|0|0|1|0|B|2POD|2PR6|ZG
1EZ|F8|1|9|S|G|N|0|0|0|2|2|0|1|1|0|0|1|0|B|2PR6|2PRX|ZG
1F0|F8|1|9|S|1|N|0|0|0|0|0|0|1|1|0|0|1|0|B|2PRZ|2PT4|ZH
1F1|F8|1|9|S|3|N|0|0|0|0|0|0|1|1|0|0|1|0|B|2PT6|2PTT|ZI
1F1|F8|1|9|S|1|N|0|0|0|0|0|0|1|1|0|0|1|0|B|2PTT|2PV5|ZI
1F1|F8|1|9|S|3|N|0|0|0|0|0|0|1|1|0|0|1|0|B|2PV5|2PW5|ZI
1F1|F8|1|9|S|6|N|0|0|0|0|0|0|1|1|0|0|1|0|B|2PW5|2PXK|ZI
1F2|F8|1|9|S|1|N|0|1|0|1|0|0|1|1|0|0|1|0|B|2PXM|2Q06|ZJ
1F4|F9|1|9|H|1|N|0|0|0|0|0|0|1|1|0|0|1|2|0|2Q0A|2Q0V|ZK
1F5|F9|1|9|S|3E|N|0|0|0|0|0|0|1|1|0|0|1|0|B|2Q0X|2Q3N|ZL
1F5|F9|1|9|S|7|N|0|0|0|0|0|0|1|1|0|0|1|0|B|2Q3N|2Q55|ZL
1F5|F9|1|9|S|3|N|0|0|0|0|0|0|1|1|0|0|1|0|B|2Q55|2Q75|ZL
1F6|F9|1|9|S|3|N|0|0|0|4|0|0|1|1|0|0|1|0|B|2Q77|2Q86|ZM
1F6|F9|1|9|S|3|N|0|0|0|0|0|0|1|1|0|4|2|E|B|2Q86|2Q96|ZM
1F7|F9|1|9|S|6|N|0|0|0|2|F|0|1|1|0|0|1|0|B|2Q98|2QC4|ZN
1F9|FA|1|9|H|1|N|0|0|0|0|0|0|1|1|0|0|1|2|0|2QC8|2QCT|ZO
1FA|FA|1|9|S|1|N|0|Q|0|0|0|0|1|1|0|0|1|0|B|2QCV|2QFP|ZP
1FA|FA|1|9|S|1|N|0|0|0|0|0|0|1|1|0|0|1|0|B|2QFP|2QGV|ZP
1FA|FA|1|9|S|O|N|0|0|0|0|0|0|1|1|0|0|1|0|B|2QGV|2QI1|ZP
1FA|FA|1|9|S|3|N|0|0|0|0|0|0|1|1|0|0|1|0|B|2QI1|2QJ7|ZP
1FD|FB|1|9|H|3|N|0|3|0|0|0|0|1|1|0|0|1|2|0|2QL5|2QME|ZQ
1FF|FB|1|9|Y|1|N|0|0|0|0|0|0|1|1|0|0|1|0|B|2QOA|2QPA|ZR
1FI|FC|1|9|H|1|N|0|A|0|0|0|0|1|1|0|0|1|2|0|2QR8|2QS8|ZS
1FL|FC|1|9|S|1|N|6|0|0|0|0|0|1|1|0|0|1|0|B|2QU6|2QUR|ZT
1FL|FC|1|9|S|7|N|0|0|0|0|0|0|1|1|0|0|1|0|B|2QUR|2QYI|ZT
1FN|FD|1|9|H|1|N|0|H|0|0|0|0|1|1|0|0|1|2|0|2QYM|2QYY|ZU
1FO|FD|1|9|D|6|C|5|0|0|0|0|0|1|1|0|P|I|J|D|2QZ0|2R1W|ZV
1FO|FD|1|9|S|5|N|0|0|0|0|0|0|1|1|0|0|1|0|B|2R1W|2R3W|ZV
1FQ|FE|1|9|H|1|N|0|A|0|0|0|0|1|1|0|0|1|2|0|2R40|2R4C|ZW
1FR|FE|1|9|D|1|C|0|0|0|0|0|0|1|1|0|0|1|6|D|2R4E|2R5V|ZX
1FR|FE|1|9|S|M|N|0|0|0|0|0|0|1|1|0|1S|K|E|B|2R5V|2R7J|ZX
1FS|FE|1|9|S|14|N|0|0|0|0|0|0|1|1|0|0|1|0|B|2R7L|2RA2|ZY
1FT|FE|1|9|S|7|N|0|0|0|0|0|0|1|1|0|P|I|E|B|2RA4|2RC9|ZZ
1FV|FF|1|9|H|1|N|0|0|0|0|0|0|1|1|0|0|1|2|0|2RCD|2RD1|100
1FW|FF|1|9|S|1|N|0|0|0|0|M|0|1|1|0|0|1|0|B|2RD3|2RE2|101
1FW|FF|1|9|S|3|N|0|0|0|0|1D|0|1|1|0|0|1|0|B|2RE2|2REQ|101
1FX|FF|1|9|S|1|N|0|0|0|0|0|0|1|1|0|0|1|0|B|2RES|2RFO|102
1FX|FF|1|9|S|E|N|0|0|0|3|2|0|1|1|0|0|1|0|B|2RFO|2RJ0|102
1FY|FF|1|9|S|T|N|0|0|0|0|0|0|1|1|0|0|1|0|B|2RJ2|2RLS|103
1FZ|FF|1|9|S|32|N|0|0|0|0|0|0|1|1|0|0|1|0|B|2RLU|2RNT|104
1G1|FG|1|9|H|1|N|0|0|0|0|6|0|1|1|0|0|1|2|0|2RNX|2ROF|105
1G2|FG|1|9|S|T|N|0|0|0|0|0|0|1|1|0|0|1|0|B|2ROH|2RQD|106
1G3|FG|1|9|S|3|N|0|H|0|0|6|0|1|1|0|0|1|0|B|2RQF|2RS8|107
1G5|FH|1|9|H|1|N|0|0|0|0|0|0|1|1|0|0|1|2|0|2RSC|2RSO|108
1G6|FH|1|9|S|1|N|0|0|0|4|0|0|1|1|1|F|C|E|B|2RSQ|2RUG|109
1G6|FH|1|9|S|K|N|0|0|0|0|0|0|1|1|1|0|1|0|B|2RUG|2RVY|109
1G6|FH|1|9|S|3|N|0|0|0|0|M|0|1|1|0|0|1|0|B|2RVY|2RXA|109
1G6|FH|1|9|S|1|N|0|0|0|0|0|0|1|1|0|0|1|0|B|2RXA|2RYA|109
1G7|FH|1|9|S|1|N|0|0|0|1|0|0|1|1|0|0|1|0|B|2RYC|2RZH|10A
1G7|FH|1|9|D|3|C|0|0|0|1|0|0|1|1|0|0|1|O|D|2RZH|2S1K|10A
1G7|FH|1|9|D|8|L|1|0|0|0|0|0|1|1|0|1D|W|J|D|2S1K|2S2N|10A
1GA|FI|1|9|H|3|N|0|8|0|0|0|0|1|1|0|0|1|2|0|2S4L|2S5U|10B
1GC|FI|1|9|Y|1|N|0|0|0|0|0|0|1|1|0|0|1|0|B|2S7Q|2S8Q|10C
1GF|FJ|1|9|H|1|N|0|9|0|0|0|0|1|1|0|0|1|2|0|2SAO|2SBO|10D
1GI|FJ|1|9|S|1|N|6|0|0|0|0|0|1|1|0|0|1|0|B|2SDM|2SE4|10E
1GI|FJ|1|9|S|J|N|0|0|0|0|F|0|1|1|0|B|2|E|B|2SE4|2SIG|10E
1GK|FK|1|9|H|1|N|0|0|0|0|0|0|1|1|0|0|1|2|0|2SIK|2SJ5|10F
1GL|FK|1|9|S|O|N|0|0|0|0|0|0|1|1|0|0|1|0|B|2SJ7|2SK7|10G
1GL|FK|1|9|D|9|L|1|0|0|0|0|0|1|1|0|0|1|6|D|2SK7|2SMM|10G
1GN|FL|1|9|H|1|N|0|0|0|0|0|0|1|1|0|0|1|2|0|2SMQ|2SNE|10H
1GO|FL|1|9|S|I|N|0|0|0|1|0|0|1|1|0|0|1|0|B|2SNG|2SPC|10I
1GP|FL|1|9|S|3|N|5|0|0|2|0|0|1|1|0|0|1|0|B|2SPE|2SQP|10J
1GP|FL|1|9|D|3|D|1|0|0|2|0|0|1|1|0|0|1|6|D|2SQP|2SSS|10J
1GR|FM|1|9|H|1|N|0|0|0|0|0|0|1|1|0|0|1|2|0|2SSW|2STH|10K
1GS|FM|1|9|S|2|N|0|0|0|0|0|0|1|1|0|0|1|0|B|2STJ|2SVI|10L
1GS|FM|1|9|S|8|N|0|0|0|0|0|0|1|1|0|0|1|0|B|2SVI|2SWL|10L
1GT|FM|1|9|D|L|C|0|0|0|0|0|0|1|1|0|0|1|O|D|2SWN|2SYD|10M
1GV|FN|1|9|H|1|N|0|0|0|0|0|0|1|1|1|0|1|2|0|2SYH|2SYT|10N
1GW|FN|1|9|S|3B|N|0|0|0|0|0|0|1|1|1|0|1|0|B|2SYV|2T17|10O
1GZ|FO|1|9|H|3|N|0|7|0|0|0|0|1|1|0|0|1|2|0|2T35|2T4E|10P
1H1|FO|1|9|Y|1|N|0|0|0|0|0|0|1|1|0|0|1|0|B|2T6A|2T7A|10Q
1H4|FP|1|9|H|1|L|1|0|0|0|0|0|1|1|0|0|1|9|0|2T8M|2T9J|10R
1H7|FQ|1|9|H|1|N|0|0|0|0|0|0|1|1|0|0|1|2|0|2TAV|2TBD|10S
1H8|FR|1|9|Y|1M|N|0|0|0|0|0|0|1|1|0|0|1|0|B|2TBF|2TE9|10T
1H8|FR|1|9|Y|3|N|0|0|0|0|0|0|1|1|0|0|1|0|B|2TE9|2TF3|10T
1HA|FS|1|9|H|1|N|0|0|0|0|0|0|1|1|0|0|1|2|0|2TF7|2TFS|10U
1HB|FS|1|9|S|1|N|0|0|0|0|0|0|1|1|0|0|1|0|B|2TFU|2TGU|10V
1HB|FS|1|9|S|2K|N|0|0|0|7|3|0|1|1|0|6|2|E|B|2TGU|2TIX|10V
1HB|FS|1|9|S|6|N|0|0|0|0|0|0|1|1|0|0|1|0|B|2TIX|2TL9|10V
1HB|FS|1|9|S|1|N|0|0|0|0|0|0|1|1|0|0|1|0|B|2TL9|2TNO|10V
1HD|FT|1|9|H|1|N|0|0|0|0|0|0|1|1|0|0|1|2|0|2TNS|2TOA|10W
1HE|FU|1|9|S|C|N|0|0|0|0|0|0|1|1|0|0|1|0|B|2TOC|2TQ9|10X
1HE|FU|1|9|S|1|N|0|0|0|0|0|0|1|1|0|0|1|0|B|2TQ9|2TRO|10X
1HE|FU|1|9|S|1|N|0|0|0|0|0|0|1|1|0|0|1|0|B|2TRO|2TSU|10X
1HG|FV|1|9|H|1|N|0|0|0|0|0|0|1|1|0|0|1|2|0|2TSY|2TTG|10Y
1HH|FW|1|9|Y|O|N|0|0|0|0|0|0|1|1|0|0|1|0|B|2TTI|2TVX|10Z
1HH|FW|1|9|Y|1|N|0|0|0|0|0|0|1|1|0|0|1|0|B|2TVX|2TX0|10Z
1HH|FW|1|9|Y|1|N|0|0|0|0|0|0|1|1|0|0|1|0|B|2TX0|2TYR|10Z
1HJ|FX|1|9|H|1|N|0|0|0|0|0|0|1|1|0|0|1|2|0|2TYV|2TZG|110
1HK|FY|1|9|S|3|N|0|0|0|0|0|0|1|1|0|0|1|0|B|2TZI|2U0L|111
1HK|FY|1|9|S|3F|N|0|0|5|0|M|0|1|1|0|0|1|0|B|2U0L|2U3L|111
1HK|FY|1|9|S|1|N|0|0|0|0|0|0|1|1|0|0|1|0|B|2U3L|2U4F|111
1HM|FZ|1|9|H|1|Y|1|0|0|3|0|0|1|1|0|0|1|9|0|2U4J|2U5J|112
1HN|G0|1|9|S|3|N|0|0|0|1|0|0|1|1|0|11|7|E|B|2U5L|2U73|113
1HN|G0|1|9|S|8|N|0|0|0|0|0|0|1|1|0|1T|K|E|B|2U73|2U9I|113
1HO|G1|1|9|D|1|Y|1|0|0|3|0|0|1|1|0|0|1|6|D|2U9K|2UBH|114
1HP|G2|1|9|D|1|Y|1|0|4|3|0|0|1|1|0|0|1|6|D|2UBJ|2UD7|115
1HR|G3|1|9|H|1|N|0|0|0|0|0|0|1|1|0|0|1|2|0|2UDB|2UE2|116
1HS|G4|1|9|Y|1|N|0|0|1|0|0|0|1|1|0|0|1|0|B|2UE4|2UEY|117
1HS|G4|1|9|Y|O|N|0|0|0|0|0|0|1|1|0|0|1|0|B|2UEY|2UGJ|117
1HS|G4|1|9|Y|3|N|0|U|0|0|0|0|1|1|0|0|1|0|B|2UGJ|2UIP|117
1HS|G4|1|9|Y|1|N|0|0|0|0|0|0|1|1|0|0|1|0|B|2UIP|2UJ4|117
1HU|G5|1|9|H|1|N|0|0|0|0|5|0|1|1|0|0|1|2|0|2UJ8|2UJT|118
1HV|G6|1|9|S|I|N|0|0|0|0|5|0|1|1|0|0|1|0|B|2UJV|2ULG|119
1HV|G6|1|9|S|1|N|0|0|0|0|5|0|1|1|0|0|1|0|B|2ULG|2UMP|119
1HV|G6|1|9|S|14|N|0|0|0|0|1E|0|1|1|0|0|1|0|B|2UMP|2UOG|119
1HX|G7|1|9|H|1|N|0|0|0|0|0|0|1|1|0|0|1|2|0|2UOK|2UP2|11A
1HY|G8|1|9|S|K|N|0|0|0|0|E|0|1|1|0|0|1|0|B|2UP4|2UQY|11B
1HZ|G8|1|9|S|1|N|0|V|0|0|E|0|1|1|0|0|1|0|B|2UR0|2USV|11C
1I0|G8|1|9|S|1|N|0|H|0|0|6|0|1|1|0|0|1|0|B|2USX|2UUA|11D
1I1|G8|1|9|S|1|N|0|0|0|0|0|0|1|1|0|0|1|0|B|2UUC|2UUZ|11E
1I1|G8|1|9|S|4|N|0|0|0|0|5|0|1|1|0|P|I|E|B|2UUZ|2UX2|11E
1I3|G9|1|9|H|1|N|0|0|0|0|0|0|1|1|0|0|1|2|0|2UX6|2UXR|11F
1I4|GA|1|9|S|3|N|0|0|0|0|0|0|1|1|0|0|1|0|B|2UXT|2UZZ|11G
1I4|GA|1|9|S|2|N|0|0|0|2|0|0|1|1|0|8|7|E|B|2UZZ|2V1K|11G
1I4|GA|1|9|S|3|N|0|0|0|0|0|0|1|1|0|0|1|0|B|2V1K|2V3B|11G
1I6|GB|1|9|H|1|N|0|A|0|0|0|0|1|1|0|0|1|2|0|2V3F|2V43|11H
1I7|GB|1|9|S|X|N|0|A|0|0|0|0|1|1|0|1U|2|E|B|2V45|2V7N|11I
1I7|GB|1|9|S|3G|N|0|0|0|0|0|0|1|1|0|A|9|E|B|2V7N|2V8T|11I
1I7|GB|1|9|S|R|N|0|0|0|0|0|0|1|1|0|0|1|0|B|2V8T|2VAB|11I
1I7|GB|1|9|S|1Y|N|0|0|0|0|0|0|1|1|0|6|2|E|B|2VAB|2VBZ|11I
1I7|GB|1|9|S|C|N|0|A|0|0|0|0|1|1|0|8|7|E|B|2VBZ|2VDZ|11I
1I9|GC|1|9|H|1|N|0|H|0|0|0|0|1|1|0|0|1|2|0|2VE3|2VER|11J
1IA|GC|1|9|S|1D|N|0|H|0|0|8|0|1|1|0|0|1|0|B|2VET|2VJT|11K
1IA|GC|1|9|S|1|N|0|0|0|0|0|0|1|1|0|0|1|0|B|2VJT|2VKZ|11K
1IA|GC|1|9|S|K|N|0|0|0|1|0|0|1|1|0|0|1|0|B|2VKZ|2VME|11K
1IC|GD|1|9|H|1|N|0|2|0|0|0|0|1|1|0|0|1|2|0|2VMI|2VN6|11L
1ID|GE|1|9|D|13|C|0|0|0|0|5|0|1|1|0|0|1|6|D|2VN8|2VQZ|11M
1IF|GF|1|9|H|1|N|0|1|0|0|0|0|1|1|0|0|1|2|0|2VR3|2VRR|11N
1IG|GG|1|9|S|1|N|0|0|0|0|0|0|1|1|0|0|1|0|B|2VRT|2VT2|11O
1IG|GG|1|9|S|32|N|0|0|0|0|0|0|1|1|0|B|2|E|B|2VT2|2VUW|11O
1IG|GG|1|9|S|3|N|0|0|0|0|0|0|1|1|0|0|1|0|B|2VUW|2VVN|11O
1IG|GG|1|9|S|3H|N|0|0|0|0|0|0|1|1|0|0|1|0|B|2VVN|2VW8|11O
1II|GH|1|9|H|1|N|0|9|0|0|0|0|1|1|0|0|1|2|0|2VWC|2VX3|11P
1IJ|GI|1|9|D|A|C|0|0|0|0|0|0|1|1|0|0|1|6|D|2VX5|2VYK|11Q
1IJ|GI|1|9|D|3|C|0|0|0|0|0|0|1|1|0|0|1|O|D|2VYK|2VZW|11Q
1IJ|GI|1|9|D|3|C|0|3|0|0|0|0|1|1|0|0|1|6|D|2VZW|2W22|11Q
1IL|GJ|1|9|H|1|N|0|0|0|0|0|0|1|1|0|0|1|2|0|2W26|2W2X|11R
1IM|GJ|1|9|S|1|N|0|I|0|0|0|0|1|1|0|0|1|0|B|2W2Z|2W45|11S
1IM|GJ|1|9|S|1|N|0|9|0|0|0|0|1|1|0|0|1|0|B|2W45|2W58|11S
1IM|GJ|1|9|S|1|N|0|6|0|0|0|0|1|1|0|0|1|0|B|2W58|2W6Q|11S
1IM|GJ|1|9|S|1|N|0|4|0|0|0|0|1|1|0|0|1|0|B|2W6Q|2WA5|11S
1IM|GJ|1|9|S|O|N|0|0|0|0|0|0|1|1|0|0|1|0|B|2WA5|2WAZ|11S
1IM|GJ|1|9|S|3|N|0|0|0|0|0|0|1|1|0|0|1|0|B|2WAZ|2WC2|11S
1IM|GJ|1|9|S|3|N|0|0|0|0|5|0|1|1|0|0|1|0|B|2WC2|2WF5|11S
1IO|GK|1|9|H|1|N|0|0|0|0|0|0|1|1|1|0|1|2|0|2WF9|2WFR|11T
1IP|GL|1|9|Y|1|N|0|0|0|0|0|0|1|1|1|0|1|0|B|2WFT|2WGW|11U
1IP|GL|1|9|Y|1|N|0|0|0|0|0|0|1|1|0|0|1|0|B|2WGW|2WIH|11U
1IP|GL|1|9|Y|8|N|0|0|0|0|0|0|1|1|0|0|1|0|B|2WIH|2WJB|11U
1IP|GL|1|9|Y|I|N|0|0|0|0|0|0|1|1|0|0|1|0|B|2WJB|2WK2|11U
1IP|GL|1|9|Y|3I|N|6|0|0|0|0|0|1|1|0|0|1|0|B|2WK2|2WLE|11U
1IQ|GL|1|9|Y|3|N|0|0|1|0|1A|0|1|1|1|0|1|0|B|2WLG|2WOA|11V
1IQ|GL|1|9|Y|3|N|0|0|0|2|1F|0|1|1|0|0|1|0|B|2WOA|2WPJ|11V
1IQ|GL|1|9|Y|1|N|0|0|0|0|0|0|1|1|1|0|1|0|B|2WPJ|2WQG|11V
1IQ|GL|1|9|Y|3|N|0|0|2|0|0|0|1|1|0|7|6|F|B|2WQG|2WRD|11V
1IS|GM|1|9|H|1|D|1|0|0|0|0|0|1|1|0|0|1|9|0|2WRH|2WS5|11W
1IT|GN|1|9|D|16|D|1|0|0|0|0|0|1|1|0|0|1|6|D|2WS7|2WUP|11X
1IU|GO|1|9|S|L|N|0|0|0|8|0|0|1|1|0|3|4|E|B|2WUR|2WWX|11Y
1IV|GP|1|9|S|D|N|0|0|0|0|F|0|1|1|0|0|1|0|B|2WWZ|2WYQ|11Z
1IW|GQ|1|9|S|3|N|0|0|2|0|0|0|1|1|0|0|1|0|B|2WYS|2X0M|120
1IW|GQ|1|9|S|7|N|0|0|0|0|0|0|1|1|0|12|2|E|B|2X0M|2X14|120
1IW|GQ|1|9|S|3|N|0|0|0|0|U|0|1|1|0|0|1|0|B|2X14|2X27|120
1IW|GQ|1|9|S|3|N|0|2|0|0|0|0|1|1|1|0|1|0|B|2X27|2X37|120
1IX|GR|1|9|D|3|Y|1|0|0|0|0|0|1|1|0|0|1|6|D|2X39|2X66|121
1IZ|GS|1|9|H|1|L|1|0|0|0|0|0|1|1|0|0|1|9|0|2X6A|2X71|122
1J0|GT|1|9|S|1|N|0|0|0|1|0|0|1|1|0|0|1|0|B|2X73|2X8U|123
1J0|GT|1|9|D|3|Y|1|0|0|0|0|0|1|1|0|0|1|6|D|2X8U|2XA6|123
1J0|GT|1|9|S|1|N|0|0|0|0|0|0|1|1|0|0|1|0|B|2XA6|2XB3|123
1J1|GU|1|9|D|18|Y|1|0|0|1|0|0|1|1|0|N|I|J|D|2XB5|2XDB|124
1J4|GU|1|A|D|1|L|1|0|0|0|0|0|1|1|0|0|1|6|D|2XEN|2XGL|125
1J7|GV|1|A|H|1|N|0|0|0|0|0|0|1|1|0|0|1|2|0|2XHX|2XI9|126
1J8|GV|1|A|S|1|N|0|0|0|0|0|0|1|1|0|0|1|0|B|2XIB|2XK2|127
1J8|GV|1|A|S|L|N|0|0|0|0|0|0|1|1|0|0|1|0|B|2XK2|2XLK|127
1J8|GV|1|A|S|3|N|0|0|5|2|2|0|1|1|0|0|1|0|B|2XLK|2XNH|127
1JB|GW|1|A|H|1|N|0|0|0|0|0|0|1|1|0|0|1|2|0|2XOT|2XPZ|128
1JF|GX|1|A|H|1|N|0|1|0|0|0|0|1|1|0|0|1|2|0|2XT5|2XUW|129
1JI|GX|1|A|S|1|N|6|0|0|0|0|0|1|1|0|0|1|0|B|2XWU|2XXC|12A
1JI|GX|1|A|S|1|N|0|0|0|0|0|0|1|1|0|0|1|0|B|2XXC|2XY6|12A
1JK|GY|1|A|H|1|N|0|0|0|0|0|0|1|1|0|0|1|2|0|2XYA|2XYS|12B
1JL|GY|1|A|S|I|N|0|0|0|0|0|0|1|1|0|0|1|0|B|2XYU|2Y0O|12C
1JL|GY|1|A|S|3J|N|0|0|0|0|0|0|1|1|1|0|1|0|B|2Y0O|2Y2R|12C
1JL|GY|1|A|S|R|N|0|0|0|0|0|0|1|1|0|0|1|0|B|2Y2R|2Y49|12C
1JN|GZ|1|A|H|1|N|0|0|0|0|0|0|1|1|0|0|1|2|0|2Y4D|2Y4V|12D
1JO|GZ|1|A|S|7|N|0|0|0|7|0|0|1|1|0|0|1|0|B|2Y4X|2Y5W|12E
1JP|GZ|1|A|S|1|N|0|0|0|0|2|0|1|1|0|0|1|0|B|2Y5Y|2Y6O|12F
1JQ|GZ|1|A|S|10|N|0|0|0|7|18|0|1|1|0|0|1|0|B|2Y6Q|2Y9M|12G
1JR|GZ|1|A|S|3|N|0|0|0|0|2|0|1|1|0|0|1|0|B|2Y9O|2YBQ|12H
1JT|H0|1|A|H|1|N|0|0|0|0|0|0|1|1|0|0|1|2|0|2YBU|2YCF|12I
1JU|H0|1|A|S|1|N|0|0|0|0|0|0|1|1|0|6|2|E|B|2YCH|2YEP|12J
1JV|H0|1|A|S|C|N|0|0|0|0|0|0|1|1|0|0|1|0|B|2YER|2YH5|12K
1JW|H0|1|A|S|27|N|0|0|0|0|0|0|1|1|0|1T|K|E|B|2YH7|2YK0|12L
1JX|H0|1|A|S|3|N|0|0|0|0|0|0|1|1|0|6|2|E|B|2YK2|2YLP|12M
1JX|H0|1|A|S|2T|N|0|0|0|1|0|0|1|1|0|0|1|0|B|2YLP|2YOG|12M
1JX|H0|1|A|S|I|N|0|0|0|0|0|0|1|1|0|0|1|0|B|2YOG|2YPM|12M
1JZ|H1|1|A|H|1|N|0|0|0|0|0|0|1|1|0|0|1|2|0|2YPQ|2YQ8|12N
1K0|H1|1|A|S|16|N|0|0|0|0|0|0|1|1|0|6|2|E|B|2YQA|2YSM|12O
1K0|H1|1|A|S|1|N|0|0|0|0|0|0|1|1|0|0|1|0|B|2YSM|2YUG|12O
1K0|H1|1|A|S|D|N|0|0|0|0|0|0|1|1|0|0|1|0|B|2YUG|2YVM|12O
1K0|H1|1|A|S|3K|N|0|0|0|0|0|0|1|1|0|0|1|0|B|2YVM|2YX1|12O
1K3|H2|1|A|H|3|N|0|3|0|0|0|0|1|1|0|0|1|2|0|2YYZ|2Z08|12P
1K5|H2|1|A|Y|1|N|0|0|0|0|0|0|1|1|0|0|1|0|B|2Z24|2Z34|12Q
1K8|H3|1|A|H|3|N|0|A|0|0|0|0|1|1|0|0|1|2|0|2Z52|2Z6B|12R
1KA|H3|1|A|Y|1|N|0|0|0|0|0|0|1|1|0|0|1|0|B|2Z87|2Z97|12S
1KD|H4|1|A|H|3|N|0|8|0|0|0|0|1|1|0|0|1|2|0|2ZB5|2ZCE|12T
1KF|H4|1|A|Y|1|N|0|0|0|0|0|0|1|1|0|0|1|0|B|2ZEA|2ZFA|12U
1KI|H5|1|A|H|1|N|0|0|0|0|0|0|1|1|0|0|1|2|0|2ZH8|2ZIB|12V
1KL|H5|1|A|S|1|N|6|0|0|0|0|0|1|1|0|0|1|0|B|2ZK9|2ZKR|12W
1KL|H5|1|A|S|1|N|0|0|0|0|0|0|1|1|0|0|1|0|B|2ZKR|2ZLX|12W
1KN|H6|1|A|H|1|N|0|0|0|0|0|0|1|1|0|0|1|2|0|2ZM1|2ZN7|12X
1KO|H6|1|A|S|1|N|0|0|0|2|0|0|1|1|0|0|1|0|B|2ZN9|2ZNX|12Y
1KO|H6|1|A|S|6|N|0|0|0|1|17|0|1|1|0|0|1|0|B|2ZNX|2ZPR|12Y
1KO|H6|1|A|S|1|N|0|9|0|0|17|0|1|1|0|0|1|0|B|2ZPR|2ZRC|12Y
1KO|H6|1|A|S|K|N|0|0|0|0|0|0|1|1|0|0|1|0|B|2ZRC|2ZS6|12Y
1KO|H6|1|A|S|3|N|0|I|2|0|0|0|1|1|0|0|1|0|B|2ZS6|2ZTX|12Y
1KQ|H6|1|A|S|3L|N|0|I|0|3|17|0|1|1|0|0|1|0|B|2ZU1|2ZYD|12Z
1KS|H7|1|A|H|1|N|0|0|0|0|0|0|1|1|0|0|1|2|0|2ZYH|2ZZQ|130
1KT|H7|1|A|S|L|N|0|9|0|7|17|0|1|1|0|0|1|0|B|2ZZS|3024|131
1KT|H7|1|A|S|O|N|0|0|0|0|0|0|1|1|0|0|1|0|B|3024|3041|131
1KT|H7|1|A|S|2Q|N|0|0|0|0|0|0|1|1|0|0|1|0|B|3041|305A|131
1KT|H7|1|A|S|3|N|0|9|2|0|0|0|1|1|0|0|1|0|B|305A|3071|131
1KV|H7|1|A|S|1|N|0|I|2|0|0|0|1|1|0|0|1|0|B|3075|308N|132
1KX|H8|1|A|H|1|N|0|0|0|0|0|0|1|1|0|0|1|2|0|308R|3099|133
1KY|H8|1|A|S|O|N|0|0|2|0|0|0|1|1|0|0|1|0|B|309B|30CK|134
1KZ|H8|1|A|S|6|N|0|0|2|0|0|0|1|1|0|0|1|0|B|30CM|30F0|135
1KZ|H8|1|A|S|1|N|0|0|0|0|0|0|1|1|0|0|1|0|B|30F0|30G3|135
1L0|H8|1|A|S|3M|N|0|0|0|0|0|0|1|1|0|0|1|0|B|30G5|30K1|136
1L2|H9|1|A|H|1|N|0|0|0|0|0|0|1|1|0|0|1|2|0|30K5|30KQ|137
1L3|H9|1|A|S|3|N|0|0|0|0|0|0|1|1|0|0|1|0|B|30KS|30MX|138
1L4|H9|1|A|S|1|N|0|0|0|0|0|0|1|1|0|0|1|0|B|30MZ|30OP|139
1L5|H9|1|A|S|2Y|N|0|0|0|1|0|0|1|1|0|0|1|0|B|30OR|30RN|13A
1L5|H9|1|A|S|6|N|0|0|0|7|0|0|1|1|0|0|1|0|B|30RN|30UB|13A
1L7|HA|1|A|H|1|N|0|0|0|0|0|0|1|1|0|0|1|2|0|30UF|30UX|13B
1L8|HA|1|A|D|5|L|1|0|0|0|0|0|1|1|0|0|1|6|D|30UZ|30X8|13C
1LB|HB|1|A|H|1|N|0|0|0|0|0|0|1|1|0|0|1|2|0|30Z6|3109|13D
1LE|HB|1|A|S|1|N|6|0|0|0|0|0|1|1|0|0|1|0|B|3127|312P|13E
1LF|HB|1|A|S|1|N|0|G|2|0|0|0|1|1|0|0|1|0|B|312R|313Z|13F
1LG|HB|1|A|S|1|N|0|G|0|0|0|0|1|1|0|0|1|0|B|3141|3159|13G
1LH|HB|1|A|S|2O|N|0|G|0|0|0|0|1|1|0|0|1|0|B|315B|317E|13H
1LJ|HC|1|A|H|1|N|0|5|2|0|0|0|1|1|0|0|1|2|0|317I|318I|13I
1LK|HC|1|A|S|1|N|0|0|0|0|0|0|1|1|0|0|1|0|B|318K|319A|13J
1LK|HC|1|A|S|D|N|0|0|0|0|S|0|1|1|0|0|1|0|B|319A|31B7|13J
1LK|HC|1|A|D|5|C|0|0|0|0|0|0|1|1|0|0|1|L|D|31B7|31CY|13J
1LK|HC|1|A|D|7|C|0|0|0|0|0|0|1|1|0|0|1|O|D|31CY|31E7|13J
1LL|HC|1|A|D|1U|C|0|0|0|0|0|0|1|1|0|0|1|O|D|31E9|31G5|13K
1LL|HC|1|A|S|I|N|0|0|0|0|0|0|1|1|0|0|1|0|B|31G5|31HE|13K
1LM|HC|1|A|S|3|N|0|0|0|0|2|0|1|1|0|0|1|0|B|31HG|31IX|13L
1LN|HC|1|A|S|7|N|0|0|0|7|0|0|1|1|0|0|1|0|B|31IZ|31LP|13M
1LP|HD|1|A|H|1|N|0|7|0|0|0|0|1|1|0|0|1|2|0|31LT|31MN|13N
1LQ|HD|1|A|S|L|N|0|0|0|7|2|0|1|1|0|0|1|0|B|31MP|31P9|13O
1LQ|HD|1|A|S|O|N|0|0|0|0|0|0|1|1|0|0|1|0|B|31P9|31SF|13O
1LR|HD|1|A|S|1|N|0|5|0|0|0|0|1|1|0|0|1|0|B|31SH|31UY|13P
1LR|HD|1|A|S|1|N|0|0|0|0|0|0|1|1|0|0|1|0|B|31UY|31W4|13P
1LT|HE|1|A|H|1|N|0|0|0|0|0|0|1|1|0|0|1|2|0|31W8|31WZ|13Q
1LU|HE|1|A|S|3|N|0|0|0|0|H|0|1|1|0|0|1|0|B|31X1|31ZL|13R
1LU|HE|1|A|S|X|N|0|0|0|0|A|0|1|1|0|0|1|0|B|31ZL|3223|13R
1LV|HE|1|A|S|7|N|0|0|0|0|0|0|1|1|0|0|1|0|B|3225|324A|13S
1LW|HE|1|A|S|3|N|0|0|1|0|0|0|1|1|1|6|2|E|B|324C|3265|13T
1LW|HE|1|A|S|14|N|0|0|0|0|0|0|1|1|0|0|1|0|B|3265|3275|13T
1LW|HE|1|A|S|X|N|0|0|2|1|0|0|1|1|0|0|1|0|B|3275|328Z|13T
1LW|HE|1|A|S|3N|N|5|0|0|0|5|0|1|1|0|7|6|F|B|328Z|32BW|13T
1LY|HF|1|A|H|1|D|1|0|0|0|0|0|1|1|0|0|1|9|0|32C0|32CI|13U
1LZ|HF|1|A|S|L|N|0|0|0|7|2|0|1|1|0|0|1|0|B|32CK|32EK|13V
1LZ|HF|1|A|S|3|N|0|0|0|0|0|0|1|1|0|0|1|0|B|32EK|32GE|13V
1LZ|HF|1|A|S|L|N|5|0|0|0|0|0|1|1|0|1V|13|F|B|32GE|32IZ|13V
1M2|HG|1|A|H|1|L|1|0|0|0|0|0|1|1|0|0|1|9|0|32KB|32L8|13W
1M5|HH|1|A|H|1|N|0|0|0|0|0|0|1|1|0|0|1|2|0|32MK|32NE|13X
1M6|HI|1|A|S|O|N|0|0|0|0|0|0|1|1|0|0|1|0|B|32NG|32RA|13Y
1M7|HJ|1|A|Y|3O|N|0|0|0|0|0|0|1|1|0|0|1|0|B|32RC|32TL|13Z
1M7|HJ|1|A|Y|3P|N|0|0|2|0|0|0|1|1|0|0|1|0|B|32TL|32WL|13Z
1M9|HK|1|A|H|1|N|0|0|0|0|0|0|1|1|0|0|1|2|0|32WP|32XP|140
1MA|HL|1|A|H|5|N|0|0|0|0|0|0|1|1|0|0|1|B|0|32XR|32ZU|141
1MB|HL|1|A|S|32|N|0|0|0|0|0|0|1|1|0|0|1|0|B|32ZW|3340|142
1MB|HL|1|A|S|32|N|0|0|0|2|0|0|1|1|0|0|1|0|B|3340|336O|142
1MC|HL|1|A|S|L|N|0|0|0|0|0|0|1|1|0|0|1|0|B|336Q|33AI|143
1MC|HL|1|A|S|R|N|0|0|0|4|0|0|1|1|0|0|1|0|B|33AI|33DX|143
1MD|HL|1|A|S|Q|N|0|0|1|0|0|0|1|1|0|0|1|0|B|33DZ|33H9|144
1MD|HL|1|A|S|1|N|0|0|2|0|0|0|1|1|0|0|1|0|B|33H9|33II|144
1ME|HL|1|A|S|A|N|0|0|0|0|0|0|1|1|0|0|1|0|B|33IK|33LH|145
1MG|HM|1|A|H|1|N|0|0|0|0|0|0|1|1|0|0|1|2|0|33LL|33MC|146
1MH|HN|1|A|Y|C|N|0|0|5|0|0|0|1|1|0|0|1|0|B|33ME|33N8|147
1MH|HN|1|A|Y|R|N|0|H|0|0|0|0|1|1|0|0|1|0|B|33N8|33PE|147
1MH|HN|1|A|Y|F|N|0|A|0|0|0|0|1|1|0|0|1|0|B|33PE|33RK|147
1MI|HN|1|A|Y|4|N|0|0|0|0|0|0|1|1|0|0|1|0|B|33RM|33SV|148
1MI|HN|1|A|Y|4|N|0|0|0|0|0|0|1|1|0|1W|14|D|B|33SV|33XM|148
1MJ|HO|1|A|Y|3Q|N|0|C|0|0|0|0|1|1|0|6|2|E|B|33XO|3406|149
1MJ|HO|1|A|Y|2R|N|0|0|0|0|0|0|1|1|0|0|1|0|B|3406|341U|149
1MJ|HO|1|A|Y|32|N|0|0|0|0|0|0|1|1|0|A|9|E|B|341U|343F|149
1ML|HP|1|A|H|1|L|1|0|0|0|0|0|1|1|0|0|1|9|0|343J|344D|14A
1MM|HP|1|A|S|3|N|0|0|0|0|0|0|1|1|0|0|1|0|B|344F|3460|14B
1MM|HP|1|A|S|1|N|0|0|0|2|0|0|1|1|0|0|1|0|B|3460|346I|14B
1MM|HP|1|A|S|1|N|0|0|0|4|0|0|1|1|0|0|1|0|B|346I|3470|14B
1MM|HP|1|A|S|3R|N|0|0|0|0|0|0|1|1|0|0|1|0|B|3470|3480|14B
1MM|HP|1|A|S|1|N|0|5|0|7|0|0|1|1|0|Q|K|E|B|3480|34AU|14B
1MM|HP|1|A|S|1|N|0|0|0|0|0|0|1|1|0|1T|K|E|B|34AU|34C6|14B
1MN|HQ|1|A|S|H|N|0|0|0|0|2|0|1|1|0|6|2|E|B|34C8|34DN|14C
1MN|HQ|1|A|S|C|N|0|0|0|0|0|0|1|1|0|0|1|0|B|34DN|34F8|14C
1MN|HQ|1|A|S|3|N|0|0|0|2|0|0|1|1|0|1T|K|E|B|34F8|34GE|14C
1MO|HR|1|A|D|H|Y|1|0|0|0|0|0|1|1|0|0|1|6|D|34GG|34I4|14D
1MO|HR|1|A|D|3|Y|0|0|0|1|0|0|1|1|0|A|9|K|D|34I4|34JV|14D
1MP|HS|1|A|S|2K|N|0|0|0|0|0|0|1|1|0|0|1|0|B|34JX|34LI|14E
1MP|HS|1|A|S|1|N|0|2|0|0|0|0|1|1|0|F|C|E|B|34LI|34ML|14E
1MR|HT|1|A|H|1|L|1|0|0|0|0|0|1|1|0|0|1|9|0|34MP|34NJ|14F
1MS|HU|1|A|S|1|N|0|0|0|0|0|0|1|1|0|0|1|0|B|34NL|34PL|14G
1MS|HU|1|A|S|1|N|0|0|0|0|0|0|1|1|0|0|1|0|B|34PL|34QF|14G
1MS|HU|1|A|S|C|N|0|0|0|1|0|0|1|1|0|0|1|0|B|34QF|34RC|14G
1MT|HV|1|A|Y|8|N|0|0|0|0|0|0|1|1|0|0|1|0|B|34RE|34TB|14H
1MT|HV|1|A|Y|C|N|0|0|1|0|0|0|1|1|0|0|1|0|B|34TB|34UB|14H
1MT|HV|1|A|D|D|L|1|0|0|2|2|0|1|1|0|0|1|6|D|34UB|34VB|14H
1MT|HV|1|A|Y|8|N|0|0|0|2|2|0|1|1|0|0|1|0|B|34VB|34WN|14H
1MU|HV|1|A|Y|L|N|0|I|0|3|17|0|1|1|0|6|2|E|B|34WP|34ZA|14I
1MU|HV|1|A|Y|O|N|0|0|0|0|0|0|1|1|0|0|1|0|B|34ZA|351D|14I
1MU|HV|1|A|D|3H|Y|0|0|0|0|0|0|1|1|0|0|1|G|D|351D|3537|14I
1MV|HW|1|A|Y|4|N|0|9|0|B|17|0|1|1|0|0|1|0|B|3539|3560|14J
1MX|HX|1|A|H|1|L|1|0|0|0|0|0|1|1|0|0|1|9|0|3564|356Y|14K
1MY|HX|1|A|S|C|N|0|0|0|0|0|0|1|1|0|0|1|0|B|3570|357U|14L
1MY|HX|1|A|S|R|N|0|G|0|0|0|0|1|1|0|6|2|E|B|357U|359X|14L
1MY|HX|1|A|D|3H|Y|1|0|0|0|0|0|1|1|0|0|1|6|D|359X|35CI|14L
1MY|HX|1|A|S|7|N|0|0|0|0|0|0|1|1|0|0|1|0|B|35CI|35DC|14L
1MZ|HY|1|A|Y|3S|N|6|5|0|0|0|0|1|1|0|0|1|0|B|35DE|35FQ|14M
1MZ|HY|1|A|Y|8|N|0|0|0|2|2|0|1|1|0|0|1|0|B|35FQ|35IW|14M
1N1|HZ|1|A|H|1|N|0|0|0|0|0|0|1|1|0|0|1|2|0|35J0|35JR|14N
1N2|I0|1|A|S|D|N|0|0|0|2|2|0|1|1|0|0|1|0|B|35JT|35LN|14O
1N2|I0|1|A|D|3|L|1|0|0|2|0|0|1|1|0|0|1|6|D|35LN|35MN|14O
1N2|I0|1|A|D|3|Y|1|0|0|4|0|0|1|1|0|0|1|6|D|35MN|35NZ|14O
1N3|I1|1|A|Y|12|N|0|3|0|7|0|0|1|1|0|0|1|0|B|35O1|35Q1|14P
1N4|I2|1|A|S|Y|N|0|0|0|0|0|0|1|1|0|6|2|E|B|35Q3|35RF|14Q
1N7|I2|1|B|D|1|L|1|0|0|0|0|0|1|1|0|0|1|6|D|35SR|35UP|14R
1NA|I3|1|B|H|1|N|0|0|0|0|0|0|1|1|0|0|1|2|0|35W1|35WD|14S
1NB|I3|1|B|S|1|N|0|0|0|0|0|0|1|1|0|0|1|0|B|35WF|35XR|14T
1NB|I3|1|B|S|1|N|0|0|0|0|0|0|1|1|0|0|1|0|B|35XR|35Z6|14T
1NB|I3|1|B|S|Z|N|7|0|0|0|0|0|1|1|0|0|1|0|B|35Z6|3619|14T
1NE|I4|1|B|H|1|N|0|0|0|0|0|0|1|1|0|0|1|2|0|362L|363R|14U
1NI|I5|1|B|H|3|N|0|1|0|0|0|0|1|1|0|0|1|2|0|366X|3686|14V
1NK|I5|1|B|Y|1|N|0|0|0|0|0|0|1|1|0|0|1|0|B|36A2|36B2|14W
1NN|I6|1|B|H|1|N|0|0|0|0|0|0|1|1|0|0|1|2|0|36D0|36E3|14X
1NQ|I6|1|B|S|1|N|6|0|0|0|0|0|1|1|0|0|1|0|B|36G1|36GP|14Y
1NQ|I6|1|B|S|3|N|5|0|0|0|0|0|1|1|0|0|1|0|B|36GP|36HG|14Y
1NR|I6|1|B|S|8|N|0|J|4|0|0|0|1|1|0|0|1|0|B|36HI|36JB|14Z
1NR|I6|1|B|S|1G|N|0|6|0|0|0|0|1|1|0|0|1|0|B|36JB|36LN|14Z
1NR|I6|1|B|S|C|N|0|0|0|0|0|0|1|1|0|0|1|0|B|36LN|36NN|14Z
1NT|I7|1|B|H|1|N|0|0|0|0|0|0|1|1|0|0|1|2|0|36NR|36O9|150
1NU|I7|1|B|S|2Y|N|5|0|0|0|3|0|1|1|0|0|1|0|B|36OB|36RJ|151
1NV|I7|1|B|S|1|N|0|0|0|0|0|0|1|1|0|0|1|0|B|36RL|36S8|152
1NV|I7|1|B|S|D|N|0|0|0|0|1G|0|1|1|0|0|1|7|B|36S8|36UZ|152
1NV|I7|1|B|S|1|N|0|0|0|0|0|0|1|1|0|1A|G|D|B|36UZ|36VQ|152
1NW|I7|1|B|S|1U|N|0|0|0|0|0|0|1|1|0|0|1|0|B|36VS|36X9|153
1NX|I7|1|B|S|1T|N|0|0|0|0|0|0|1|1|0|0|1|0|B|36XB|370D|154
1NX|I7|1|B|S|1|N|0|0|0|0|0|0|1|1|0|0|1|0|B|370D|3717|154
1NZ|I8|1|B|H|3|N|7|3|0|0|0|0|1|1|0|0|1|2|0|371B|372B|155
1O0|I8|1|B|S|3|N|0|3|0|0|0|0|1|1|0|0|1|0|B|372D|373S|156
1O1|I8|1|B|S|3|N|7|3|0|0|2|0|1|1|0|0|1|0|B|373U|376Q|157
1O2|I8|1|B|S|1|N|0|0|0|2|0|0|1|1|0|0|1|0|B|376S|3783|158
1O3|I8|1|B|S|L|N|7|0|0|2|2|0|1|1|0|0|1|0|B|3785|37BP|159
1O4|I8|1|B|S|3|N|7|0|0|0|0|0|1|1|0|0|1|0|B|37BR|37D0|15A
1O5|I8|1|B|S|L|N|7|0|0|2|2|0|1|1|0|0|1|0|B|37D2|37FB|15B
1O5|I8|1|B|S|2Y|N|0|0|0|2|1H|0|1|1|0|0|1|0|B|37FB|37IB|15B
1O7|I9|1|B|H|1|N|0|0|0|0|0|0|1|1|0|0|1|2|0|37IF|37IX|15C
1O8|I9|1|B|S|4|N|0|0|0|0|0|0|1|1|0|0|1|0|B|37IZ|37KZ|15D
1OB|IA|1|B|H|1|N|0|A|0|0|0|0|1|1|0|0|1|2|0|37MX|37O6|15E
1OD|IA|1|B|Y|1|N|0|0|0|0|0|0|1|1|0|0|1|0|B|37Q2|37R2|15F
1OG|IB|1|B|H|1|N|0|0|0|0|0|0|1|1|0|0|1|2|0|37T0|37U3|15G
1OJ|IB|1|B|S|1|N|6|0|2|0|0|0|1|1|0|0|1|0|B|37W1|37XA|15H
1OJ|IB|1|B|S|8|N|0|0|4|0|0|0|1|1|0|0|1|0|B|37XA|37ZD|15H
1OJ|IB|1|B|S|1|N|0|0|0|0|0|0|1|1|0|0|1|0|B|37ZD|380M|15H
1OL|IC|1|B|H|1|N|0|0|0|0|0|0|1|1|0|0|1|2|0|380Q|3818|15I
1OM|IC|1|B|S|J|N|0|0|0|2|2|0|1|1|0|0|1|0|B|381A|3829|15J
1ON|IC|1|B|S|3|N|5|0|0|2|0|0|1|1|0|0|1|0|B|382B|383S|15K
1OO|IC|1|B|S|1|N|0|0|0|2|0|0|1|1|0|0|1|0|B|383U|385H|15L
1OP|IC|1|B|S|1|N|0|0|0|0|0|0|1|1|0|0|1|0|B|385J|386D|15M
1OP|IC|1|B|S|3T|N|0|0|0|0|0|0|1|1|0|0|1|0|B|386D|388D|15M
1OR|ID|1|B|H|3|N|7|0|0|0|0|0|1|1|0|0|1|2|0|388H|3892|15N
1OS|ID|1|B|S|3U|N|7|0|2|0|0|0|1|1|0|0|1|0|B|3894|38BY|15O
1OV|IE|1|B|H|3|N|0|9|0|0|0|0|1|1|0|0|1|2|0|38DW|38F5|15P
1OX|IE|1|B|Y|1|N|0|0|0|0|0|0|1|1|0|0|1|0|B|38H1|38I1|15Q
1P0|IF|1|B|H|1|N|0|0|0|0|0|0|1|1|0|0|1|2|0|38JZ|38L2|15R
1P3|IF|1|B|S|1|N|6|0|0|0|0|0|1|1|0|0|1|0|B|38N0|38NO|15S
1P3|IF|1|B|S|O|N|0|0|0|0|0|0|1|1|0|0|1|0|B|38NO|38R9|15S
1P5|IF|1|B|S|6|N|5|0|0|0|0|0|1|1|0|0|1|M|B|38RD|38TP|15T
1P5|IF|1|B|S|3V|N|0|0|0|0|0|0|1|1|0|M|H|E|B|38TP|38XM|15T
1P7|IG|1|B|H|1|N|0|0|0|0|0|0|1|1|0|0|1|2|0|38XQ|38YB|15U
1P8|IG|1|B|S|6|N|0|0|0|0|3|0|1|1|0|0|1|0|B|38YD|390F|15V
1P8|IG|1|B|S|C|N|0|0|0|0|0|0|1|1|0|0|1|0|B|390F|392O|15V
1P9|IG|1|B|S|1|N|0|0|0|0|0|0|1|1|0|0|1|0|B|392Q|393Y|15W
1PA|IG|1|B|S|3|N|0|0|0|0|0|0|1|1|0|0|1|0|B|3940|3962|15X
1PC|IH|1|B|H|1|N|0|0|0|0|0|0|1|1|0|0|1|2|0|3966|396I|15Y
1PD|IH|1|B|H|R|N|5|0|0|0|0|0|1|1|0|0|1|T|0|396K|3988|15Z
1PE|IH|1|B|S|C|N|0|0|0|0|0|0|1|1|1|0|1|0|B|398A|39AC|160
1PE|IH|1|B|S|3|N|0|0|0|1|0|0|1|1|0|0|1|0|B|39AC|39BI|160
1PF|IH|1|B|S|1|N|0|0|0|0|0|0|1|1|1|0|1|0|B|39BK|39CG|161
1PG|IH|1|B|S|1|N|0|0|0|0|0|0|1|1|0|0|1|0|B|39CI|39DB|162
1PJ|II|1|B|H|1|N|0|0|0|0|0|0|1|1|0|0|1|2|0|39EN|39FK|163
1PM|IJ|1|B|H|3|N|7|0|0|0|0|0|1|1|0|0|1|2|0|39GW|39HE|164
1PN|IJ|1|B|S|3|N|0|0|0|0|0|0|1|1|0|0|1|0|B|39HG|39IV|165
1PN|IJ|1|B|S|L|N|0|0|0|2|2|0|1|1|0|6|2|E|B|39IV|39MV|165
1PP|IK|1|B|H|3|N|7|0|0|0|0|0|1|1|0|0|1|2|0|39MZ|39NH|166
1PQ|IK|1|B|S|3|N|0|0|0|1|1|0|1|1|0|0|1|0|B|39NJ|39QG|167
1PQ|IK|1|B|S|1|N|0|0|0|0|1|0|1|1|0|0|1|0|B|39QG|39R1|167
1PQ|IK|1|B|S|L|N|0|0|0|0|0|0|1|1|0|P|I|F|B|39R1|39SV|167
1PQ|IK|1|B|S|1|N|0|0|0|0|0|0|1|1|0|0|1|0|B|39SV|39TM|167
1PT|IL|1|B|H|1|N|0|0|0|0|0|0|1|1|1|0|1|2|0|39UY|39VG|168
1PW|IL|1|B|S|1|N|0|0|0|0|0|0|1|1|1|0|1|0|B|39WS|39YS|169
1PX|IL|1|B|S|3|N|0|0|0|8|1I|0|1|1|0|6|2|E|B|39YU|3A1B|16A
1PY|IL|1|B|S|L|N|5|0|0|1|1J|0|1|1|0|1X|15|F|B|3A1D|3A4O|16B
1Q1|IM|1|B|H|1|D|1|0|0|0|0|0|1|1|0|0|1|9|0|3A60|3A6I|16C
1Q4|IM|1|B|H|3|D|1|0|0|0|0|0|1|1|0|0|1|A|0|3A7U|3A8R|16D
1Q5|IM|1|B|S|3|N|5|0|0|8|1I|0|1|1|0|3|4|E|B|3A8T|3AC7|16E
1Q6|IM|1|B|S|L|N|5|0|0|0|E|0|1|1|0|1Y|Y|E|B|3AC9|3AFZ|16F
1Q7|IM|1|B|S|J|N|0|0|0|0|1K|0|1|1|0|1A|G|Q|B|3AG1|3AJ3|16G
1Q8|IM|1|B|S|1|N|0|0|0|0|0|0|1|1|0|1F|X|D|B|3AJ5|3AKP|16H
1Q8|IM|1|B|S|18|N|0|0|0|0|0|0|1|1|0|L|G|D|B|3AKP|3AMD|16H
1QB|IN|1|B|H|1|L|1|0|0|0|0|0|1|1|0|0|1|9|0|3ANP|3AOM|16I
1QE|IO|1|B|H|1|N|0|0|0|0|0|0|1|1|0|0|1|2|0|3APY|3AQJ|16J
1QF|IO|1|B|S|2|N|0|0|0|0|0|0|1|1|0|0|1|0|B|3AQL|3ASO|16K
1QF|IO|1|B|S|3|N|0|0|0|0|0|0|1|1|0|0|1|0|B|3ASO|3ATO|16K
1QF|IO|1|B|C|3|N|0|0|0|0|0|0|1|1|0|0|1|1|0|3ATO|3AWF|16K
1QF|IO|1|B|S|6|N|0|0|0|0|0|0|1|1|0|0|1|0|B|3AWF|3AYC|16K
1QF|IO|1|B|S|1|N|0|0|0|0|0|0|1|1|0|0|1|0|B|3AYC|3AZ6|16K
1QH|IP|1|B|H|D|N|7|0|0|0|0|0|1|1|0|0|1|2|0|3AZA|3AZY|16L
1QI|IQ|1|B|S|Z|N|7|0|0|0|0|0|1|1|0|0|1|0|B|3B00|3B1C|16M
1QJ|IQ|1|B|S|3|N|0|0|0|0|0|0|1|1|0|0|1|0|B|3B1E|3B2U|16N
1QJ|IQ|1|B|S|1|N|0|0|0|0|0|0|1|1|0|0|1|0|B|3B2U|3B46|16N
1QK|IQ|1|B|S|D|N|7|0|0|1|1|0|1|1|0|1L|I|E|B|3B48|3B90|16O
1QL|IQ|1|B|S|3|N|0|0|0|0|0|0|1|1|0|0|1|0|B|3B92|3BAL|16P
1QM|IQ|1|B|S|D|N|7|0|0|2|0|0|1|1|0|0|1|0|B|3BAN|3BC6|16Q
1QO|IR|1|B|H|1|N|0|0|0|0|0|0|1|1|0|0|1|2|0|3BCA|3BD1|16R
1QP|IS|1|B|Y|1|N|0|0|0|0|0|0|1|1|0|0|1|0|B|3BD3|3BFO|16S
1QP|IS|1|B|Y|3|N|0|0|0|0|0|0|1|1|0|0|1|0|B|3BFO|3BIC|16S
1QR|IT|1|B|H|3|N|7|0|0|0|0|0|1|1|0|0|1|2|0|3BIG|3BJ7|16T
1QS|IT|1|B|S|D|N|7|0|0|0|1|0|1|1|0|0|1|0|B|3BJ9|3BLX|16U
1QS|IT|1|B|S|R|N|0|0|0|0|0|0|1|1|0|0|1|0|B|3BLX|3BMU|16U
1QS|IT|1|B|S|6|N|0|0|0|0|2|0|1|1|0|N|I|E|B|3BMU|3BPU|16U
1QU|IU|1|B|H|1|N|0|0|0|0|0|0|1|1|0|1A|G|R|0|3BPY|3BQP|16V
1QV|IV|1|B|D|L|C|0|0|0|0|0|0|1|1|0|0|1|L|D|3BQR|3BTI|16W
1QV|IV|1|B|Y|3|N|0|0|0|0|0|0|1|1|0|1A|G|D|B|3BTI|3BV6|16W
1QX|IW|1|B|H|3|N|0|0|0|0|0|0|1|1|0|0|1|2|0|3BVA|3BW7|16X
1QY|IW|1|B|S|H|N|0|0|0|0|0|0|1|1|0|0|1|0|B|3BW9|3BZO|16Y
1QY|IW|1|B|S|2T|N|0|0|0|0|2|0|1|1|0|M|H|E|B|3BZO|3C3O|16Y
1QY|IW|1|B|S|3|N|0|0|0|0|0|0|1|1|0|0|1|0|B|3C3O|3C4U|16Y
1R0|IX|1|B|H|3|N|0|0|0|0|0|0|1|1|0|0|1|2|0|3C4Y|3C5J|16Z
1R1|IY|1|B|S|H|N|0|0|0|1|0|0|1|1|0|0|1|0|B|3C5L|3C8L|170
1R1|IY|1|B|S|1|N|0|0|0|0|0|0|1|1|0|0|1|0|B|3C8L|3CAF|170
1R3|IZ|1|B|H|1|N|0|0|0|0|0|0|1|1|0|0|1|2|0|3CAJ|3CB7|171
1R4|IZ|1|B|S|1|N|0|0|0|0|0|0|1|1|0|0|1|0|B|3CB9|3CDC|172
1R4|IZ|1|B|S|1|N|0|0|0|0|0|0|1|1|0|0|1|0|B|3CDC|3CE6|172
1R4|IZ|1|B|S|R|N|0|0|0|0|0|0|1|1|0|0|1|0|B|3CE6|3CG6|172
1R4|IZ|1|B|S|4|N|0|0|0|0|0|0|1|1|0|0|1|0|B|3CG6|3CIX|172
1R4|IZ|1|B|S|K|N|0|8|0|0|0|0|1|1|0|0|1|0|B|3CIX|3CK0|172
1R6|J0|1|B|H|1|Y|1|0|0|0|0|0|1|1|0|0|1|9|0|3CK4|3CKS|173
1R7|J1|1|B|D|L|Y|1|0|0|0|0|0|1|1|0|0|1|6|D|3CKU|3CMU|174
1R7|J1|1|B|D|1R|Y|1|0|0|0|1L|0|1|1|0|0|1|6|D|3CMU|3COX|174
1R7|J1|1|B|S|3|N|0|0|0|0|0|0|1|1|0|0|1|0|B|3COX|3CQF|174
1R9|J2|1|B|H|1|N|0|0|0|0|0|0|1|1|0|0|1|2|0|3CQJ|3CRA|175
1RA|J3|1|B|Y|3|N|0|A|0|0|0|0|1|1|0|0|1|0|B|3CRC|3CT0|176
1RB|J3|1|B|Y|D|N|0|3|0|0|7|0|1|1|0|0|1|0|B|3CT2|3CUK|177
1RB|J3|1|B|Y|3W|N|7|0|0|1|0|0|1|1|0|0|1|0|B|3CUK|3CYZ|177
1RB|J3|1|B|Y|3X|N|0|0|0|0|7|0|1|1|0|0|1|0|B|3CYZ|3D1N|177
1RB|J3|1|B|Y|2R|N|0|0|0|0|0|0|1|1|0|0|1|0|B|3D1N|3D4H|177
1RB|J3|1|B|Y|R|N|0|3|0|0|0|0|1|1|0|0|1|0|B|3D4H|3D6H|177
1RB|J3|1|B|Y|3|N|0|0|0|0|0|0|1|1|0|0|1|0|B|3D6H|3D7Z|177
1RC|J3|1|B|Y|L|N|0|8|0|0|0|0|1|1|0|0|1|0|B|3D81|3DAG|178
1RC|J3|1|B|Y|3|N|0|0|0|0|0|0|1|1|0|0|1|0|B|3DAG|3DBS|178
1RC|J3|1|B|Y|3|N|0|0|0|0|0|0|1|1|0|0|1|0|B|3DBS|3DDD|178
1RC|J3|1|B|Y|3|N|0|0|0|0|0|0|1|1|0|0|1|0|B|3DDD|3DDV|178
1RC|J3|1|B|Y|3|N|0|0|0|1|0|0|1|1|0|0|1|0|B|3DDV|3DFA|178
1RC|J3|1|B|Y|3Y|N|0|0|0|0|0|0|1|1|0|0|1|0|B|3DFA|3DHY|178
1RD|J3|1|B|Y|2J|N|6|0|0|2|0|0|1|1|0|0|1|0|B|3DI0|3DKO|179
1RD|J3|1|B|Y|D|N|5|0|0|2|0|0|1|1|0|0|1|0|B|3DKO|3DLF|179
1RD|J3|1|B|Y|3|N|6|7|0|1|0|0|1|1|0|0|1|0|B|3DLF|3DN6|179
1RD|J3|1|B|Y|3Z|N|0|0|0|0|0|0|1|1|0|0|1|0|B|3DN6|3DQU|179
1RF|J4|1|B|H|1|N|0|0|0|0|0|0|1|1|1|0|1|2|0|3DQY|3DRM|17A
1RG|J5|1|B|S|1|N|0|0|0|0|0|0|1|1|1|0|1|0|B|3DRO|3DSU|17B
1RG|J5|1|B|D|1|R|0|0|0|0|0|0|1|1|0|0|1|6|D|3DSU|3DU0|17B
1RH|J6|1|B|S|1|N|0|0|0|0|0|0|1|1|1|M|H|E|B|3DU2|3DVT|17C
1RJ|J7|1|B|H|1|L|1|0|0|0|0|0|1|1|0|0|1|9|0|3DVX|3DWL|17D
1RK|J7|1|B|D|3|Y|1|0|0|E|0|0|1|1|0|0|1|6|D|3DWN|3DZE|17E
1RK|J7|1|B|S|L|N|0|0|0|0|0|0|1|1|0|0|1|0|B|3DZE|3E3K|17E
1RN|J7|1|C|D|1|L|1|0|0|0|0|0|1|1|0|0|1|6|D|3E4W|3E6U|17F
1RQ|J8|1|C|H|1|N|0|0|0|0|0|0|1|1|0|0|1|2|0|3E86|3E8I|17G
1RR|J8|1|C|S|1|N|0|0|0|0|0|0|1|1|0|0|1|0|B|3E8K|3EA5|17H
1RR|J8|1|C|S|3|N|0|0|0|0|0|0|1|1|0|0|1|0|B|3EA5|3ECW|17H
1RR|J8|1|C|S|8|N|0|0|0|9|0|0|1|1|0|0|1|0|B|3ECW|3EE8|17H
1RU|J9|1|C|H|1|N|0|0|0|0|0|0|1|1|0|0|1|2|0|3EFK|3EGQ|17I
1RY|JA|1|C|H|1|N|0|1|0|0|0|0|1|1|0|0|1|2|0|3EJW|3EKW|17J
1S1|JA|1|C|S|1|N|6|0|0|0|0|0|1|1|0|0|1|0|B|3EMU|3ENF|17K
1S1|JA|1|C|S|40|N|0|0|0|0|0|0|1|1|0|0|1|7|B|3ENF|3ERF|17K
1S3|JB|1|C|H|1|N|0|0|0|0|0|0|1|1|0|0|1|N|0|3ERJ|3ES1|17L
1S4|JB|1|C|S|1|N|0|0|0|0|0|0|1|1|0|0|1|0|B|3ES3|3EU8|17M
1S4|JB|1|C|S|7|N|0|0|0|0|0|0|1|1|0|0|1|0|B|3EU8|3EVK|17M
1S4|JB|1|C|S|1|N|0|2|0|0|0|0|1|1|1|V|G|E|B|3EVK|3EWZ|17M
1S4|JB|1|C|S|7|N|0|0|0|0|0|0|1|1|0|0|1|0|B|3EWZ|3EY2|17M
1S5|JB|1|C|S|G|N|0|0|0|0|0|0|1|1|0|0|1|0|B|3EY4|3F03|17N
1S7|JC|1|C|H|1|N|0|0|0|0|0|0|1|1|0|0|1|2|0|3F07|3F14|17O
1S8|JC|1|C|S|32|N|0|0|0|2|2|0|1|1|0|0|1|0|B|3F16|3F2K|17P
1S9|JC|1|C|S|K|N|0|0|0|0|N|0|1|1|0|0|1|0|B|3F2M|3F6X|17Q
1SB|JD|1|C|H|1|N|0|0|0|0|0|0|1|1|0|0|1|2|0|3F71|3F7J|17R
1SC|JD|1|C|S|1|N|0|0|0|0|3|0|1|1|0|0|1|0|B|3F7L|3F9H|17S
1SD|JD|1|C|S|3|N|0|0|0|0|0|0|1|1|0|0|1|0|B|3F9J|3FAF|17T
1SE|JD|1|C|S|L|N|5|0|0|2|0|0|1|1|0|0|1|0|B|3FAH|3FC1|17U
1SE|JD|1|C|S|1|N|0|0|0|0|0|0|1|1|0|0|1|0|B|3FC1|3FDP|17U
1SG|JE|1|C|H|1|N|0|0|0|0|0|0|1|1|0|0|1|2|0|3FDT|3FEE|17V
1SH|JE|1|C|S|1|N|0|0|0|0|0|0|1|1|0|0|1|0|B|3FEG|3FG7|17W
1SH|JE|1|C|S|41|N|0|0|0|0|0|0|1|1|0|0|1|0|B|3FG7|3FJ4|17W
1SI|JE|1|C|S|2J|N|0|0|0|0|H|0|1|1|0|0|1|0|B|3FJ6|3FQ3|17X
1SK|JF|1|C|H|1|L|1|0|0|0|0|0|1|1|0|0|1|9|0|3FQ7|3FQP|17Y
1SL|JG|1|C|S|42|N|0|0|0|0|0|0|1|1|0|0|1|0|B|3FQR|3FU0|17Z
1SL|JG|1|C|S|C|N|0|B|0|0|0|0|1|1|0|0|1|0|B|3FU0|3FUR|17Z
1SM|JH|1|C|S|3|N|0|0|0|0|0|0|1|1|0|0|1|0|B|3FUT|3FW2|180
1SM|JH|1|C|S|1|N|0|0|0|0|0|0|1|1|1|1Z|Q|F|B|3FW2|3FY5|180
1SN|JH|1|C|S|H|N|0|0|0|0|0|0|1|1|0|0|1|0|B|3FY7|3G1Y|181
1SN|JH|1|C|D|3Z|C|0|0|0|0|0|0|1|1|0|0|1|6|D|3G1Y|3G4S|181
1SO|JH|1|C|S|O|N|0|1|2|0|0|0|1|1|0|0|1|0|B|3G4U|3G73|182
1SO|JH|1|C|S|L|N|0|0|0|0|L|0|1|1|0|0|1|0|B|3G73|3GDL|182
1SP|JI|1|C|S|1X|N|0|0|0|0|1A|0|1|1|0|6|2|E|B|3GDN|3GHB|183
1SQ|JJ|1|C|D|1|Y|0|0|0|0|0|0|1|1|0|0|1|G|D|3GHD|3GJD|184
1ST|JK|1|C|H|1|N|0|3|0|0|0|0|1|1|0|0|1|2|0|3GLB|3GMB|185
1SW|JK|1|C|S|1|N|6|0|0|0|0|0|1|1|0|0|1|0|B|3GO9|3GPI|186
1SW|JK|1|C|S|8|N|0|0|0|0|0|0|1|1|0|0|1|0|B|3GPI|3GRI|186
1SY|JL|1|C|H|1|N|0|6|0|0|0|0|1|1|0|0|1|2|0|3GRM|3GSG|187
1SZ|JL|1|C|S|1|N|0|W|0|0|0|0|1|1|0|0|1|0|B|3GSI|3GUT|188
1T0|JL|1|C|S|D|N|0|0|0|2|0|0|1|1|0|0|1|0|B|3GUV|3GWO|189
1T0|JL|1|C|S|3E|N|0|0|0|0|0|0|1|1|0|0|1|0|B|3GWO|3GYU|189
1T1|JL|1|C|S|3|N|0|0|0|0|0|0|1|1|0|0|1|0|B|3GYW|3H11|18A
1T3|JM|1|C|H|1|N|0|3|0|0|0|0|1|1|0|0|1|2|0|3H15|3H1Z|18B
1T4|JM|1|C|S|1|N|0|X|2|0|0|0|1|1|0|0|1|0|B|3H21|3H49|18C
1T5|JM|1|C|S|Y|N|0|6|0|0|0|0|1|1|0|0|1|0|B|3H4B|3H6J|18D
1T6|JM|1|C|S|43|N|0|0|0|0|0|0|1|1|0|0|1|0|B|3H6L|3HA8|18E
1T7|JM|1|C|S|7|N|0|0|0|0|0|0|1|1|0|0|1|0|B|3HAA|3HB9|18F
1T9|JN|1|C|H|1|N|0|0|0|0|8|0|1|1|0|0|1|2|0|3HBD|3HC4|18G
1TA|JN|1|C|S|L|N|0|0|0|0|8|0|1|1|0|0|1|0|B|3HC6|3HEC|18H
1TC|JO|1|C|H|1|L|1|0|0|0|0|0|1|1|0|0|1|9|0|3HEG|3HEY|18I
1TD|JO|1|C|S|R|N|0|0|0|0|0|0|1|1|0|0|1|0|B|3HF0|3HGX|18J
1TD|JO|1|C|S|R|N|0|0|0|0|0|0|1|1|0|0|1|0|B|3HGX|3HIO|18J
1TD|JO|1|C|S|1|N|0|1|0|0|0|0|1|1|0|0|1|0|B|3HIO|3HMC|18J
1TD|JO|1|C|S|6|N|0|0|0|0|0|0|1|1|0|0|1|0|B|3HMC|3HP3|18J
1TE|JO|1|C|S|19|N|0|Y|0|0|0|0|1|1|0|0|1|0|B|3HP5|3HQT|18K
1TE|JO|1|C|S|3|N|0|0|0|0|0|0|1|1|0|0|1|0|B|3HQT|3HS2|18K
1TE|JO|1|C|S|P|N|0|0|0|0|1M|0|1|1|0|0|1|0|B|3HS2|3HW8|18K
1TF|JP|1|C|Y|3|N|0|6|0|2|0|0|1|1|0|0|1|0|B|3HWA|3HYM|18L
1TG|JQ|1|C|S|3|N|0|0|0|0|0|0|1|1|0|0|1|0|B|3HYO|3I0C|18M
1TH|JR|1|C|S|18|N|0|0|0|1|0|0|1|1|0|0|1|0|B|3I0E|3I1E|18N
1TH|JR|1|C|D|7|L|1|0|0|0|0|0|1|1|0|0|1|6|D|3I1E|3I3E|18N
1TI|JS|1|C|S|2R|N|0|0|0|0|0|0|1|1|0|0|1|0|B|3I3G|3I5D|18O
1TJ|JT|1|C|D|7|Y|1|0|0|0|0|0|1|1|0|0|1|6|D|3I5F|3I7O|18P
1TM|JU|1|C|H|3|N|0|A|0|0|0|0|1|1|0|0|1|2|0|3I9M|3IAV|18Q
1TO|JU|1|C|Y|1|N|0|0|0|0|0|0|1|1|0|0|1|0|B|3ICR|3IDR|18R
1TR|JV|1|C|H|3|N|0|8|0|0|0|0|1|1|0|0|1|2|0|3IFP|3IGY|18S
1TT|JV|1|C|Y|1|N|0|0|0|0|0|0|1|1|0|0|1|0|B|3IIU|3IJU|18T
1TW|JW|1|C|H|3|N|0|9|0|0|0|0|1|1|0|0|1|2|0|3ILS|3IN1|18U
1TY|JW|1|C|Y|1|N|0|0|0|0|0|0|1|1|0|0|1|0|B|3IOX|3IPX|18V
1U1|JX|1|C|H|1|N|0|0|2|0|0|0|1|1|0|0|1|2|0|3IRV|3ITA|18W
1U4|JX|1|C|S|I|N|6|0|0|0|0|0|1|1|0|0|1|0|B|3IV8|3IWN|18X
1U4|JX|1|C|S|O|N|5|0|0|0|0|0|1|1|0|0|1|0|B|3IWN|3IZW|18X
1U6|JY|1|C|H|1|N|0|0|0|0|0|0|1|1|0|0|1|2|0|3J00|3J0I|18Y
1U7|JY|1|C|S|C|N|0|0|0|0|0|0|1|1|0|0|1|M|B|3J0K|3J4K|18Z
1U8|JY|1|C|S|8|N|0|0|0|0|0|0|1|1|0|0|1|0|B|3J4M|3J6C|190
1U9|JY|1|C|S|7|N|0|0|0|0|0|0|1|1|0|20|16|E|B|3J6E|3JA1|191
1UB|JZ|1|C|H|1|N|0|0|0|0|L|0|1|1|0|0|1|2|0|3JA5|3JAQ|192
1UC|JZ|1|C|S|15|N|0|0|0|0|1N|0|1|1|0|0|1|0|B|3JAS|3JFL|193
1UD|JZ|1|C|S|J|N|5|0|0|0|E|0|1|1|0|P|I|D|B|3JFN|3JHP|194
1UE|JZ|1|C|S|L|N|5|0|0|0|F|0|1|1|0|0|1|0|B|3JHR|3JJE|195
1UF|JZ|1|C|S|7|N|0|0|0|0|0|0|1|1|0|1F|X|D|B|3JJG|3JL3|196
1UH|K0|1|C|H|1|N|0|5|0|0|0|0|1|1|0|0|1|2|0|3JL7|3JLP|197
1UI|K0|1|C|S|1|N|0|0|0|0|0|0|1|1|0|0|1|0|B|3JLR|3JMN|198
1UI|K0|1|C|S|7|N|0|0|0|0|0|0|1|1|0|0|1|0|B|3JMN|3JO2|198
1UJ|K0|1|C|S|L|N|0|0|0|0|0|0|1|1|0|0|1|0|B|3JO4|3JPI|199
1UK|K0|1|C|S|3|N|0|5|0|0|0|0|1|1|0|0|1|0|B|3JPK|3JRY|19A
1UK|K0|1|C|S|L|N|0|0|0|0|0|0|1|1|0|0|1|0|B|3JRY|3JTM|19A
1UK|K0|1|C|D|21|Y|1|Z|0|0|5|0|1|1|0|0|1|6|D|3JTM|3JX1|19A
1UM|K1|1|C|H|1|L|1|0|0|0|0|0|1|1|0|0|1|9|0|3JX5|3JXN|19B
1UN|K1|1|C|S|1|N|0|0|0|0|L|0|1|1|0|0|1|0|B|3JXP|3JZ7|19C
1UN|K1|1|C|S|1|N|0|0|0|0|0|0|1|1|0|0|1|0|B|3JZ7|3K07|19C
1UN|K1|1|C|S|1|N|0|0|0|0|0|0|1|1|0|I|E|E|B|3K07|3K11|19C
1UN|K1|1|C|S|44|N|0|0|0|0|0|0|1|1|0|0|1|0|B|3K11|3K54|19C
1UN|K1|1|C|S|3|N|0|0|0|0|0|0|1|1|0|0|1|0|B|3K54|3K5Y|19C
1UO|K1|1|C|S|3|N|0|0|2|0|0|0|1|1|0|0|1|0|B|3K60|3K7O|19D
1UO|K1|1|C|S|1|N|0|7|0|0|0|0|1|1|1|0|1|0|B|3K7O|3K8L|19D
1UO|K1|1|C|S|1|N|0|0|0|0|0|0|1|1|0|0|1|0|B|3K8L|3KA9|19D
1UO|K1|1|C|S|D|N|6|0|0|1|0|0|1|1|0|0|1|0|B|3KA9|3KBO|19D
1UO|K1|1|C|S|J|N|0|0|0|1|0|0|1|1|0|0|1|0|B|3KBO|3KDO|19D
1UP|K1|1|C|S|L|N|0|0|0|0|0|0|1|1|0|0|1|0|B|3KDQ|3KF8|19E
1UP|K1|1|C|D|1|Y|1|0|0|0|0|0|1|1|0|0|1|6|D|3KF8|3KGZ|19E
1UP|K1|1|C|D|3|Y|0|0|0|1|0|0|1|1|0|0|1|G|D|3KGZ|3KIB|19E
1UP|K1|1|C|D|1|Y|0|0|0|0|0|0|1|1|0|0|1|G|D|3KIB|3KJW|19E
1US|K2|1|C|H|1|N|0|0|0|0|0|0|1|1|1|0|1|2|0|3KL8|3KLQ|19F
1UV|K2|1|C|S|3G|N|0|7|0|0|0|0|1|1|1|0|1|0|B|3KN2|3KPA|19G
1UW|K2|1|C|S|1|N|0|0|1|0|0|0|1|1|0|0|1|0|B|3KPC|3KRT|19H
1UX|K2|1|C|S|3|N|5|0|2|0|0|0|1|1|0|0|1|0|B|3KRV|3KTU|19I
1UX|K2|1|C|D|2|C|0|0|0|0|19|0|1|1|0|0|1|6|D|3KTU|3KWC|19I
1UY|K2|1|C|S|1|N|0|0|0|0|D|0|1|1|0|0|1|0|B|3KWE|3KY7|19J
1V1|K3|1|C|H|1|D|1|0|0|0|0|0|1|1|0|0|1|9|0|3KZJ|3L01|19K
1V4|K3|1|C|H|1|D|1|0|0|0|0|0|1|1|0|0|1|A|0|3L1D|3L24|19L
1V5|K3|1|C|S|5|N|0|0|0|0|0|0|1|1|0|3|4|E|B|3L26|3L3Q|19M
1V6|K3|1|C|S|L|N|0|0|0|2|2|0|1|1|0|K|F|E|B|3L3S|3L56|19N
1V7|K3|1|C|S|J|N|5|0|0|0|5|0|1|1|0|P|I|Q|B|3L58|3L7D|19O
1V8|K3|1|C|S|L|N|5|0|0|1|19|0|1|1|0|21|17|E|B|3L7F|3L9H|19P
1V8|K3|1|C|S|7|N|0|0|0|0|0|0|1|1|0|Y|F|E|B|3L9H|3LAQ|19P
1VB|K4|1|C|H|1|N|0|0|0|0|0|0|1|1|0|0|1|2|0|3LC2|3LCZ|19Q
1VE|K5|1|C|H|1|N|0|0|0|0|0|0|1|1|0|0|1|2|0|3LEB|3LEW|19R
1VF|K5|1|C|S|1|N|0|0|0|0|0|0|1|1|0|0|1|0|B|3LEY|3LFG|19S
1VF|K5|1|C|S|1|N|0|0|0|0|0|0|1|1|0|0|1|0|B|3LFG|3LGJ|19S
1VF|K5|1|C|S|1|N|0|0|0|0|0|0|1|1|0|0|1|0|B|3LGJ|3LGS|19S
1VF|K5|1|C|S|7|N|0|0|0|0|0|0|1|1|0|0|1|0|B|3LGS|3LHJ|19S
1VF|K5|1|C|S|1|N|0|0|0|0|0|0|1|1|0|0|1|0|B|3LHJ|3LIM|19S
1VF|K5|1|C|S|3|N|0|0|0|0|0|0|1|1|0|0|1|0|B|3LIM|3LJ7|19S
1VF|K5|1|C|S|1|N|0|0|0|0|0|0|1|1|0|0|1|0|B|3LJ7|3LLS|19S
1VH|K6|1|C|H|1|N|0|0|0|0|0|0|1|1|0|0|1|2|0|3LLW|3LMN|19T
1VI|K6|1|C|S|A|N|0|0|0|0|0|0|1|1|0|0|1|0|B|3LMP|3LOP|19U
1VI|K6|1|C|S|45|N|0|0|0|0|0|0|1|1|0|0|1|0|B|3LOP|3LPP|19U
1VI|K6|1|C|S|2H|N|0|0|0|0|0|0|1|1|0|0|1|8|B|3LPP|3LQG|19U
1VI|K6|1|C|S|A|N|0|0|0|0|0|0|1|1|0|0|1|0|B|3LQG|3LRD|19U
1VI|K6|1|C|S|1X|N|0|0|0|0|0|0|1|1|0|0|1|0|B|3LRD|3LTM|19U
1VI|K6|1|C|S|3|N|0|0|0|0|0|0|1|1|0|0|1|0|B|3LTM|3LUD|19U
1VK|K7|1|C|H|1|N|0|0|0|0|0|0|1|1|0|0|1|2|0|3LUH|3LUZ|19V
1VL|K7|1|C|H|O|N|0|0|0|0|0|0|1|1|0|0|1|B|0|3LV1|3LWJ|19W
1VM|K7|1|C|S|1|N|0|0|0|5|0|0|1|1|0|0|1|0|B|3LWL|3LX5|19X
1VN|K7|1|C|S|1|N|0|0|0|2|0|0|1|1|0|0|1|0|B|3LX7|3LYX|19Y
1VO|K7|1|C|S|D|N|0|0|0|4|0|0|1|1|0|0|1|0|B|3LYZ|3M14|19Z
1VQ|K8|1|C|H|1|N|0|0|0|0|0|0|1|1|0|0|1|2|0|3M18|3M1Q|1A0
1VR|K8|1|C|S|1|N|0|0|0|0|0|0|1|1|0|0|1|0|B|3M1S|3M4J|1A1
1VR|K8|1|C|S|R|N|0|0|0|0|0|0|1|1|0|0|1|0|B|3M4J|3M7A|1A1
1VR|K8|1|C|S|1|N|0|0|0|0|0|0|1|1|0|0|1|0|B|3M7A|3M9G|1A1
1VS|K8|1|C|S|1|N|0|0|0|0|0|0|1|1|0|0|1|0|B|3M9I|3MAR|1A2
1VS|K8|1|C|S|46|N|0|0|0|0|0|0|1|1|0|0|1|7|B|3MAR|3MFF|1A2
1VT|K9|1|C|S|O|N|0|0|0|0|0|0|1|1|0|0|1|0|B|3MFH|3MIE|1A3
1VT|K9|1|C|S|1|N|0|0|0|0|0|0|1|1|0|0|1|0|B|3MIE|3MJN|1A3
1VV|KA|1|C|H|1|N|0|0|0|0|0|0|1|1|0|0|1|2|0|3MJR|3MKI|1A4
1VW|KB|1|C|Y|L|N|0|0|0|0|5|0|1|1|0|0|1|0|B|3MKK|3MMH|1A5
1VW|KB|1|C|Y|X|N|0|0|0|0|1|0|1|1|0|0|1|0|B|3MMH|3MO2|1A5
1VW|KB|1|C|Y|3|N|0|0|0|0|0|0|1|1|0|0|1|0|B|3MO2|3MP5|1A5
1VX|KC|1|C|Y|1|N|0|0|0|0|0|0|1|1|0|0|1|0|B|3MP7|3MQA|1A6
1VY|KD|1|C|S|3|N|0|0|0|0|L|0|1|1|0|0|1|0|B|3MQC|3MSC|1A7
1VZ|KE|1|C|S|3|N|0|0|0|0|0|0|1|1|0|0|1|0|B|3MSE|3MUN|1A8
1VZ|KE|1|C|S|1U|N|0|0|0|0|0|0|1|1|0|0|1|0|B|3MUN|3MWN|1A8
1W0|KF|1|C|S|3|N|0|0|0|0|1O|0|1|1|0|14|R|D|B|3MWP|3MZ4|1A9
1W3|KF|1|D|D|1|L|1|0|0|0|0|0|1|1|0|0|1|6|D|3N0G|3N2E|1AA
1W6|KG|1|D|H|1|N|0|0|0|0|0|0|1|1|0|0|1|2|0|3N3Q|3N42|1AB
1W7|KG|1|D|S|1|N|0|0|0|0|0|0|1|1|0|0|1|0|B|3N44|3N5D|1AC
1W7|KG|1|D|S|3|N|0|0|0|0|0|0|1|1|0|0|1|0|B|3N5D|3N84|1AC
1W7|KG|1|D|S|1|N|0|0|0|0|0|0|1|1|0|0|1|0|B|3N84|3N9M|1AC
1WA|KH|1|D|H|1|N|0|0|0|0|0|0|1|1|0|0|1|2|0|3NAY|3NC4|1AD
1WE|KI|1|D|H|1|N|0|0|0|0|0|0|1|1|0|0|1|2|0|3NFA|3NGD|1AE
1WH|KI|1|D|S|1|N|6|0|0|0|0|0|1|1|0|0|1|0|B|3NIB|3NIZ|1AF
1WH|KI|1|D|S|19|N|0|B|0|0|0|0|1|1|0|0|1|0|B|3NIZ|3NKT|1AF
1WJ|KJ|1|D|H|1|N|0|0|0|0|0|0|1|1|0|0|1|2|0|3NKX|3NLF|1AG
1WK|KJ|1|D|S|1|N|0|0|0|0|0|0|1|1|0|0|1|0|B|3NLH|3NMV|1AH
1WL|KJ|1|D|S|J|N|9|0|0|7|3|0|1|1|0|0|1|0|B|3NMX|3NQT|1AI
1WM|KJ|1|D|S|D|N|5|0|0|0|1G|0|1|1|0|0|1|0|B|3NQV|3NT3|1AJ
1WN|KJ|1|D|S|1|N|0|0|0|0|0|0|1|1|0|0|1|0|B|3NT5|3NUS|1AK
1WN|KJ|1|D|S|6|N|0|0|0|0|0|0|1|1|0|0|1|0|B|3NUS|3NWG|1AK
1WO|KJ|1|D|S|L|N|0|0|0|0|8|0|1|1|0|0|1|0|B|3NWI|3NY8|1AL
1WO|KJ|1|D|S|3|N|0|0|0|7|0|0|1|1|0|0|1|0|B|3NY8|3NZB|1AL
1WQ|KK|1|D|H|1|N|0|0|0|0|0|0|1|1|0|0|1|2|0|3NZF|3NZX|1AM
1WR|KK|1|D|S|Q|N|0|0|0|0|0|0|1|1|0|0|1|0|B|3NZZ|3O3N|1AN
1WR|KK|1|D|S|3|N|0|0|0|0|0|0|1|1|0|0|1|0|B|3O3N|3O6B|1AN
1WS|KL|1|D|S|R|N|0|0|0|0|0|0|1|1|0|0|1|0|B|3O6D|3O7Y|1AO
1WS|KL|1|D|D|L|D|1|0|0|0|0|0|1|1|0|0|1|6|D|3O7Y|3OAY|1AO
1WS|KL|1|D|S|2R|N|0|0|0|0|0|0|1|1|0|0|1|0|B|3OAY|3OC4|1AO
1WU|KM|1|D|H|1|N|0|1|0|0|0|0|1|1|0|0|1|2|0|3OC8|3OD5|1AP
1WV|KN|1|D|S|3|N|0|1|0|0|0|0|1|1|0|0|1|0|B|3OD7|3OEY|1AQ
1WV|KN|1|D|S|T|N|0|0|0|0|0|0|1|1|0|1A|G|D|B|3OEY|3OHG|1AQ
1WV|KN|1|D|D|1|D|1|0|0|0|0|0|1|1|0|0|1|6|D|3OHG|3OIS|1AQ
1WW|KO|1|D|S|1|N|0|2|0|0|0|0|1|1|0|0|1|0|B|3OIU|3OL6|1AR
1WW|KO|1|D|S|3|N|0|0|0|0|0|0|1|1|0|0|1|0|B|3OL6|3OMX|1AR
1WX|KP|1|D|Y|C|N|0|0|0|2|0|0|1|1|0|0|1|0|B|3OMZ|3OOB|1AS
1WX|KP|1|D|Y|1|N|0|0|0|0|0|0|1|1|0|0|1|0|B|3OOB|3OPT|1AS
1WX|KP|1|D|Y|7|N|0|0|0|0|0|0|1|1|0|0|1|0|B|3OPT|3OS8|1AS
1WY|KQ|1|D|Y|U|N|0|0|0|0|0|0|1|1|0|0|1|0|B|3OSA|3OUG|1AT
1WY|KQ|1|D|Y|8|N|0|0|0|0|0|0|1|1|0|0|1|0|B|3OUG|3OWJ|1AT
1X1|KR|1|D|H|3|N|0|3|0|0|0|0|1|1|0|0|1|2|0|3OYH|3OZQ|1AU
1X3|KR|1|D|Y|1|N|0|0|0|0|0|0|1|1|0|0|1|0|B|3P1M|3P2M|1AV
1X6|KS|1|D|H|1|N|0|0|0|0|0|0|1|1|0|0|1|2|0|3P4K|3P5N|1AW
1X9|KS|1|D|S|1|N|6|0|0|0|0|0|1|1|0|0|1|0|B|3P7L|3P89|1AX
1XA|KS|1|D|S|1|N|0|H|0|0|0|0|1|1|0|0|1|0|B|3P8B|3P97|1AY
1XB|KS|1|D|S|1|N|0|A|0|0|0|0|1|1|0|0|1|0|B|3P99|3PA5|1AZ
1XC|KS|1|D|S|C|N|0|E|0|0|0|0|1|1|0|0|1|0|B|3PA7|3PBD|1B0
1XE|KT|1|D|H|1|N|0|0|0|0|0|0|1|1|0|0|1|2|0|3PBH|3PC5|1B1
1XF|KT|1|D|S|D|N|0|0|0|0|0|0|1|1|0|0|1|0|B|3PC7|3PE3|1B2
1XF|KT|1|D|S|8|N|0|0|0|0|0|0|1|1|0|0|1|0|B|3PE3|3PFF|1B2
1XG|KT|1|D|S|J|N|0|0|0|0|2|0|1|1|0|0|1|0|B|3PFH|3PHM|1B3
1XH|KT|1|D|S|L|N|0|0|0|0|0|0|1|1|0|0|1|0|B|3PHO|3PJH|1B4
1XH|KT|1|D|S|1|N|0|0|0|0|0|0|1|1|0|0|1|0|B|3PJH|3PM8|1B4
1XH|KT|1|D|D|1|Y|1|0|0|0|0|0|1|1|0|0|1|6|D|3PM8|3POT|1B4
1XI|KT|1|D|S|7|N|0|0|0|0|0|0|1|1|0|0|1|0|B|3POV|3PS3|1B5
1XJ|KT|1|D|S|L|N|9|0|0|5|D|0|1|1|0|0|1|0|B|3PS5|3PUS|1B6
1XK|KT|1|D|S|L|N|0|0|0|5|0|0|1|1|0|0|1|0|B|3PUU|3PWB|1B7
1XL|KT|1|D|S|3|N|0|0|0|0|0|0|1|1|0|0|1|0|B|3PWD|3PXC|1B8
1XN|KU|1|D|H|1|N|0|0|0|0|0|0|1|1|0|0|1|2|0|3PXG|3PY1|1B9
1XO|KU|1|D|S|D|N|0|0|0|1|1P|0|1|1|0|0|1|0|B|3PY3|3Q28|1BA
1XQ|KV|1|D|H|1|N|0|0|0|0|0|0|1|1|0|0|1|2|0|3Q2C|3Q2U|1BB
1XR|KV|1|D|S|D|N|0|0|0|0|0|0|1|1|0|0|1|0|B|3Q2W|3Q4D|1BC
1XS|KV|1|D|S|3U|N|0|0|0|0|0|0|1|1|0|22|18|F|B|3Q4F|3Q8T|1BD
1XS|KV|1|D|S|1|N|0|0|0|0|0|0|1|1|0|0|1|0|B|3Q8T|3QAE|1BD
1XS|KV|1|D|S|2|N|0|0|0|0|0|0|1|1|0|0|1|0|B|3QAE|3QBE|1BD
1XU|KW|1|D|H|1|L|1|0|0|0|0|0|1|1|0|0|1|9|0|3QBI|3QC0|1BE
1XV|KX|1|D|Y|C|N|0|0|0|6|0|0|1|1|0|0|1|0|B|3QC2|3QDQ|1BF
1XV|KX|1|D|Y|1|N|0|0|0|5|0|0|1|1|0|0|1|0|B|3QDQ|3QEZ|1BF
1XW|KX|1|D|Y|1|N|0|0|0|0|0|0|1|1|0|0|1|0|B|3QF1|3QFJ|1BG
1XW|KX|1|D|Y|6|N|0|0|0|0|0|0|1|1|0|0|1|0|B|3QFJ|3QGG|1BG
1XW|KX|1|D|Y|E|N|0|0|0|0|2|0|1|1|0|0|1|0|B|3QGG|3QJ4|1BG
1XW|KX|1|D|D|2H|C|0|0|0|0|0|0|1|1|0|0|1|6|D|3QJ4|3QL7|1BG
1XX|KY|1|D|S|3|N|0|0|0|0|0|0|1|1|0|0|1|0|B|3QL9|3QLX|1BH
1XY|KZ|1|D|D|1|D|1|0|0|0|0|0|1|1|0|0|1|6|D|3QLZ|3QNZ|1BI
1XZ|KZ|1|D|Y|1D|N|0|0|0|2|0|0|1|1|0|0|1|0|B|3QO1|3QVD|1BJ
1Y2|L0|1|D|H|3|N|0|8|0|0|0|0|1|1|0|0|1|2|0|3QXB|3QYK|1BK
1Y4|L0|1|D|Y|1|N|0|0|0|0|0|0|1|1|0|0|1|0|B|3R0G|3R1G|1BL
1Y7|L1|1|D|H|1|N|0|0|0|0|0|0|1|1|0|0|1|2|0|3R3E|3R4H|1BM
1YA|L1|1|D|S|1|N|6|0|0|0|0|0|1|1|0|0|1|0|B|3R6F|3R7L|1BN
1YA|L1|1|D|S|8|N|0|0|0|0|0|0|1|1|0|0|1|0|B|3R7L|3R9O|1BN
1YA|L1|1|D|S|9|N|0|0|0|0|0|0|1|1|0|0|1|0|B|3R9O|3RC3|1BN
1YC|L2|1|D|H|1|N|0|0|0|0|0|0|1|1|0|0|1|2|0|3RC7|3RCP|1BO
1YD|L2|1|D|S|47|N|0|0|0|0|0|0|1|1|0|M|H|E|B|3RCR|3RHZ|1BP
1YE|L2|1|D|S|48|N|6|0|0|1|0|0|1|1|0|0|1|0|B|3RI1|3RJX|1BQ
1YE|L2|1|D|S|H|N|0|0|0|0|0|0|1|1|0|0|1|0|B|3RJX|3RLU|1BQ
1YF|L2|1|D|S|1|N|0|0|0|0|0|0|1|1|0|0|1|0|B|3RLW|3RNC|1BR
1YG|L2|1|D|S|7|N|0|0|0|0|0|0|1|1|0|23|5|F|B|3RNE|3ROR|1BS
1YH|L2|1|D|S|7|N|0|0|0|0|0|0|1|1|0|1K|R|D|B|3ROT|3RQU|1BT
1YI|L2|1|D|S|L|N|0|0|0|0|0|0|1|1|0|0|1|0|B|3RQW|3RSU|1BU
1YJ|L2|1|D|S|7|N|0|0|0|0|0|0|1|1|0|24|19|D|B|3RSW|3RUR|1BV
1YL|L3|1|D|H|1|N|0|0|0|0|0|0|1|1|0|0|1|2|0|3RUV|3RVP|1BW
1YM|L3|1|D|S|3M|N|0|0|0|1|0|0|1|1|0|0|1|0|B|3RVR|3S08|1BX
1YM|L3|1|D|S|49|N|0|0|0|3|0|0|1|1|0|0|1|7|B|3S08|3S32|1BX
1YN|L3|1|D|S|I|N|0|0|0|2|0|0|1|1|0|0|1|0|B|3S34|3S56|1BY
1YO|L3|1|D|S|1|N|0|0|0|2|0|0|1|1|0|0|1|0|B|3S58|3S7S|1BZ
1YQ|L4|1|D|H|1|N|0|0|0|0|0|0|1|1|0|0|1|2|0|3S7W|3S8H|1C0
1YR|L4|1|D|S|3|N|0|0|0|0|0|0|1|1|0|0|1|0|B|3S8J|3S9U|1C1
1YS|L4|1|D|S|L|N|5|0|0|8|3|0|1|1|0|0|1|0|B|3S9W|3SD1|1C2
1YS|L4|1|D|S|7|N|0|0|0|0|0|0|1|1|0|0|1|0|B|3SD1|3SDS|1C2
1YU|L5|1|D|H|1|L|1|0|0|0|0|0|1|1|0|0|1|9|0|3SDW|3SEE|1C3
1YV|L5|1|D|S|Y|N|0|3|0|0|0|0|1|1|0|0|1|0|B|3SEG|3SH7|1C4
1YV|L5|1|D|S|47|N|0|0|0|0|S|0|1|1|0|0|1|0|B|3SH7|3SL7|1C4
1YW|L6|1|D|S|3Y|N|0|0|0|0|0|0|1|1|0|6|2|E|B|3SL9|3SNC|1C5
1YW|L6|1|D|S|6|N|5|0|0|2|0|0|1|1|0|6|2|E|B|3SNC|3SQU|1C5
1YX|L7|1|D|D|L|Y|1|0|0|0|0|0|1|1|0|0|1|6|D|3SQW|3SUK|1C6
1YY|L8|1|D|S|3|N|0|0|0|4|0|0|1|1|0|0|1|0|B|3SUM|3SW7|1C7
1YY|L8|1|D|S|7|N|0|0|0|0|0|0|1|1|1|25|C|D|B|3SW7|3SZ7|1C7
1Z1|L9|1|D|H|3|N|0|7|0|0|0|0|1|1|0|0|1|2|0|3T15|3T2E|1C8
1Z3|L9|1|D|Y|1|N|0|0|0|0|0|0|1|1|0|0|1|0|B|3T4A|3T5A|1C9
1Z6|LA|1|D|H|1|N|0|0|0|0|0|0|1|1|1|0|1|2|0|3T6M|3T74|1CA
1Z8|LA|1|D|S|I|N|0|0|1|8|1Q|0|1|1|1|6|2|E|B|3T8E|3TCV|1CB
1Z9|LA|1|D|S|L|N|0|0|2|1|1R|0|1|1|0|0|1|8|B|3TCX|3THN|1CC
1Z9|LA|1|D|S|1|N|0|0|0|0|0|0|1|1|1|26|1A|F|B|3THN|3TJH|1CC
1ZC|LB|1|D|H|1|D|1|0|0|0|0|0|1|1|0|0|1|9|0|3TKT|3TLB|1CD
1ZE|LB|1|D|H|1|D|1|0|0|0|0|0|1|1|0|0|1|A|0|3TML|3TNF|1CE
1ZF|LB|1|D|S|3|N|0|0|1|0|0|0|1|1|0|0|1|0|B|3TNH|3TP7|1CF
1ZF|LB|1|D|S|G|N|0|0|0|0|0|0|1|1|0|3|4|E|B|3TP7|3TQG|1CF
1ZG|LB|1|D|S|1|N|0|0|2|0|0|0|1|1|0|A|9|F|B|3TQI|3TSQ|1CG
1ZH|LB|1|D|S|X|N|0|0|0|8|0|0|1|1|0|0|1|0|B|3TSS|3TV3|1CH
1ZI|LB|1|D|S|3|N|0|0|2|0|5|0|1|1|0|0|1|0|B|3TV5|3TX7|1CI
1ZL|LC|1|D|H|1|L|1|0|0|0|0|0|1|1|0|0|1|9|0|3TYJ|3TZG|1CJ
1ZO|LD|1|D|H|1|N|0|0|0|0|0|0|1|1|0|0|1|2|0|3U0S|3U1A|1CK
1ZP|LD|1|D|S|3|N|0|0|0|0|0|0|1|1|0|0|1|0|B|3U1C|3U2X|1CL
1ZP|LD|1|D|S|1T|N|0|0|0|0|0|0|1|1|0|27|1B|Q|B|3U2X|3U6O|1CL
1ZP|LD|1|D|S|4|N|0|0|0|0|0|0|1|1|0|6|2|E|B|3U6O|3U86|1CL
1ZP|LD|1|D|S|O|N|0|0|0|0|0|0|1|1|0|0|1|0|B|3U86|3U9F|1CL
1ZR|LE|1|D|H|1|N|0|0|0|0|0|0|1|1|0|0|1|2|0|3U9J|3UA7|1CM
1ZS|LE|1|D|S|L|N|0|0|0|0|0|0|1|1|0|0|1|0|B|3UA9|3UBO|1CN
1ZS|LE|1|D|S|4|N|0|0|0|4|0|0|1|1|0|0|1|0|B|3UBO|3UD6|1CN
1ZS|LE|1|D|D|O|D|1|0|0|0|0|0|1|1|0|0|1|6|D|3UD6|3UF6|1CN
1ZS|LE|1|D|S|3|N|0|0|0|1|0|0|1|1|0|0|1|0|B|3UF6|3UG6|1CN
1ZU|LF|1|D|H|1|N|0|0|0|0|0|0|1|1|0|0|1|2|0|3UGA|3UH1|1CO
1ZV|LF|1|D|Y|O|N|0|0|0|0|0|0|1|1|0|0|1|0|B|3UH3|3UJ9|1CP
1ZV|LF|1|D|Y|K|N|0|0|0|0|0|0|1|1|0|0|1|0|B|3UJ9|3UK6|1CP
1ZV|LF|1|D|Y|2|N|0|0|0|0|0|0|1|1|0|0|1|0|B|3UK6|3ULI|1CP
1ZV|LF|1|D|Y|O|N|0|0|0|0|0|0|1|1|0|0|1|0|B|3ULI|3UN3|1CP
1ZX|LG|1|D|H|3|N|0|0|0|0|0|0|1|1|0|0|1|2|0|3UN7|3UNY|1CQ
1ZY|LG|1|D|S|3|N|0|0|0|0|0|0|1|1|0|0|1|0|B|3UO0|3URF|1CR
1ZY|LG|1|D|S|1X|N|0|0|0|0|0|0|1|1|0|0|1|0|B|3URF|3UTF|1CR
1ZY|LG|1|D|S|18|N|0|0|0|0|0|0|1|1|0|0|1|0|B|3UTF|3UVI|1CR
200|LH|1|D|H|1|N|0|0|0|0|0|0|1|1|0|0|1|2|0|3UVM|3UWM|1CS
201|LH|1|D|Y|1|N|0|0|0|0|0|0|1|1|0|0|1|0|B|3UWO|3UXI|1CT
201|LH|1|D|Y|H|N|0|0|0|0|0|0|1|1|0|0|1|0|B|3UXI|3UZR|1CT
201|LH|1|D|C|R|N|9|A|0|0|2|0|1|1|0|0|1|1|0|3UZR|3V30|1CT
201|LH|1|D|Y|27|N|6|0|0|0|0|0|1|1|0|0|1|0|B|3V30|3V73|1CT
203|LI|1|D|H|1|N|0|0|0|0|0|0|1|1|0|0|1|2|0|3V77|3V7P|1CU
204|LJ|1|D|S|1|N|0|0|0|0|0|0|1|1|0|0|1|0|B|3V7R|3V8C|1CV
204|LJ|1|D|S|7|N|0|0|0|0|1S|0|1|1|0|0|1|0|B|3V8C|3V9U|1CV
204|LJ|1|D|S|D|N|0|0|0|0|12|0|1|1|0|1L|I|E|B|3V9U|3VCX|1CV
205|LK|1|D|S|3|N|0|0|5|0|0|0|1|1|0|0|1|0|B|3VCZ|3VFN|1CW
205|LK|1|D|S|3|N|0|0|0|0|0|0|1|1|0|0|1|0|B|3VFN|3VGW|1CW
205|LK|1|D|S|G|N|0|0|2|0|0|0|1|1|0|0|1|0|B|3VGW|3VIH|1CW
207|LL|1|D|H|1|N|0|0|0|0|0|0|1|1|0|0|1|2|0|3VIL|3VJ3|1CX
208|LM|1|D|S|8|N|0|0|0|0|0|0|1|1|0|0|1|0|B|3VJ5|3VKT|1CY
208|LM|1|D|S|16|N|0|0|0|0|0|0|1|1|0|0|1|0|B|3VKT|3VNK|1CY
209|LN|1|D|S|D|N|0|0|0|0|0|0|1|1|0|0|1|0|B|3VNM|3VOD|1CZ
209|LN|1|D|D|D|D|0|0|0|0|0|0|1|1|0|0|1|G|D|3VOD|3VQD|1CZ
20A|LO|1|D|Y|3|N|0|0|0|0|0|0|1|1|0|0|1|0|B|3VQF|3VR3|1D0
20A|LO|1|D|Y|D|N|0|0|0|2|0|0|1|1|0|6|2|E|B|3VR3|3VT3|1D0
20A|LO|1|D|Y|I|N|0|0|0|2|0|0|1|1|0|6|2|E|B|3VT3|3VUU|1D0
20A|LO|1|D|Y|10|N|0|0|0|2|0|0|1|1|0|0|1|0|B|3VUU|3VVX|1D0
20C|LP|1|D|H|1|N|0|0|0|0|0|0|1|1|0|0|1|2|0|3VW1|3VWM|1D1
20D|LP|1|D|S|1|N|0|0|0|0|0|0|1|1|0|0|1|0|B|3VWO|3VZ0|1D2
20D|LP|1|D|S|R|N|0|0|0|0|0|0|1|1|0|0|1|0|B|3VZ0|3W26|1D2
20D|LP|1|D|S|3A|N|0|0|0|0|0|0|1|1|0|0|1|0|B|3W26|3W3I|1D2
20F|LQ|1|D|H|C|N|0|0|0|0|0|0|1|1|0|0|1|2|0|3W3M|3W4M|1D3
20G|LQ|1|D|S|C|N|0|0|0|0|0|0|1|1|0|0|1|0|B|3W4O|3W7R|1D4
20G|LQ|1|D|S|F|N|0|0|0|0|0|0|1|1|0|0|1|0|B|3W7R|3WA6|1D4
20G|LQ|1|D|S|3|N|0|0|0|0|0|0|1|1|0|0|1|0|B|3WA6|3WBO|1D4
20J|LQ|1|E|D|1|L|1|0|0|0|0|0|1|1|0|0|1|6|D|3WD0|3WEY|1D5
20M|LR|1|E|H|1|N|0|0|0|0|0|0|1|1|0|0|1|2|0|3WGA|3WGM|1D6
20N|LR|1|E|S|1|N|0|0|0|0|0|0|1|1|1|0|1|7|B|3WGO|3WJ3|1D7
20N|LR|1|E|S|3|N|0|0|0|0|0|0|1|1|0|0|1|0|B|3WJ3|3WLU|1D7
20N|LR|1|E|S|V|N|0|0|0|0|0|0|1|1|0|0|1|0|B|3WLU|3WNF|1D7
20Q|LS|1|E|H|1|N|0|0|0|0|0|0|1|1|0|0|1|2|0|3WOR|3WPX|1D8
20U|LT|1|E|H|1|N|0|0|0|0|0|0|1|1|0|0|1|2|0|3WT3|3WU6|1D9
20X|LT|1|E|S|1|N|6|0|0|0|0|0|1|1|0|0|1|0|B|3WW4|3WWS|1DA
20X|LT|1|E|S|I|N|0|0|0|0|0|0|1|1|0|0|1|0|B|3WWS|3X0V|1DA
20Z|LU|1|E|H|1|N|0|0|0|0|0|0|1|1|0|0|1|2|0|3X0Z|3X1H|1DB
210|LU|1|E|S|1|N|0|0|0|0|0|0|1|1|0|0|1|0|B|3X1J|3X2X|1DC
210|LU|1|E|S|I|N|0|0|0|0|0|0|1|1|0|0|1|0|B|3X2X|3X5X|1DC
211|LU|1|E|S|I|N|0|0|0|0|0|0|1|1|0|0|1|0|B|3X5Z|3X7A|1DD
211|LU|1|E|S|1D|N|0|0|0|0|0|0|1|1|0|0|1|0|B|3X7A|3X9J|1DD
213|LV|1|E|H|1|N|0|0|0|0|0|0|1|1|0|0|1|2|0|3X9N|3XA8|1DE
214|LV|1|E|S|L|N|5|0|0|7|2|0|1|1|0|0|1|0|B|3XAA|3XEX|1DF
214|LV|1|E|S|C|N|0|0|0|0|0|0|1|1|0|0|1|0|B|3XEX|3XG6|1DF
214|LV|1|E|S|1|N|0|0|0|0|0|0|1|1|0|0|1|0|B|3XG6|3XIO|1DF
216|LW|1|E|H|1|N|0|0|0|0|0|0|1|1|0|0|1|2|0|3XIS|3XJJ|1DG
217|LW|1|E|S|1|N|0|0|0|0|D|0|1|1|0|0|1|0|B|3XJL|3XK8|1DH
218|LW|1|E|S|2R|N|0|0|0|0|B|0|1|1|0|0|1|0|B|3XKA|3XL0|1DI
219|LW|1|E|S|D|N|5|0|0|0|7|0|1|1|0|0|1|0|B|3XL2|3XN1|1DJ
21A|LW|1|E|S|6|N|0|0|0|0|0|0|1|1|0|0|1|0|B|3XN3|3XPK|1DK
21A|LW|1|E|S|2|N|0|0|0|0|0|0|1|1|0|0|1|0|B|3XPK|3XSB|1DK
21C|LX|1|E|H|1|N|0|0|0|0|0|0|1|1|0|0|1|2|0|3XSF|3XSX|1DL
21D|LX|1|E|S|32|N|5|0|0|0|0|0|1|1|0|0|1|0|B|3XSZ|3XUH|1DM
21D|LX|1|E|S|2T|N|0|0|0|0|0|0|1|1|0|0|1|0|B|3XUH|3XVQ|1DM
21D|LX|1|E|S|X|N|0|0|0|0|0|0|1|1|0|0|1|8|B|3XVQ|3XX2|1DM
21F|LY|1|E|H|1|N|0|0|0|0|0|0|1|1|1|0|1|2|0|3XX6|3XXI|1DN
21G|LY|1|E|S|D|N|0|0|0|0|S|0|1|1|1|0|1|7|B|3XXK|3Y0K|1DO
21G|LY|1|E|S|D|N|0|0|0|1|5|0|1|1|0|0|1|0|B|3Y0K|3Y2E|1DO
21I|LZ|1|E|H|1|L|1|0|0|0|0|0|1|1|0|0|1|9|0|3Y2I|3Y30|1DP
21J|LZ|1|E|S|R|N|6|0|0|0|0|0|1|1|0|6|2|E|B|3Y32|3Y5N|1DQ
21J|LZ|1|E|S|4A|N|7|0|0|1|0|0|1|1|0|0|1|0|B|3Y5N|3Y7E|1DQ
21J|LZ|1|E|S|1|N|0|0|0|0|1T|0|1|1|0|0|1|0|B|3Y7E|3Y8W|1DQ
21K|M0|1|E|S|1|N|0|0|1|0|0|0|1|1|0|0|1|0|B|3Y8Y|3Y9Y|1DR
21K|M0|1|E|S|J|N|6|0|0|0|0|0|1|1|0|0|1|0|B|3Y9Y|3YC7|1DR
21K|M0|1|E|S|O|N|0|0|0|0|0|0|1|1|0|0|1|0|B|3YC7|3YE7|1DR
21L|M1|1|E|Y|24|N|0|0|1|0|0|0|1|1|0|0|1|0|B|3YE9|3YFX|1DS
21L|M1|1|E|D|4B|Y|1|0|0|1|0|0|1|1|0|0|1|6|D|3YFX|3YI3|1DS
21L|M1|1|E|Y|1G|N|0|0|0|0|0|0|1|1|0|0|1|0|B|3YI3|3YJU|1DS
21M|M1|1|E|Y|H|N|0|0|1|0|0|0|1|1|0|0|1|0|B|3YJW|3YMH|1DT
21M|M1|1|E|Y|1|N|0|0|0|0|0|0|1|1|0|0|1|0|B|3YMH|3YOQ|1DT
21M|M1|1|E|Y|7|N|0|0|0|0|0|0|1|1|0|0|1|0|B|3YOQ|3YPZ|1DT
21M|M1|1|E|Y|R|N|0|0|0|0|0|0|1|1|0|0|1|0|B|3YPZ|3YT8|1DT
21M|M1|1|E|Y|3|N|0|0|0|0|0|0|1|1|0|0|1|0|B|3YT8|3YUT|1DT
21P|M2|1|E|H|3|N|0|3|0|0|0|0|1|1|0|0|1|2|0|3YWR|3YY0|1DU
21R|M2|1|E|Y|1|N|0|0|0|0|0|0|1|1|0|0|1|0|B|3YZW|3Z0W|1DV
21U|M3|1|E|H|1|N|0|0|2|0|0|0|1|1|0|0|1|2|0|3Z2U|3Z49|1DW
21X|M3|1|E|S|1|N|6|0|0|0|0|0|1|1|0|0|1|0|B|3Z67|3Z6V|1DX
21X|M3|1|E|S|O|N|0|0|0|0|0|0|1|1|0|0|1|7|B|3Z6V|3Z94|1DX
21X|M3|1|E|S|L|N|0|0|0|0|0|0|1|1|0|0|1|0|B|3Z94|3ZC7|1DX
21Z|M4|1|E|H|1|N|0|0|0|0|0|0|1|1|0|0|1|2|0|3ZCB|3ZCW|1DY
220|M4|1|E|S|1|N|0|0|0|0|0|0|1|1|0|0|1|0|B|3ZCY|3ZEO|1DZ
220|M4|1|E|S|1|N|0|0|0|0|0|0|1|1|0|0|1|0|B|3ZEO|3ZFO|1DZ
221|M4|1|E|S|A|N|0|0|0|0|0|0|1|1|0|0|1|0|B|3ZFQ|3ZH7|1E0
223|M5|1|E|H|1|N|0|0|0|0|0|0|1|1|0|0|1|2|0|3ZHB|3ZHZ|1E1
224|M5|1|E|S|6|N|5|0|0|8|1Q|0|1|1|0|0|1|0|B|3ZI1|3ZMI|1E2
224|M5|1|E|S|L|N|0|0|0|0|0|0|1|1|0|0|1|0|B|3ZMI|3ZQ3|1E2
226|M6|1|E|H|1|N|0|0|0|0|0|0|1|1|0|0|1|2|0|3ZQ7|3ZQS|1E3
227|M6|1|E|S|3|N|0|0|0|0|D|0|1|1|0|0|1|0|B|3ZQU|3ZRZ|1E4
228|M6|1|E|S|3|N|5|0|0|0|0|0|1|1|0|0|1|0|B|3ZS1|3ZTF|1E5
229|M6|1|E|S|I|N|0|0|0|1|E|0|1|1|0|1A|G|D|B|3ZTH|3ZW1|1E6
22B|M7|1|E|H|1|N|0|0|0|0|0|0|1|1|1|0|1|2|0|3ZW5|3ZWH|1E7
22C|M7|1|E|S|C|N|0|A|0|0|0|0|1|1|0|0|1|7|B|3ZWJ|3ZXY|1E8
22C|M7|1|E|S|1|N|0|0|0|0|0|0|1|1|0|0|1|0|B|3ZXY|3ZYY|1E8
22E|M8|1|E|H|1|L|1|0|0|0|0|0|1|1|0|0|1|9|0|3ZZ2|3ZZK|1E9
22F|M9|1|E|S|3|N|0|0|0|0|0|0|1|1|0|0|1|0|B|3ZZM|400S|1EA
22F|M9|1|E|S|3|N|0|0|0|0|0|0|1|1|0|0|1|0|B|400S|402A|1EA
22F|M9|1|E|S|J|N|0|0|0|0|0|0|1|1|0|0|1|0|B|402A|404V|1EA
22G|M9|1|E|S|C|N|0|0|0|0|0|0|1|1|0|8|7|E|B|404X|407O|1EB
22G|M9|1|E|S|7|N|0|0|0|0|0|0|1|1|0|0|1|0|B|407O|40A9|1EB
22G|M9|1|E|S|1|N|0|0|0|0|0|0|1|1|0|0|1|0|B|40A9|40BO|1EB
22G|M9|1|E|D|2T|C|0|0|0|0|0|0|1|1|0|0|1|6|D|40BO|40CR|1EB
22G|M9|1|E|S|L|N|0|0|0|1|0|0|1|1|0|0|1|0|B|40CR|40F9|1EB
22H|M9|1|E|S|3|N|0|0|0|0|0|0|1|1|0|0|1|0|B|40FB|40HN|1EC
22H|M9|1|E|S|3|N|0|0|0|0|0|0|1|1|0|0|1|0|B|40HN|40IW|1EC
22H|M9|1|E|S|3|N|6|0|0|0|0|0|1|1|0|0|1|0|B|40IW|40LK|1EC
22I|MA|1|E|D|1|D|1|0|0|0|0|0|1|1|0|0|1|6|D|40LM|40P4|1ED
22L|MB|1|E|H|3|N|0|8|0|0|0|0|1|1|0|0|1|2|0|40R2|40SB|1EE
22N|MB|1|E|Y|1|N|0|0|0|0|0|0|1|1|0|0|1|0|B|40U7|40V7|1EF
22Q|MC|1|E|H|1|N|0|0|5|0|0|0|1|1|0|0|1|2|0|40X5|40YK|1EG
22T|MC|1|E|S|1|N|6|0|0|0|0|0|1|1|0|0|1|0|B|410I|4116|1EH
22T|MC|1|E|S|4C|N|0|0|0|0|0|0|1|1|0|0|1|0|B|4116|417I|1EH
22V|MD|1|E|H|1|N|0|0|0|0|0|0|1|1|0|0|1|2|0|417M|4184|1EI
22W|MD|1|E|S|1|N|0|0|0|0|0|0|1|1|0|0|1|0|B|4186|418W|1EJ
22X|MD|1|E|S|1|N|0|0|0|0|0|0|1|1|0|0|1|0|B|418Y|41A3|1EK
22Y|MD|1|E|S|1|N|0|0|0|0|0|0|1|1|0|0|1|0|B|41A5|41BG|1EL
22Z|MD|1|E|S|3|N|5|0|0|0|0|0|1|1|0|0|1|0|B|41BI|41DW|1EM
230|MD|1|E|S|I|N|0|0|0|0|0|0|1|1|0|0|1|0|B|41DY|41F3|1EN
230|MD|1|E|S|I|N|0|0|0|0|0|0|1|1|0|0|1|0|B|41F3|41GR|1EN
232|ME|1|E|H|1|N|0|0|0|0|0|0|1|1|0|0|1|2|0|41GV|41HD|1EO
233|ME|1|E|S|3I|N|0|0|0|2|0|0|1|1|0|0|1|0|B|41HF|41IH|1EP
234|ME|1|E|S|1|N|0|0|0|2|0|0|1|1|0|0|1|0|B|41IJ|41JI|1EQ
235|ME|1|E|S|C|N|0|0|0|2|0|0|1|1|0|0|1|0|B|41JK|41KJ|1ER
236|ME|1|E|S|3|N|0|0|0|0|2|0|1|1|0|0|1|0|B|41KL|41MT|1ES
238|MF|1|E|H|1|N|0|0|0|0|0|0|1|1|0|0|1|2|0|41MX|41NL|1ET
239|MF|1|E|S|L|N|0|0|0|0|0|0|1|1|0|0|1|8|B|41NN|41RH|1EU
239|MF|1|E|S|16|N|0|0|0|1|1G|0|1|1|0|28|N|E|B|41RH|41U2|1EU
239|MF|1|E|S|U|N|0|0|0|0|0|0|1|1|1|29|1C|E|B|41U2|41W8|1EU
23B|MG|1|E|H|1|L|1|0|0|0|0|0|1|1|0|0|1|9|0|41WC|41WU|1EV
23C|MH|1|E|Y|O|N|6|0|0|0|0|0|1|1|0|0|1|0|B|41WW|41YH|1EW
23C|MH|1|E|Y|3|N|0|0|0|0|0|0|1|1|0|0|1|0|B|41YH|4205|1EW
23C|MH|1|E|Y|3M|N|0|0|0|0|0|0|1|1|0|0|1|0|B|4205|421W|1EW
23D|MI|1|E|S|L|N|0|0|0|0|0|0|1|1|0|V|G|E|B|421Y|4244|1EX
23D|MI|1|E|S|1|N|0|0|0|0|0|0|1|1|0|0|1|0|B|4244|424P|1EX
23E|MJ|1|E|S|3|N|0|0|0|0|0|0|1|1|0|0|1|0|B|424R|426I|1EY
23F|MK|1|E|S|5|N|0|0|0|7|0|0|1|1|0|0|1|0|B|426K|427N|1EZ
23F|MK|1|E|S|1|N|5|0|0|0|0|0|1|1|0|0|1|0|B|427N|428T|1EZ
23G|ML|1|E|Y|13|N|0|0|0|1|0|0|1|1|1|0|1|0|B|428V|42AS|1F0
23H|MM|1|E|S|4|N|0|0|0|0|0|0|1|1|0|0|1|0|B|42AU|42CL|1F1
23I|MN|1|E|D|1|D|1|0|0|0|0|0|1|1|0|0|1|6|D|42CN|42F8|1F2
23L|MO|1|E|H|3|N|0|7|0|0|0|0|1|1|0|0|1|2|0|42H6|42IF|1F3
23N|MO|1|E|Y|1|N|0|0|0|0|0|0|1|1|0|0|1|0|B|42KB|42LB|1F4
23Q|MP|1|E|H|1|D|1|0|0|0|0|0|1|1|1|0|1|9|0|42MN|42NK|1F5
23T|MQ|1|E|H|1|N|0|0|0|0|0|0|1|1|1|0|1|2|0|42OW|42PE|1F6
23U|MQ|1|E|S|K|N|0|0|0|0|0|0|1|1|0|0|1|0|B|42PG|42QF|1F7
23U|MQ|1|E|S|6|N|0|0|0|0|0|0|1|1|0|2A|1D|E|B|42QF|42SI|1F7
23V|MQ|1|E|S|3|N|0|0|0|0|0|0|1|1|0|2B|1A|F|B|42SK|42U7|1F8
23V|MQ|1|E|S|G|N|0|0|0|0|0|0|1|1|0|0|1|7|B|42U7|42VY|1F8
23V|MQ|1|E|S|K|N|0|0|0|0|0|0|1|1|0|0|1|0|B|42VY|42WP|1F8
23V|MQ|1|E|S|5|N|0|0|0|0|0|0|1|1|0|0|1|0|B|42WP|42XS|1F8
23W|MQ|1|E|S|1|N|0|0|0|0|0|0|1|1|1|0|1|0|B|42XU|42ZZ|1F9
23Y|MR|1|E|H|1|D|1|0|0|0|0|0|1|1|0|0|1|9|0|4303|430L|1FA
23Z|MR|1|E|S|3|N|0|0|0|0|0|0|1|1|0|0|1|0|B|430N|4321|1FB
23Z|MR|1|E|D|2N|D|1|0|0|0|0|0|1|1|0|0|1|6|D|4321|433V|1FB
240|MR|1|E|S|3|N|0|0|0|2|0|0|1|1|0|0|1|0|B|433X|435E|1FC
241|MR|1|E|S|D|N|5|0|0|1|0|0|1|1|0|A|9|E|B|435G|437F|1FD
242|MR|1|E|D|3|Y|1|9|0|0|1|0|1|1|0|2C|1E|S|D|437H|43AV|1FE
245|MS|1|E|H|1|L|1|0|0|0|0|0|1|1|0|0|1|9|0|43C7|43D4|1FF
248|MT|1|E|H|1|N|0|0|0|0|15|0|1|1|0|0|1|2|0|43EG|43F1|1FG
249|MT|1|E|S|4|N|0|0|0|1|15|0|1|1|0|0|1|0|B|43F3|43HI|1FH
249|MT|1|E|D|L|C|0|0|0|0|0|0|1|1|0|2D|1F|P|D|43HI|43J9|1FH
249|MT|1|E|S|1|N|0|0|0|0|15|0|1|1|0|2D|1F|D|B|43J9|43L6|1FH
249|MT|1|E|S|1|N|0|0|0|0|0|0|1|1|0|0|1|0|B|43L6|43MC|1FH
24B|MU|1|E|H|1|N|0|0|0|0|0|0|1|1|0|0|1|2|0|43MG|43MV|1FI
24C|MV|1|E|S|C|N|0|0|0|0|0|0|1|1|0|0|1|0|B|43MX|43O0|1FJ
24C|MV|1|E|S|1|N|0|0|0|0|0|0|1|1|0|0|1|0|B|43O0|43PO|1FJ
24D|MW|1|E|C|1F|N|0|H|0|4|2|0|1|1|0|6|2|5|0|43PQ|43SZ|1FK
24D|MW|1|E|S|3|N|0|A|0|4|2|0|1|1|0|0|1|0|B|43SZ|43UQ|1FK
24F|MX|1|E|H|1|N|0|0|0|0|0|0|1|1|0|0|1|2|0|43UU|43VL|1FL
24G|MX|1|E|S|3|N|0|0|0|0|0|0|1|1|0|6|2|E|B|43VN|43XZ|1FM
24G|MX|1|E|S|2R|N|0|0|0|0|0|0|1|1|0|0|1|0|B|43XZ|43ZK|1FM
24G|MX|1|E|S|3|N|0|0|0|0|0|0|1|1|0|0|1|0|B|43ZK|441K|1FM
24G|MX|1|E|S|L|N|0|0|0|0|0|0|1|1|0|0|1|0|B|441K|443Q|1FM
24I|MY|1|E|H|1|N|0|0|0|0|0|0|1|1|0|0|1|2|0|443U|444L|1FN
24J|MZ|1|E|S|C|N|0|0|0|0|0|0|1|1|0|0|1|0|B|444N|445Q|1FO
24J|MZ|1|E|S|3|N|0|0|0|0|0|0|1|1|0|0|1|0|B|445Q|446N|1FO
24J|MZ|1|E|S|L|N|0|0|0|0|0|0|1|1|0|0|1|0|B|446N|448E|1FO
24L|N0|1|E|H|1|N|0|0|0|0|0|0|1|1|0|0|1|2|0|448I|4490|1FP
24M|N1|1|E|S|O|N|0|0|0|0|0|0|1|1|0|0|1|0|B|4492|44BB|1FQ
24M|N1|1|E|S|1|N|0|0|0|2|0|0|1|1|0|0|1|0|B|44BB|44DB|1FQ
24O|N2|1|E|H|1|N|0|0|0|0|0|0|1|1|0|0|1|2|0|44DF|44E3|1FR
24P|N2|1|E|S|I|N|0|0|0|0|0|0|1|1|0|0|1|0|B|44E5|44G5|1FS
24P|N2|1|E|S|2K|N|0|0|0|0|0|0|1|1|0|0|1|0|B|44G5|44IW|1FS
24P|N2|1|E|S|3|N|0|0|0|0|1|0|1|1|0|0|1|0|B|44IW|44L5|1FS
24R|N3|1|E|H|1|N|0|0|0|0|0|0|1|1|0|0|1|2|0|44L9|44M0|1FT
24S|N3|1|E|S|L|N|0|0|0|0|0|0|1|1|0|0|1|0|B|44M2|44NZ|1FU
24S|N3|1|E|S|2R|N|0|0|0|0|0|0|1|1|0|0|1|0|B|44NZ|44RB|1FU
24S|N3|1|E|S|3|N|0|0|0|0|0|0|1|1|0|0|1|0|B|44RB|44TN|1FU
24S|N3|1|E|S|C|N|0|0|0|0|0|0|1|1|0|0|1|0|B|44TN|44UN|1FU
24U|N4|1|E|H|1|N|0|0|0|0|0|0|1|1|0|0|1|2|0|44UR|44V9|1FV
24V|N5|1|E|S|4|N|0|0|0|0|0|0|1|1|0|0|1|0|B|44VB|44XH|1FW
24V|N5|1|E|S|U|N|0|0|0|0|0|0|1|1|0|0|1|0|B|44XH|44Y5|1FW
24V|N5|1|E|S|U|N|0|0|0|0|0|0|1|1|0|0|1|0|B|44Y5|44YT|1FW
24V|N5|1|E|S|7|N|0|0|0|0|0|0|1|1|1|0|1|0|B|44YT|44ZB|1FW
24V|N5|1|E|S|7|N|0|0|0|0|0|0|1|1|0|0|1|0|B|44ZB|4502|1FW
24V|N5|1|E|S|7|N|0|0|0|0|0|0|1|1|0|0|1|0|B|4502|450H|1FW
24X|N6|1|E|H|3|N|0|0|0|2|0|0|1|1|0|0|1|2|0|450L|451C|1FX
24Y|N7|1|E|S|3|N|0|0|0|2|0|0|1|1|1|0|1|0|B|451E|453W|1FY
250|N8|1|E|H|1|N|0|0|0|0|0|0|1|1|0|0|1|2|0|4540|454X|1FZ
251|N9|1|E|Y|1|N|0|0|0|0|0|0|1|1|0|0|1|0|B|454Z|4565|1G0
251|N9|1|E|Y|3G|N|0|0|0|0|0|0|1|1|0|G|D|E|B|4565|457N|1G0
251|N9|1|E|Y|1|N|0|0|0|0|0|0|1|1|0|0|1|0|B|457N|459H|1G0
253|NA|1|E|H|1|N|0|0|0|0|0|0|1|1|0|0|1|2|0|459L|45AF|1G1
254|NA|1|E|Y|1|N|0|0|0|0|0|0|1|1|0|0|1|0|B|45AH|45BB|1G2
254|NA|1|E|Y|3|N|7|0|0|0|0|0|1|1|0|0|1|0|B|45BB|45D8|1G2
254|NA|1|E|Y|3V|N|0|0|0|0|0|0|1|1|0|I|E|E|B|45D8|45IT|1G2
257|NA|2|0|G|1|N|0|0|0|0|0|0|2|2|0|0|1G|0|B|45JX|45K6|1G3
25A|NA|2|0|G|1|N|0|0|0|0|0|0|2|2|0|0|1G|0|B|45LA|45NG|1G4
25A|NA|2|0|G|O|N|0|0|0|0|0|0|2|2|0|0|1G|0|B|45NG|45QY|1G4
25C|NA|2|0|G|O|N|5|0|0|0|0|0|2|2|0|0|1G|7|B|45R2|45UV|1G5
25C|NA|2|0|G|2|N|0|0|0|0|0|0|2|2|0|0|1G|7|B|45UV|45ZP|1G5
25C|NA|2|0|G|2T|N|0|0|0|0|0|0|2|2|0|0|1G|8|B|45ZP|4630|1G5
25C|NA|2|0|G|O|N|0|0|0|0|0|0|2|2|0|2E|I|E|B|4630|465R|1G5
25E|NA|2|0|G|1|N|0|0|0|0|0|0|2|2|0|2E|I|E|B|465V|4691|1G6
25E|NA|2|0|G|O|N|0|0|0|0|0|0|2|2|0|0|1G|0|B|4691|46CA|1G6
25E|NA|2|0|G|I|N|0|0|0|0|0|0|2|2|0|0|1G|0|B|46CA|46FP|1G6
25E|NA|2|0|G|1|N|0|0|0|0|0|0|2|2|0|0|1G|0|B|46FP|46HH|1G6
25G|NA|2|0|M|6|N|0|0|0|0|0|0|2|2|0|0|1G|1|0|46HL|46KC|1G7
25I|NA|2|0|G|4D|N|0|0|0|0|7|0|2|2|0|H|6|F|B|46KG|46S0|1G8
25K|NA|2|0|G|11|N|0|0|0|8|10|0|2|2|0|0|1G|0|B|46S4|46WI|1G9
25K|NA|2|0|G|7|N|0|0|0|0|0|0|2|2|0|0|1G|0|B|46WI|46XO|1G9
25M|NA|2|0|G|6|N|0|0|0|0|0|0|2|2|0|0|1G|0|B|46XS|470A|1GA
25O|NA|2|0|G|L|N|0|0|0|0|0|0|2|2|0|0|1G|0|B|470E|473N|1GB
25O|NA|2|0|G|L|N|0|0|0|0|0|0|2|2|0|N|I|E|B|473N|478T|1GB
25Q|NA|2|0|G|13|N|0|0|0|0|0|0|2|2|0|2F|1H|E|B|478X|47B6|1GC
25Q|NA|2|0|G|1|N|0|0|0|0|1|0|2|2|0|0|1G|0|B|47B6|47CI|1GC
25S|NA|2|0|G|32|N|0|0|0|0|0|0|2|2|0|0|1G|0|B|47CM|47GG|1GD
25S|NA|2|0|G|D|N|0|0|0|1|5|0|2|2|0|0|1G|0|B|47GG|47HP|1GD
25U|NA|2|0|G|8|N|0|0|0|0|0|0|2|2|0|6|2|E|B|47HT|47KE|1GE
25U|NA|2|0|G|Y|N|0|0|0|0|0|0|2|2|0|0|1G|0|B|47KE|47LK|1GE
25U|NA|2|0|G|7|N|0|0|0|0|0|0|2|2|0|3|4|E|B|47LK|47MZ|1GE
25W|NA|2|0|G|7|N|0|0|0|0|0|0|2|2|0|0|1G|0|B|47N3|47PC|1GF
25W|NA|2|0|G|U|N|0|0|0|0|0|0|2|2|0|0|1G|0|B|47PC|47Q3|1GF
25W|NA|2|0|G|7|N|0|0|0|0|0|0|2|2|0|0|1G|7|B|47Q3|47RL|1GF
25W|NA|2|0|G|I|N|0|0|0|0|0|0|2|2|0|0|1G|0|B|47RL|47TC|1GF
25Y|NA|2|0|M|1|E|1|0|0|0|0|0|2|2|0|0|1G|3|0|47TG|47WC|1GG
25Y|NA|2|0|G|1|N|0|0|0|0|0|0|2|2|0|0|1G|0|B|47WC|47Y9|1GG
262|NB|2|1|S|1|N|0|0|0|0|0|0|2|2|0|0|1G|0|B|47ZF|47ZW|1GH
265|NC|2|1|H|1|N|0|0|0|0|0|0|2|2|0|0|1G|2|0|4810|481I|1GI
267|NC|2|1|S|7|N|0|0|0|0|0|0|2|2|0|0|1G|0|B|4830|484C|1GJ
267|NC|2|1|S|7|N|0|0|0|0|0|0|2|2|0|0|1G|0|B|484C|4850|1GJ
268|NC|2|1|S|7|N|0|0|0|0|0|0|2|2|0|A|9|E|B|4852|486Z|1GK
26A|NC|2|1|S|1|N|0|0|0|0|0|0|2|2|0|0|1G|0|B|4873|487I|1GL
26A|NC|2|1|S|1|N|0|0|0|0|0|0|2|2|0|0|1G|0|B|487I|488L|1GL
26B|NC|2|1|S|P|N|0|0|0|0|0|0|2|2|0|0|1G|7|B|488N|48B5|1GM
26C|NC|2|1|D|7|D|1|0|0|0|0|0|2|2|0|A|9|J|D|48B7|48DA|1GN
26E|NC|2|1|S|3|N|0|0|0|0|0|0|2|2|0|0|1G|0|B|48DE|48FH|1GO
26G|NC|2|1|S|3|N|5|0|0|0|L|0|2|2|0|0|1G|0|B|48FL|48GR|1GP
26I|ND|2|1|H|1|N|0|0|0|0|0|0|2|2|0|0|1G|2|0|48GV|48HD|1GQ
26K|ND|2|1|S|3|N|0|0|0|0|0|0|2|2|0|0|1G|0|B|48IV|48JS|1GR
26L|ND|2|1|S|3|N|0|0|0|0|0|0|2|2|0|0|1G|0|B|48JU|48KL|1GS
26M|ND|2|1|S|3|N|5|0|0|0|0|0|2|2|0|0|1G|0|B|48KN|48LH|1GT
26M|ND|2|1|S|7|N|0|0|0|0|0|0|2|2|0|0|1G|7|B|48LH|48MW|1GT
26M|ND|2|1|S|D|N|0|0|0|0|1U|0|2|2|0|0|1G|7|B|48MW|48OZ|1GT
26N|ND|2|1|S|3|N|0|0|0|0|7|0|2|2|0|0|1G|0|B|48P1|48PY|1GU
26O|ND|2|1|S|7|N|0|0|0|0|0|0|2|2|0|0|1G|0|B|48Q0|48QR|1GV
26O|ND|2|1|S|1|N|0|0|0|0|0|0|2|2|0|0|1G|7|B|48QR|48SL|1GV
26Q|NE|2|1|H|1|N|0|0|0|0|0|0|2|2|0|0|1G|2|0|48SP|48T7|1GW
26S|NE|2|1|S|U|N|0|0|0|0|0|0|2|2|0|0|1G|0|B|48UP|48WA|1GX
26T|NE|2|1|S|3|N|0|0|0|0|0|0|2|2|0|0|1G|0|B|48WC|48XI|1GY
26U|NE|2|1|S|3|N|0|0|0|0|0|0|2|2|0|0|1G|0|B|48XK|48YT|1GZ
26U|NE|2|1|S|1|N|0|0|0|0|0|0|2|2|0|0|1G|0|B|48YT|48Z2|1GZ
26V|NE|2|1|S|1|N|0|0|0|0|0|0|2|2|0|0|1G|0|B|48Z4|48ZP|1H0
26V|NE|2|1|S|3|N|0|0|0|0|0|0|2|2|0|0|1G|0|B|48ZP|4907|1H0
26V|NE|2|1|S|1|N|0|0|0|0|0|0|2|2|0|0|1G|0|B|4907|490V|1H0
26W|NE|2|1|S|1|N|0|0|0|0|0|0|2|2|0|0|1G|0|B|490X|491L|1H1
26W|NE|2|1|S|1|N|0|0|0|0|0|0|2|2|0|0|1G|0|B|491L|4923|1H1
26W|NE|2|1|S|1|N|0|0|0|0|0|0|2|2|0|0|1G|0|B|4923|492R|1H1
26Y|NF|2|1|H|1|N|0|0|0|0|0|0|2|2|0|0|1G|2|0|492V|493G|1H2
270|NF|2|1|S|1|N|0|1|0|0|0|0|2|2|0|0|1G|0|B|494Y|495N|1H3
271|NF|2|1|S|2|N|0|0|0|0|0|0|2|2|0|0|1G|0|B|495P|4971|1H4
271|NF|2|1|S|7|N|0|0|0|0|0|0|2|2|0|0|1G|0|B|4971|497M|1H4
272|NF|2|1|S|3|N|0|0|0|0|0|0|2|2|0|0|1G|0|B|497O|498W|1H5
272|NF|2|1|D|3Y|D|1|0|0|0|0|0|2|2|0|0|1G|6|D|498W|49EN|1H5
273|NF|2|1|S|7|N|0|0|0|0|0|0|2|2|0|0|1G|0|B|49EP|49G2|1H6
273|NF|2|1|S|1|N|0|0|0|0|0|0|2|2|0|0|1G|0|B|49G2|49GW|1H6
275|NF|2|1|S|3|N|0|0|0|0|0|0|2|2|0|0|1G|0|B|49H0|49HO|1H7
276|NF|2|1|S|3|N|0|0|0|0|0|0|2|2|0|0|1G|0|B|49HQ|49IK|1H8
276|NF|2|1|S|7|N|0|0|0|0|0|0|2|2|0|0|1G|7|B|49IK|49JN|1H8
276|NF|2|1|S|1|N|0|0|0|0|0|0|2|2|0|0|1G|0|B|49JN|49MH|1H8
276|NF|2|1|S|D|N|0|0|0|0|0|0|2|2|0|0|1G|0|B|49MH|49NT|1H8
277|NF|2|1|D|7|Y|1|0|0|0|0|0|2|2|0|0|1G|6|D|49NV|49Q9|1H9
278|NF|2|1|D|L|Y|2|0|0|0|0|0|2|2|0|M|H|J|D|49QB|49U3|1HA
27A|NF|2|1|S|3|N|0|A|0|0|0|0|2|2|0|0|1G|0|B|49U7|49UY|1HB
27B|NF|2|1|S|1|N|0|0|0|0|0|0|2|2|0|0|1G|0|B|49V0|49VR|1HC
27B|NF|2|1|S|3|N|0|0|0|0|0|0|2|2|0|0|1G|0|B|49VR|49WX|1HC
27B|NF|2|1|S|7|N|0|0|0|0|0|0|2|2|0|0|1G|0|B|49WX|49YL|1HC
27C|NF|2|1|D|1|U|1|0|0|0|0|0|2|2|0|0|1G|6|D|49YN|4A0V|1HD
27D|NF|2|1|D|1|U|1|0|0|0|0|0|2|2|0|0|1G|6|D|4A0X|4A36|1HE
27F|NF|2|1|H|1|N|0|8|0|0|0|0|2|2|0|0|1G|B|0|4A3A|4A47|1HF
27G|NF|2|1|S|X|N|0|0|0|0|0|0|2|2|0|0|1G|0|B|4A49|4A5L|1HG
27G|NF|2|1|S|3|N|0|0|0|0|0|0|2|2|0|0|1G|0|B|4A5L|4A6R|1HG
27H|NF|2|1|S|1|N|0|0|0|0|0|0|2|2|0|0|1G|0|B|4A6T|4A7Q|1HH
27H|NF|2|1|S|2R|N|0|0|0|0|0|0|2|2|0|0|1G|0|B|4A7Q|4A92|1HH
27I|NF|2|1|S|3|N|0|0|0|0|0|0|2|2|0|12|2|E|B|4A94|4AAA|1HI
27I|NF|2|1|S|D|N|0|0|0|0|0|0|2|2|0|0|1G|0|B|4AAA|4ABS|1HI
27J|NF|2|1|S|1|N|0|0|0|0|0|0|2|2|0|0|1G|0|B|4ABU|4ADC|1HJ
27J|NF|2|1|D|1|U|1|0|0|0|0|0|2|2|0|0|1G|6|D|4ADC|4AF0|1HJ
27L|NF|2|1|S|1|N|0|9|0|0|0|0|2|2|0|0|1G|0|B|4AF4|4AFV|1HK
27M|NF|2|1|S|1|N|0|0|0|0|0|0|2|2|0|0|1G|7|B|4AFX|4AGL|1HL
27M|NF|2|1|S|3|N|0|0|0|0|0|0|2|2|0|0|1G|0|B|4AGL|4AI3|1HL
27N|NF|2|1|S|3|N|0|0|0|0|0|0|2|2|0|0|1G|0|B|4AI5|4AJQ|1HM
27N|NF|2|1|D|1|Y|1|0|0|0|0|0|2|2|0|0|1G|6|D|4AJQ|4ALU|1HM
27O|NF|2|1|D|3|U|1|0|0|0|0|0|2|2|0|0|1G|6|D|4ALW|4ANJ|1HN
27Q|NF|2|1|S|1|N|0|7|0|0|0|0|2|2|0|0|1G|0|B|4ANN|4AO8|1HO
27R|NF|2|1|S|3|N|0|0|0|0|0|0|2|2|0|0|1G|0|B|4AOA|4APY|1HP
27R|NF|2|1|S|3|N|0|0|0|0|0|0|2|2|0|0|1G|0|B|4APY|4AQP|1HP
27S|NF|2|1|S|J|N|0|0|0|0|0|0|2|2|0|0|1G|0|B|4AQR|4AT2|1HQ
27T|NF|2|1|D|1|U|1|0|0|0|0|0|2|2|0|0|1G|6|D|4AT4|4AUC|1HR
27T|NF|2|1|D|1|U|1|0|0|0|0|0|2|2|0|0|1G|6|D|4AUC|4AVM|1HR
27X|NG|2|2|S|1|N|0|0|0|0|0|0|2|2|0|0|1G|0|B|4AWS|4AX9|1HS
280|NH|2|2|H|1|N|0|0|0|0|0|0|2|2|0|0|1G|2|0|4AYD|4AYV|1HT
282|NH|2|2|S|1|N|0|0|0|0|0|0|2|2|0|0|1G|0|B|4B0D|4B11|1HU
282|NH|2|2|S|2R|N|0|0|0|0|0|0|2|2|0|0|1G|0|B|4B11|4B24|1HU
284|NH|2|2|S|1|N|0|0|1|0|0|0|2|2|0|0|1G|0|B|4B28|4B38|1HV
285|NH|2|2|S|L|N|5|0|0|0|0|0|2|2|0|0|1G|0|B|4B3A|4B4G|1HW
286|NH|2|2|S|3|N|0|0|2|0|0|0|2|2|0|0|1G|0|B|4B4I|4B63|1HX
286|NH|2|2|S|3|N|0|0|0|0|5|0|2|2|0|0|1G|0|B|4B63|4B6X|1HX
287|NH|2|2|S|3|N|0|0|0|0|1V|0|2|2|0|0|1G|7|B|4B6Z|4B8B|1HY
288|NH|2|2|S|3|N|0|0|2|0|0|0|2|2|0|0|1G|0|B|4B8D|4B94|1HZ
288|NH|2|2|S|1|N|0|0|0|0|0|0|2|2|0|0|1G|7|B|4B94|4B9G|1HZ
28A|NI|2|2|H|1|N|0|0|0|0|0|0|2|2|0|0|1G|2|0|4B9K|4BA2|1I0
28C|NI|2|2|S|1|N|0|0|0|0|0|0|2|2|0|0|1G|0|B|4BBK|4BC5|1I1
28C|NI|2|2|S|3|N|0|0|0|0|0|0|2|2|0|0|1G|0|B|4BC5|4BCK|1I1
28D|NI|2|2|S|1|N|0|0|0|0|0|0|2|2|0|0|1G|0|B|4BCM|4BDP|1I2
28E|NI|2|2|S|3|N|0|0|0|0|0|0|2|2|0|0|1G|0|B|4BDR|4BFF|1I3
28G|NJ|2|2|H|1|N|0|0|0|0|0|0|2|2|0|0|1G|2|0|4BFJ|4BG4|1I4
28I|NJ|2|2|S|1|N|0|1|0|0|0|0|2|2|0|0|1G|0|B|4BHM|4BIB|1I5
28J|NJ|2|2|S|3|N|0|0|0|0|0|0|2|2|0|0|1G|0|B|4BID|4BJS|1I6
28J|NJ|2|2|S|1U|N|0|0|0|0|0|0|2|2|0|0|1G|0|B|4BJS|4BLS|1I6
28K|NJ|2|2|S|32|N|0|0|0|0|0|0|2|2|0|0|1G|0|B|4BLU|4BO3|1I7
28L|NJ|2|2|S|8|N|0|0|0|1|0|0|2|2|0|0|1G|0|B|4BO5|4BQE|1I8
28M|NJ|2|2|S|K|N|0|0|0|0|0|0|2|2|0|0|1G|0|B|4BQG|4BT1|1I9
28O|NJ|2|2|S|1|N|0|3|0|0|0|0|2|2|0|0|1G|0|B|4BT5|4BTU|1IA
28P|NJ|2|2|S|L|N|0|0|0|0|0|0|2|2|0|2G|1I|Q|B|4BTW|4BV5|1IB
28P|NJ|2|2|S|3|N|0|0|0|0|0|0|2|2|0|0|1G|0|B|4BV5|4BVQ|1IB
28Q|NJ|2|2|S|C|N|0|0|0|0|0|0|2|2|0|0|1G|0|B|4BVS|4BXA|1IC
28R|NJ|2|2|S|L|N|0|0|0|0|0|0|2|2|0|0|1G|0|B|4BXC|4BYU|1ID
28R|NJ|2|2|D|1|U|1|0|0|0|0|0|2|2|0|0|1G|6|D|4BYU|4C09|1ID
28S|NJ|2|2|S|3|N|0|0|0|0|0|0|2|2|0|0|1G|0|B|4C0B|4C1Q|1IE
28U|NJ|2|2|S|3|N|0|A|0|0|0|0|2|2|0|0|1G|0|B|4C1U|4C2V|1IF
28V|NJ|2|2|S|3|N|0|0|0|1|0|0|2|2|0|Y|F|E|B|4C2X|4C4F|1IG
28V|NJ|2|2|S|4D|N|0|0|0|0|0|0|2|2|0|0|1G|0|B|4C4F|4C5X|1IG
28W|NJ|2|2|S|3|N|0|0|0|0|0|0|2|2|0|0|1G|0|B|4C5Z|4C7H|1IH
28W|NJ|2|2|S|I|N|0|0|0|0|0|0|2|2|0|0|1G|0|B|4C7H|4C8W|1IH
28X|NJ|2|2|S|D|N|0|0|0|0|0|0|2|2|0|0|1G|0|B|4C8Y|4CAD|1II
28Y|NJ|2|2|S|4|N|0|0|0|0|0|0|2|2|0|0|1G|0|B|4CAF|4CBR|1IJ
290|NJ|2|2|S|3|N|0|8|0|0|0|0|2|2|0|0|1G|0|B|4CBV|4CCW|1IK
291|NJ|2|2|S|H|N|0|0|0|0|0|0|2|2|0|0|1G|0|B|4CCY|4CDP|1IL
291|NJ|2|2|S|4|N|0|0|0|0|0|0|2|2|0|0|1G|0|B|4CDP|4CFM|1IL
292|NJ|2|2|S|1|N|0|0|0|0|0|0|2|2|0|0|1G|0|B|4CFO|4CGC|1IM
293|NJ|2|2|S|4|N|0|0|0|0|0|0|2|2|0|N|I|E|B|4CGE|4CIS|1IN
295|NJ|2|2|S|3|N|0|9|0|0|0|0|2|2|0|0|1G|0|B|4CIW|4CJX|1IO
296|NJ|2|2|S|1|N|0|0|0|0|0|0|2|2|0|2G|1I|D|B|4CJZ|4CKW|1IP
297|NJ|2|2|S|7|N|0|0|0|0|0|0|2|2|0|0|1G|0|B|4CKY|4CM7|1IQ
297|NJ|2|2|S|4|N|0|0|0|0|0|0|2|2|0|0|1G|0|B|4CM7|4CNM|1IQ
298|NJ|2|2|S|3|N|0|0|0|0|0|0|2|2|0|0|1G|0|B|4CNO|4CP6|1IR
299|NJ|2|2|D|3|U|1|0|0|0|0|0|2|2|0|0|1G|6|D|4CP8|4CQX|1IS
29A|NJ|2|2|D|3|U|1|0|0|0|0|0|2|2|0|0|1G|6|D|4CQZ|4CT8|1IT
29C|NJ|2|2|S|1|N|0|7|0|0|0|0|2|2|0|0|1G|0|B|4CTC|4CU1|1IU
29D|NJ|2|2|S|7|N|0|0|0|0|0|0|2|2|0|0|1G|0|B|4CU3|4CVR|1IV
29D|NJ|2|2|S|33|N|0|0|0|0|0|0|2|2|0|0|1G|0|B|4CVR|4CXI|1IV
29E|NJ|2|2|S|8|N|0|0|0|0|0|0|2|2|0|0|1G|0|B|4CXK|4CZ2|1IW
29E|NJ|2|2|S|3|N|0|0|0|0|0|0|2|2|0|0|1G|0|B|4CZ2|4CZT|1IW
29F|NJ|2|2|D|1|U|1|0|0|0|0|0|2|2|0|0|1G|6|D|4CZV|4D24|1IX
29I|NK|2|3|S|1|N|0|0|0|0|0|0|2|2|0|0|1G|0|B|4D38|4D3P|1IY
29L|NL|2|3|H|1|N|0|0|0|0|0|0|2|2|0|0|1G|2|0|4D4T|4D5B|1IZ
29N|NL|2|3|S|3|N|0|0|1|0|0|0|2|2|0|0|1G|0|B|4D6T|4D8H|1J0
29O|NL|2|3|S|1|N|0|0|2|0|0|0|2|2|3|0|1G|0|B|4D8J|4DA4|1J1
29O|NL|2|3|S|L|N|0|0|0|0|5|0|2|2|0|0|1G|7|B|4DA4|4DCS|1J1
29P|NL|2|3|S|16|N|0|0|2|0|0|0|2|2|0|1O|C|E|B|4DCU|4DEX|1J2
29R|NM|2|3|H|1|N|0|0|0|0|0|0|2|2|0|0|1G|2|0|4DF1|4DFS|1J3
29T|NM|2|3|S|1|N|0|0|0|0|0|0|2|2|0|0|1G|0|B|4DHA|4DI1|1J4
29T|NM|2|3|S|1|N|0|0|0|0|0|0|2|2|0|0|1G|0|B|4DI1|4DIP|1J4
29U|NM|2|3|S|3|N|0|0|0|0|0|0|2|2|0|2H|16|E|B|4DIR|4DKL|1J5
29U|NM|2|3|S|1|N|0|0|0|0|0|0|2|2|0|0|1G|0|B|4DKL|4DKU|1J5
29V|NM|2|3|S|1|N|0|0|0|0|0|0|2|2|0|0|1G|0|B|4DKW|4DLH|1J6
29V|NM|2|3|S|3|N|0|0|2|0|0|0|2|2|0|0|1G|7|B|4DLH|4DMB|1J6
29W|NM|2|3|S|3|N|0|0|0|0|H|0|2|2|0|0|1G|0|B|4DMD|4DOS|1J7
29Y|NN|2|3|H|1|N|0|0|0|0|0|0|2|2|0|0|1G|2|0|4DOW|4DPH|1J8
2A0|NN|2|3|S|1|N|0|1|0|0|0|0|2|2|0|0|1G|0|B|4DQZ|4DRO|1J9
2A1|NN|2|3|S|1|N|0|B|0|0|0|0|2|2|0|0|1G|0|B|4DRQ|4DTN|1JA
2A2|NN|2|3|S|1|N|0|2|0|0|0|0|2|2|0|0|1G|0|B|4DTP|4DUM|1JB
2A2|NN|2|3|S|1|N|0|1|0|0|0|0|2|2|0|0|1G|0|B|4DUM|4DVG|1JB
2A2|NN|2|3|S|L|N|0|0|0|0|0|0|2|2|0|L|G|D|B|4DVG|4DXD|1JB
2A3|NN|2|3|S|1|N|0|0|0|0|0|0|2|2|0|0|1G|0|B|4DXF|4DYL|1JC
2A3|NN|2|3|S|3Z|N|0|0|0|0|0|0|2|2|0|0|1G|0|B|4DYL|4DZL|1JC
2A4|NN|2|3|D|1|U|1|0|0|0|0|0|2|2|0|0|1G|6|D|4DZN|4E1B|1JD
2A6|NN|2|3|S|1|N|0|3|0|0|0|0|2|2|0|0|1G|0|B|4E1F|4E2G|1JE
2A7|NN|2|3|S|1|N|0|0|0|0|0|0|2|2|0|0|1G|0|B|4E2I|4E3L|1JF
2A7|NN|2|3|S|3|N|0|0|1|0|0|0|2|2|0|0|1G|0|B|4E3L|4E4L|1JF
2A7|NN|2|3|S|3|N|0|0|2|0|0|0|2|2|0|0|1G|7|B|4E4L|4E63|1JF
2A7|NN|2|3|S|1|N|0|0|0|0|0|0|2|2|0|0|1G|0|B|4E63|4E70|1JF
2A8|NN|2|3|D|8|D|1|0|0|0|0|0|2|2|0|0|1G|6|D|4E72|4E9X|1JG
2A9|NN|2|3|S|L|N|0|6|0|1|0|0|2|2|0|0|1G|0|B|4E9Z|4EBN|1JH
2A9|NN|2|3|S|32|N|0|3|0|1|0|0|2|2|0|4|2|E|B|4EBN|4EDB|1JH
2AB|NN|2|3|S|3|N|0|A|0|0|0|0|2|2|0|0|1G|0|B|4EDF|4EEG|1JI
2AC|NN|2|3|S|3|N|0|0|0|0|0|0|2|2|0|0|1G|0|B|4EEI|4EGL|1JJ
2AD|NN|2|3|S|1|N|0|0|0|4|0|0|2|2|0|0|1G|0|B|4EGN|4EI4|1JK
2AD|NN|2|3|S|2F|N|0|0|0|1|0|0|2|2|0|0|1G|0|B|4EI4|4EJS|1JK
2AD|NN|2|3|D|1|U|1|0|0|0|0|0|2|2|0|0|1G|6|D|4EJS|4EKW|1JK
2AE|NN|2|3|S|C|N|0|H|0|0|0|0|2|2|0|0|1G|0|B|4EKY|4ELM|1JL
2AE|NN|2|3|S|1|N|0|A|0|0|0|0|2|2|0|0|1G|0|B|4ELM|4EMD|1JL
2AE|NN|2|3|S|1|N|0|0|0|0|0|0|2|2|0|0|1G|0|B|4EMD|4ENS|1JL
2AG|NN|2|3|S|1|N|0|8|0|0|0|0|2|2|0|0|1G|0|B|4ENW|4EOR|1JM
2AH|NN|2|3|S|4|N|0|0|0|0|0|0|2|2|0|0|1G|0|B|4EOT|4EPT|1JN
2AH|NN|2|3|S|L|N|0|0|0|0|0|0|2|2|0|2F|1H|E|B|4EPT|4EQW|1JN
2AH|NN|2|3|S|L|N|0|0|0|0|0|0|2|2|0|0|1G|0|B|4EQW|4EST|1JN
2AH|NN|2|3|S|1L|N|0|C|0|0|0|0|2|2|0|0|1G|0|B|4EST|4ETH|1JN
2AI|NN|2|3|D|1|U|3|0|0|0|0|0|2|2|0|0|1G|6|D|4ETJ|4EVN|1JO
2AK|NN|2|3|S|1|N|0|9|0|0|0|0|2|2|0|0|1G|0|B|4EVR|4EWG|1JP
2AL|NN|2|3|S|1|N|0|I|0|0|0|0|2|2|0|0|1G|0|B|4EWI|4EX9|1JQ
2AL|NN|2|3|S|1|N|0|9|0|0|0|0|2|2|0|0|1G|0|B|4EX9|4EXU|1JQ
2AM|NN|2|3|S|3|N|0|I|0|0|0|0|2|2|0|0|1G|0|B|4EXW|4EZW|1JR
2AN|NN|2|3|S|1|N|0|I|0|1|0|0|2|2|0|0|1G|0|B|4EZY|4F17|1JS
2AN|NN|2|3|S|1|N|0|9|0|1|0|0|2|2|0|0|1G|0|B|4F17|4F2P|1JS
2AO|NN|2|3|S|2R|N|0|9|0|0|0|0|2|2|0|0|1G|0|B|4F2R|4F4R|1JT
2AO|NN|2|3|D|1|U|1|0|0|0|0|0|2|2|0|0|1G|6|D|4F4R|4F6E|1JT
2AQ|NN|2|3|S|1|N|0|7|0|0|0|0|2|2|0|0|1G|0|B|4F6I|4F77|1JU
2AR|NN|2|3|S|1|N|0|0|0|0|0|0|2|2|0|0|1G|0|B|4F79|4F7U|1JV
2AR|NN|2|3|S|1|N|0|5|0|0|0|0|2|2|0|0|1G|0|B|4F7U|4F8C|1JV
2AR|NN|2|3|S|1|N|0|7|0|0|0|0|2|2|0|0|1G|0|B|4F8C|4F8U|1JV
2AR|NN|2|3|S|1|N|0|5|0|0|0|0|2|2|0|0|1G|0|B|4F8U|4F9O|1JV
2AS|NN|2|3|S|1|N|0|5|0|1|0|0|2|2|0|0|1G|0|B|4F9Q|4FAT|1JW
2AS|NN|2|3|S|1|N|0|7|0|0|0|0|2|2|0|0|1G|0|B|4FAT|4FBN|1JW
2AT|NN|2|3|S|3|N|0|5|0|0|0|0|2|2|0|0|1G|0|B|4FBP|4FDG|1JX
2AT|NN|2|3|S|1|N|0|7|0|0|0|0|2|2|0|0|1G|0|B|4FDG|4FDY|1JX
2AU|NN|2|3|D|1|U|1|0|0|0|0|0|2|2|0|0|1G|6|D|4FE0|4FGO|1JY
2AX|NO|2|4|S|1|N|0|0|0|0|0|0|2|2|0|0|1G|0|B|4FHS|4FI9|1JZ
2B0|NP|2|4|H|1|N|0|0|0|0|0|0|2|2|0|0|1G|2|0|4FJD|4FJV|1K0
2B2|NP|2|4|S|8|N|0|0|0|0|0|0|2|2|0|0|1G|0|B|4FLD|4FMP|1K1
2B3|NP|2|4|S|1|N|0|0|1|0|0|0|2|2|0|0|1G|0|B|4FMR|4FN6|1K2
2B3|NP|2|4|S|3|N|0|0|0|0|0|0|2|2|0|0|1G|0|B|4FN6|4FNR|1K2
2B4|NP|2|4|S|1|N|0|0|2|0|0|0|2|2|0|0|1G|0|B|4FNT|4FO8|1K3
2B5|NP|2|4|S|3|N|0|0|0|0|0|0|2|2|0|0|1G|0|B|4FOA|4FP1|1K4
2B5|NP|2|4|S|3|N|0|0|0|0|0|0|2|2|0|0|1G|0|B|4FP1|4FPY|1K4
2B6|NP|2|4|S|L|N|0|0|0|0|0|0|2|2|0|0|1G|0|B|4FQ0|4FRL|1K5
2B7|NP|2|4|S|1|N|0|0|0|0|0|0|2|2|0|0|1G|0|B|4FRN|4FSE|1K6
2B8|NP|2|4|S|L|N|0|0|0|0|Y|0|2|2|0|0|1G|0|B|4FSG|4FUA|1K7
2B8|NP|2|4|S|3|N|0|0|0|0|0|0|2|2|0|0|1G|0|B|4FUA|4FW4|1K7
2BA|NQ|2|4|H|1|N|0|0|0|0|0|0|2|2|0|0|1G|2|0|4FW8|4FWZ|1K8
2BC|NQ|2|4|S|1|N|0|0|0|0|0|0|2|2|0|0|1G|0|B|4FYH|4FZ2|1K9
2BC|NQ|2|4|S|L|N|0|0|0|0|0|0|2|2|0|0|1G|0|B|4FZ2|4G02|1K9
2BD|NQ|2|4|S|3|N|0|0|0|0|0|0|2|2|0|0|1G|0|B|4G04|4G14|1KA
2BE|NQ|2|4|S|7|N|0|0|0|0|0|0|2|2|0|0|1G|0|B|4G16|4G1X|1KB
2BE|NQ|2|4|S|3|N|0|0|2|0|0|0|2|2|0|0|1G|0|B|4G1X|4G2I|1KB
2BF|NQ|2|4|S|1|N|0|0|0|0|0|0|2|2|0|0|1G|0|B|4G2K|4G3H|1KC
2BG|NQ|2|4|S|3|N|0|0|0|0|0|0|2|2|0|0|1G|0|B|4G3J|4G4Y|1KD
2BI|NR|2|4|H|1|N|0|0|0|0|0|0|2|2|0|0|1G|2|0|4G52|4G5N|1KE
2BK|NR|2|4|S|3|N|0|1|0|0|0|0|2|2|0|0|1G|0|B|4G75|4G86|1KF
2BL|NR|2|4|S|15|N|0|0|0|0|0|0|2|2|0|0|1G|0|B|4G88|4GA2|1KG
2BM|NR|2|4|S|4E|N|0|0|0|0|0|0|2|2|0|0|1G|0|B|4GA4|4GCG|1KH
2BN|NR|2|4|S|3|N|0|0|0|0|0|0|2|2|0|0|1G|0|B|4GCI|4GDO|1KI
2BN|NR|2|4|S|4|N|0|0|0|0|0|0|2|2|0|0|1G|0|B|4GDO|4GEL|1KI
2BO|NR|2|4|S|1R|N|0|0|0|0|0|0|2|2|0|0|1G|0|B|4GEN|4GG7|1KJ
2BO|NR|2|4|D|1|U|1|0|0|0|0|0|2|2|0|0|1G|6|D|4GG7|4GHW|1KJ
2BQ|NR|2|4|S|3|N|0|3|0|0|0|0|2|2|0|0|1G|0|B|4GI0|4GJ1|1KK
2BR|NR|2|4|S|T|N|0|0|0|0|0|0|2|2|0|0|1G|0|B|4GJ3|4GL3|1KL
2BS|NR|2|4|S|3|N|0|0|0|0|0|0|2|2|0|0|1G|0|B|4GL5|4GMK|1KM
2BS|NR|2|4|S|1W|N|0|J|0|0|0|0|2|2|0|0|1G|0|B|4GMK|4GN5|1KM
2BT|NR|2|4|S|32|N|0|0|0|0|0|0|2|2|0|8|7|E|B|4GN7|4GQ6|1KN
2BU|NR|2|4|S|3|N|0|0|0|0|0|0|2|2|0|0|1G|0|B|4GQ8|4GS1|1KO
2BW|NR|2|4|S|3|N|0|A|0|0|0|0|2|2|0|0|1G|0|B|4GS5|4GT6|1KP
2BX|NR|2|4|S|L|N|7|0|0|0|0|0|2|2|0|0|1G|0|B|4GT8|4GVJ|1KQ
2BX|NR|2|4|D|1|U|1|0|0|0|0|0|2|2|0|0|1G|6|D|4GVJ|4GWL|1KQ
2BY|NR|2|4|S|7|N|0|0|0|0|0|0|2|2|0|0|1G|0|B|4GWN|4GXT|1KR
2BZ|NR|2|4|S|3|N|0|0|0|0|0|0|2|2|0|0|1G|0|B|4GXV|4GZU|1KS
2C1|NR|2|4|S|3|N|0|8|0|0|0|0|2|2|0|0|1G|0|B|4GZY|4H0Z|1KT
2C2|NR|2|4|S|3|N|0|0|0|0|0|0|2|2|0|0|1G|0|B|4H11|4H21|1KU
2C2|NR|2|4|S|4D|N|0|0|0|0|0|0|2|2|0|0|1G|0|B|4H21|4H44|1KU
2C3|NR|2|4|S|H|N|0|0|0|0|0|0|2|2|0|2I|1J|E|B|4H46|4H59|1KV
2C3|NR|2|4|S|O|N|0|0|0|0|0|0|2|2|0|0|1G|0|B|4H59|4H63|1KV
2C4|NR|2|4|D|8|U|1|0|0|0|0|0|2|2|0|0|1G|6|D|4H65|4H8B|1KW
2C6|NR|2|4|S|1|N|0|9|0|0|0|0|2|2|0|0|1G|0|B|4H8F|4H94|1KX
2C7|NR|2|4|S|6|N|0|0|0|0|0|0|2|2|0|0|1G|0|B|4H96|4HAO|1KY
2C8|NR|2|4|S|D|N|0|0|0|0|0|0|2|2|0|0|1G|0|B|4HAQ|4HC5|1KZ
2C8|NR|2|4|S|J|N|0|0|0|1|0|0|2|2|0|0|1G|0|B|4HC5|4HE8|1KZ
2C9|NR|2|4|S|3|N|0|0|0|0|0|0|2|2|0|0|1G|0|B|4HEA|4HF7|1L0
2C9|NR|2|4|S|2K|N|0|0|0|0|0|0|2|2|0|0|1G|0|B|4HF7|4HFP|1L0
2C9|NR|2|4|D|8|U|1|0|0|0|0|0|2|2|0|0|1G|6|D|4HFP|4HHJ|1L0
2CB|NR|2|4|S|3|N|0|7|0|0|0|0|2|2|0|0|1G|0|B|4HHN|4HIO|1L1
2CC|NR|2|4|S|4|N|0|0|0|0|0|0|2|2|0|0|1G|0|B|4HIQ|4HKN|1L2
2CD|NR|2|4|S|D|N|0|0|0|0|0|0|2|2|0|0|1G|0|B|4HKP|4HLP|1L3
2CD|NR|2|4|S|4F|N|0|0|0|0|0|0|2|2|0|0|1G|0|B|4HLP|4HN1|1L3
2CE|NR|2|4|S|7|N|0|0|0|1|0|0|2|2|0|0|1G|0|B|4HN3|4HPS|1L4
2CE|NR|2|4|D|1|U|1|0|0|0|0|0|2|2|0|0|1G|6|D|4HPS|4HRB|1L4
2CE|NR|2|4|S|1|N|0|0|0|0|0|0|2|2|0|0|1G|0|B|4HRB|4HSN|1L4
2CH|NS|2|5|S|1|N|0|0|0|0|0|0|2|2|0|0|1G|0|B|4HTR|4HU8|1L5
2CK|NT|2|5|H|1|N|0|0|0|0|0|0|2|2|0|0|1G|2|0|4HVC|4HVU|1L6
2CM|NT|2|5|S|1|N|0|0|1|0|0|0|2|2|0|0|1G|0|B|4HXC|4HY0|1L7
2CM|NT|2|5|S|I|N|0|0|0|0|0|0|2|2|0|0|1G|0|B|4HY0|4HYL|1L7
2CN|NT|2|5|S|1|N|0|0|2|0|0|0|2|2|0|0|1G|0|B|4HYN|4HZ5|1L8
2CN|NT|2|5|S|1|N|0|0|0|0|0|0|2|2|0|0|1G|0|B|4HZ5|4HZK|1L8
2CO|NT|2|5|S|3|N|0|0|0|0|5|0|2|2|0|0|1G|7|B|4HZM|4I1P|1L9
2CP|NT|2|5|S|3|N|0|0|0|0|0|0|2|2|0|0|1G|0|B|4I1R|4I3R|1LA
2CP|NT|2|5|S|K|N|0|0|0|0|0|0|2|2|0|0|1G|0|B|4I3R|4I5O|1LA
2CR|NU|2|5|H|1|N|0|0|0|0|0|0|2|2|0|0|1G|2|0|4I5S|4I6J|1LB
2CT|NU|2|5|S|1|N|0|0|0|0|0|0|2|2|0|0|1G|0|B|4I81|4I9G|1LC
2CU|NU|2|5|S|1|N|0|0|0|0|0|0|2|2|0|0|1G|0|B|4I9I|4IAF|1LD
2CU|NU|2|5|S|3|N|0|A|0|0|0|0|2|2|0|0|1G|0|B|4IAF|4IBL|1LD
2CV|NU|2|5|S|1|N|0|0|0|0|0|0|2|2|0|0|1G|0|B|4IBN|4IC8|1LE
2CX|NV|2|5|H|1|N|0|0|0|0|0|0|2|2|0|0|1G|2|0|4ICC|4ID0|1LF
2CZ|NV|2|5|S|3|N|0|0|0|0|0|0|2|2|0|0|1G|7|B|4IEI|4IGF|1LG
2D1|NW|2|5|H|1|N|0|0|0|0|0|0|2|2|0|0|1G|2|0|4IGJ|4IH4|1LH
2D3|NW|2|5|S|3|N|0|1|0|0|0|0|2|2|0|0|1G|0|B|4IIM|4IJN|1LI
2D4|NW|2|5|S|I|N|0|0|0|0|0|0|2|2|0|0|1G|0|B|4IJP|4IL4|1LJ
2D4|NW|2|5|S|X|N|0|0|0|0|0|0|2|2|0|0|1G|0|B|4IL4|4IMV|1LJ
2D5|NW|2|5|S|3|N|0|0|0|0|0|0|2|2|0|0|1G|0|B|4IMX|4IOC|1LK
2D5|NW|2|5|S|X|N|0|0|0|0|0|0|2|2|0|2J|X|D|B|4IOC|4IQL|1LK
2D6|NW|2|5|S|1|N|0|0|0|0|0|0|2|2|0|0|1G|0|B|4IQN|4IRZ|1LL
2D6|NW|2|5|S|3|N|0|0|0|0|0|0|2|2|0|0|1G|0|B|4IRZ|4ISN|1LL
2D8|NW|2|5|S|3|N|0|3|0|0|0|0|2|2|0|0|1G|0|B|4ISR|4ITS|1LM
2D9|NW|2|5|S|3|N|0|0|0|0|0|0|2|2|0|0|1G|0|B|4ITU|4IUF|1LN
2D9|NW|2|5|S|3|N|0|0|0|0|0|0|2|2|0|0|1G|0|B|4IUF|4IV9|1LN
2DA|NW|2|5|S|3|N|0|0|0|0|0|0|2|2|0|0|1G|0|B|4IVB|4IW2|1LO
2DA|NW|2|5|S|2K|N|0|0|0|0|0|0|2|2|0|0|1G|0|B|4IW2|4IWZ|1LO
2DB|NW|2|5|D|1|Y|0|0|0|0|0|0|2|2|0|0|1G|G|D|4IX1|4J0U|1LP
2DD|NW|2|5|S|3|N|0|A|0|0|0|0|2|2|0|0|1G|0|B|4J0Y|4J1Z|1LQ
2DE|NW|2|5|S|J|N|0|0|0|0|0|0|2|2|0|0|1G|0|B|4J21|4J41|1LR
2DE|NW|2|5|S|7|N|0|0|0|0|0|0|2|2|0|0|1G|0|B|4J41|4J5J|1LR
2DE|NW|2|5|S|3|N|0|0|0|0|0|0|2|2|0|0|1G|0|B|4J5J|4J6G|1LR
2DF|NW|2|5|S|T|N|0|0|0|0|0|0|2|2|0|0|1G|0|B|4J6I|4J7L|1LS
2DF|NW|2|5|S|L|N|0|0|0|0|0|0|2|2|0|0|1G|7|B|4J7L|4J9F|1LS
2DG|NW|2|5|D|1|Y|1|0|0|0|0|0|2|2|0|0|1G|6|D|4J9H|4JBH|1LT
2DI|NW|2|5|S|1|N|0|8|0|0|0|0|2|2|0|0|1G|0|B|4JBL|4JCA|1LU
2DJ|NW|2|5|S|1|N|0|C|0|0|0|0|2|2|0|0|1G|0|B|4JCC|4JDI|1LV
2DJ|NW|2|5|S|2|N|0|0|0|0|0|0|2|2|0|0|1G|0|B|4JDI|4JEU|1LV
2DK|NW|2|5|S|K|N|0|0|0|0|0|0|2|2|0|0|1G|0|B|4JEW|4JG5|1LW
2DK|NW|2|5|S|3|N|0|0|0|0|0|0|2|2|0|0|1G|0|B|4JG5|4JHH|1LW
2DL|NW|2|5|S|3|N|0|0|0|0|0|0|2|2|0|0|1G|0|B|4JHJ|4JIG|1LX
2DL|NW|2|5|S|X|N|0|0|0|0|0|0|2|2|0|0|1G|0|B|4JIG|4JJA|1LX
2DN|NW|2|5|S|1|N|0|9|0|0|0|0|2|2|0|0|1G|0|B|4JJE|4JK3|1LY
2DO|NW|2|5|S|7|N|0|0|0|0|0|0|2|2|0|0|1G|0|B|4JK5|4JL8|1LZ
2DO|NW|2|5|S|L|N|0|0|0|0|0|0|2|2|0|0|1G|0|B|4JL8|4JMK|1LZ
2DP|NW|2|5|S|4G|N|0|0|0|0|0|0|2|2|0|0|1G|0|B|4JMM|4JPV|1M0
2DQ|NW|2|5|S|3|N|0|0|0|0|0|0|2|2|0|0|1G|7|B|4JPX|4JRF|1M1
2DS|NW|2|5|S|1|N|0|7|0|0|0|0|2|2|0|0|1G|0|B|4JRJ|4JS8|1M2
2DT|NW|2|5|S|K|N|0|0|0|0|0|0|2|2|0|0|1G|0|B|4JSA|4JTY|1M3
2DT|NW|2|5|S|B|N|0|0|0|0|0|0|2|2|0|0|1G|0|B|4JTY|4JVM|1M3
2DU|NW|2|5|S|1|N|0|0|0|0|0|0|2|2|0|0|1G|0|B|4JVO|4JWR|1M4
2DU|NW|2|5|S|3|N|0|0|0|0|0|0|2|2|0|0|1G|0|B|4JWR|4JXF|1M4
2DU|NW|2|5|S|7|N|0|0|0|0|0|0|2|2|0|0|1G|0|B|4JXF|4JZI|1M4
2DV|NW|2|5|D|1|Y|1|0|0|0|0|0|2|2|0|0|1G|6|D|4JZK|4K1P|1M5
2DY|NX|2|6|S|1|N|0|0|0|0|0|0|2|2|0|0|1G|0|B|4K2T|4K3A|1M6
2E1|NY|2|6|H|1|N|0|0|0|0|0|0|2|2|0|0|1G|2|0|4K4E|4K55|1M7
2E3|NY|2|6|S|1|N|0|0|1|0|0|0|2|2|0|0|1G|0|B|4K6N|4K7H|1M8
2E3|NY|2|6|S|1|N|0|0|0|0|0|0|2|2|0|0|1G|0|B|4K7H|4K85|1M8
2E4|NY|2|6|S|1|N|0|0|0|0|H|0|2|2|0|0|1G|0|B|4K87|4KBD|1M9
2E5|NY|2|6|S|L|N|0|0|0|0|5|0|2|2|0|0|1G|U|B|4KBF|4KCX|1MA
2E5|NY|2|6|S|3|N|0|0|0|0|0|0|2|2|0|0|1G|0|B|4KCX|4KDI|1MA
2E6|NY|2|6|S|3|N|0|0|0|0|0|0|2|2|0|0|1G|0|B|4KDK|4KFY|1MB
2E6|NY|2|6|S|K|N|0|0|0|0|0|0|2|2|0|0|1G|0|B|4KFY|4KHV|1MB
2E8|NZ|2|6|H|1|N|0|0|0|0|0|0|2|2|0|0|1G|2|0|4KHZ|4KIQ|1MC
2EA|NZ|2|6|S|1|N|0|0|0|0|0|0|2|2|0|0|1G|0|B|4KK8|4KKT|1MD
2EB|NZ|2|6|S|3|N|0|0|0|0|0|0|2|2|0|0|1G|0|B|4KKV|4KMA|1ME
2EC|NZ|2|6|S|1|N|0|0|0|0|0|0|2|2|0|0|1G|0|B|4KMC|4KO3|1MF
2ED|NZ|2|6|S|1|N|0|0|0|0|0|0|2|2|0|0|1G|0|B|4KO5|4KOQ|1MG
2EE|NZ|2|6|S|1|N|0|0|0|0|0|0|2|2|0|0|1G|0|B|4KOS|4KPD|1MH
2EE|NZ|2|6|S|1|N|0|0|0|0|0|0|2|2|0|0|1G|0|B|4KPD|4KPY|1MH
2EG|O0|2|6|H|1|N|0|0|0|0|0|0|2|2|0|0|1G|2|0|4KQ2|4KQN|1MI
2EI|O0|2|6|S|1|N|0|1|0|0|0|0|2|2|0|0|1G|0|B|4KS5|4KT0|1MJ
2EJ|O0|2|6|S|8|N|0|0|0|0|0|0|2|2|0|0|1G|0|B|4KT2|4KUH|1MK
2EJ|O0|2|6|S|I|N|0|0|0|0|0|0|2|2|0|0|1G|0|B|4KUH|4KVK|1MK
2EK|O0|2|6|S|3|N|0|0|0|0|0|0|2|2|0|1A|G|D|B|4KVM|4KXD|1ML
2EK|O0|2|6|S|C|N|0|0|0|0|0|0|2|2|0|0|1G|0|B|4KXD|4KZ4|1ML
2EK|O0|2|6|D|1|U|1|0|0|0|0|0|2|2|0|0|1G|6|D|4KZ4|4L0V|1ML
2EL|O0|2|6|S|8|N|0|0|0|0|0|0|2|2|0|0|1G|0|B|4L0X|4L26|1MM
2EL|O0|2|6|D|1|U|1|0|0|0|0|0|2|2|0|0|1G|6|D|4L26|4L30|1MM
2EN|O0|2|6|S|1|N|0|3|0|0|0|0|2|2|0|0|1G|0|B|4L34|4L3Z|1MN
2EO|O0|2|6|S|3|N|0|0|0|0|0|0|2|2|0|0|1G|0|B|4L41|4L6D|1MO
2EO|O0|2|6|S|J|N|0|0|0|0|0|0|2|2|0|0|1G|0|B|4L6D|4L87|1MO
2EO|O0|2|6|D|3|U|1|0|0|0|0|0|2|2|0|0|1G|6|D|4L87|4L9G|1MO
2EP|O0|2|6|S|R|N|0|0|0|0|0|0|2|2|0|0|1G|0|B|4L9I|4LBL|1MP
2ER|O0|2|6|S|1|N|0|A|0|0|0|0|2|2|0|0|1G|0|B|4LBP|4LCE|1MQ
2ES|O0|2|6|S|I|N|0|0|0|0|0|0|2|2|0|0|1G|0|B|4LCG|4LDS|1MR
2ES|O0|2|6|S|1|N|0|0|0|0|0|0|2|2|0|0|1G|0|B|4LDS|4LEV|1MR
2ES|O0|2|6|S|O|N|0|0|0|0|0|0|2|2|0|0|1G|0|B|4LEV|4LFV|1MR
2ET|O0|2|6|S|L|N|0|0|0|0|0|0|2|2|0|0|1G|8|B|4LFX|4LJK|1MS
2EV|O0|2|6|S|3|N|0|8|0|0|0|0|2|2|0|0|1G|0|B|4LJO|4LKP|1MT
2EW|O0|2|6|S|L|N|0|0|0|0|0|0|2|2|0|0|1G|0|B|4LKR|4LLR|1MU
2EW|O0|2|6|S|3|N|0|0|0|0|0|0|2|2|0|0|1G|0|B|4LLR|4LO6|1MU
2EX|O0|2|6|S|3|N|0|0|0|0|0|0|2|2|0|0|1G|0|B|4LO8|4LQ5|1MV
2EX|O0|2|6|S|D|N|0|0|0|1|0|0|2|2|0|0|1G|0|B|4LQ5|4LR5|1MV
2EX|O0|2|6|D|1|U|1|0|0|1|0|0|2|2|0|0|1G|6|D|4LR5|4LSH|1MV
2EZ|O0|2|6|S|1|N|0|9|0|0|0|0|2|2|0|0|1G|0|B|4LSL|4LTG|1MW
2F0|O0|2|6|S|C|N|0|0|0|0|0|0|2|2|0|0|1G|0|B|4LTI|4LUC|1MX
2F0|O0|2|6|S|4H|N|0|0|0|0|0|0|2|2|0|0|1G|0|B|4LUC|4LWE|1MX
2F1|O0|2|6|S|7|N|0|0|0|0|0|0|2|2|0|0|1G|0|B|4LWG|4LYG|1MY
2F2|O0|2|6|S|L|N|0|0|0|0|C|0|2|2|0|0|1G|0|B|4LYI|4M1L|1MZ
2F2|O0|2|6|S|3|N|0|0|0|0|0|0|2|2|0|0|1G|0|B|4M1L|4M2F|1MZ
2F4|O0|2|6|S|1|N|0|7|0|0|0|0|2|2|0|0|1G|0|B|4M2J|4M3E|1N0
2F5|O0|2|6|S|7|N|0|0|0|0|0|0|2|2|0|0|1G|0|B|4M3G|4M4D|1N1
2F5|O0|2|6|S|O|N|0|0|0|0|0|0|2|2|0|0|1G|0|B|4M4D|4M5D|1N1
2F6|O0|2|6|S|P|N|0|0|0|1|0|0|2|2|0|0|1G|0|B|4M5F|4M7L|1N2
2F6|O0|2|6|S|48|N|0|0|0|0|0|0|2|2|0|0|1G|0|B|4M7L|4M8L|1N2
2F6|O0|2|6|S|9|N|0|0|0|0|0|0|2|2|0|0|1G|0|B|4M8L|4M9C|1N2
2F7|O0|2|6|S|D|N|0|0|0|1|0|0|2|2|0|0|1G|0|B|4M9E|4MAQ|1N3
2FA|O1|2|7|S|1|N|0|0|0|0|0|0|2|2|0|0|1G|0|B|4MBU|4MCB|1N4
2FD|O2|2|7|H|1|N|0|0|0|0|0|0|2|2|0|0|1G|2|0|4MDF|4ME6|1N5
2FF|O2|2|7|S|1|N|0|0|0|0|0|0|2|2|0|0|1G|0|B|4MFO|4MGX|1N6
2FG|O2|2|7|S|3|N|0|0|0|0|0|0|2|2|0|0|1G|0|B|4MGZ|4MIW|1N7
2FH|O2|2|7|S|1|N|0|0|0|0|0|0|2|2|0|0|1G|0|B|4MIY|4MJY|1N8
2FH|O2|2|7|S|X|N|0|0|0|0|15|0|2|2|0|0|1G|0|B|4MJY|4ML4|1N8
2FI|O2|2|7|S|L|N|0|0|0|1|16|0|2|2|0|0|1G|7|B|4ML6|4MOL|1N9
2FJ|O2|2|7|S|3|N|0|0|0|0|0|0|2|2|0|0|1G|0|B|4MON|4MPK|1NA
2FJ|O2|2|7|S|X|N|0|0|0|0|0|0|2|2|0|0|1G|0|B|4MPK|4MQT|1NA
2FK|O2|2|7|S|U|N|0|0|0|0|0|0|2|2|0|0|1G|0|B|4MQV|4MSO|1NB
2FL|O2|2|7|S|7|N|0|0|0|0|1W|0|2|2|0|Y|F|E|B|4MSQ|4MUH|1NC
2FM|O2|2|7|S|6|N|0|0|0|0|0|0|2|2|0|0|1G|0|B|4MUJ|4MWI|1ND
2FN|O2|2|7|S|L|N|0|0|0|0|0|0|2|2|0|0|1G|7|B|4MWK|4MXW|1NE
2FN|O2|2|7|S|H|N|0|0|0|0|0|0|2|2|0|0|1G|0|B|4MXW|4MYW|1NE
2FO|O2|2|7|S|G|N|0|0|0|1|0|0|2|2|0|0|1G|0|B|4MYY|4N0S|1NF
2FO|O2|2|7|S|7|N|0|0|0|1|0|0|2|2|0|4|2|E|B|4N0S|4N31|1NF
2FQ|O3|2|7|H|1|U|1|0|0|0|0|0|2|2|0|0|1G|9|0|4N35|4N42|1NG
2FS|O3|2|7|S|1|N|0|3|0|0|0|0|2|2|0|0|1G|0|B|4N5K|4N69|1NH
2FT|O3|2|7|D|1|U|1|0|0|0|0|0|2|2|0|0|1G|6|D|4N6B|4N87|1NI
2FV|O3|2|7|S|1|N|0|8|0|0|0|0|2|2|0|0|1G|0|B|4N8B|4N90|1NJ
2FW|O3|2|7|D|1|Y|1|0|0|0|0|0|2|2|0|0|1G|6|D|4N92|4NB6|1NK
2FY|O3|2|7|S|1|N|0|7|0|0|0|0|2|2|0|0|1G|0|B|4NBA|4NBZ|1NL
2FZ|O3|2|7|D|1|Y|1|0|0|0|0|0|2|2|0|0|1G|6|D|4NC1|4NEB|1NM
2G1|O3|2|7|D|5|U|1|0|0|0|0|0|2|2|0|0|1G|6|D|4NEF|4NGC|1NN
2G4|O4|2|8|S|1|N|0|0|0|0|0|0|2|2|0|0|1G|0|B|4NHG|4NHX|1NO
2G7|O5|2|8|H|1|N|0|0|0|0|0|0|2|2|0|0|1G|2|0|4NJ1|4NJS|1NP
2G9|O5|2|8|S|1|N|0|0|1|0|0|0|2|2|0|0|1G|0|B|4NLA|4NM1|1NQ
2GA|O5|2|8|S|1|N|0|0|2|0|0|0|2|2|0|0|1G|0|B|4NM3|4NMR|1NR
2GA|O5|2|8|S|3|N|0|0|0|0|0|0|2|2|0|0|1G|0|B|4NMR|4NNC|1NR
2GB|O5|2|8|S|3|N|0|0|0|8|0|0|2|2|0|6|2|E|B|4NNE|4NOW|1NS
2GC|O5|2|8|S|L|N|0|0|0|0|0|0|2|2|0|0|1G|7|B|4NOY|4NQG|1NT
2GD|O5|2|8|S|3|N|0|0|0|1|0|0|2|2|0|Y|F|E|B|4NQI|4NS6|1NU
2GE|O5|2|8|S|3|N|0|0|0|0|0|0|2|2|0|0|1G|7|B|4NS8|4NUE|1NV
2GG|O6|2|8|H|1|N|0|0|0|0|0|0|2|2|0|0|1G|2|0|4NUI|4NV0|1NW
2GI|O6|2|8|S|C|N|0|0|1|0|0|0|2|2|3|0|1G|0|B|4NWI|4NXU|1NX
2GI|O6|2|8|S|23|N|0|0|2|0|0|0|2|2|3|0|1G|7|B|4NXU|4O0I|1NX
2GJ|O6|2|8|S|I|N|0|0|1|0|0|0|2|2|3|0|1G|0|B|4O0K|4O2B|1NY
2GJ|O6|2|8|S|3|N|0|0|0|0|0|0|2|2|0|0|1G|7|B|4O2B|4O32|1NY
2GJ|O6|2|8|S|33|N|0|0|0|0|0|0|2|2|0|0|1G|0|B|4O32|4O45|1NY
2GJ|O6|2|8|S|D|N|0|0|2|0|0|0|2|2|3|0|1G|7|B|4O45|4O5H|1NY
2GK|O6|2|8|D|1|U|1|0|0|0|0|0|2|2|0|0|1G|6|D|4O5J|4O71|1NZ
2GK|O6|2|8|D|C|U|1|0|0|0|0|0|2|2|0|0|1G|6|D|4O71|4O8V|1NZ
2GL|O6|2|8|S|1T|N|0|0|0|1|0|0|2|2|0|0|1G|0|B|4O8X|4OBI|1O0
2GM|O6|2|8|S|7|N|0|7|0|1|0|0|2|2|1|0|1G|0|B|4OBK|4OEB|1O1
2GO|O7|2|8|H|1|U|1|0|0|0|0|0|2|2|0|0|1G|9|0|4OEF|4OF0|1O2
2GQ|O7|2|8|S|1|N|0|8|0|0|0|0|2|2|0|0|1G|0|B|4OGI|4OH1|1O3
2GR|O7|2|8|D|1|U|1|0|0|0|0|0|2|2|0|0|1G|6|D|4OH3|4OJ0|1O4
2GT|O7|2|8|S|1|N|0|9|0|0|0|0|2|2|0|0|1G|0|B|4OJ4|4OJN|1O5
2GU|O7|2|8|D|1|U|1|0|0|0|0|0|2|2|0|0|1G|6|D|4OJP|4OLH|1O6
2GW|O7|2|8|S|1|N|0|7|0|0|0|0|2|2|0|0|1G|0|B|4OLL|4OM4|1O7
2GX|O7|2|8|D|1|U|1|0|0|0|0|0|2|2|0|0|1G|6|D|4OM6|4ONY|1O8
2H0|O8|2|9|S|1|N|0|0|0|0|0|0|2|2|0|0|1G|0|B|4OP2|4OPJ|1O9
2H3|O9|2|9|H|1|N|0|0|0|0|0|0|2|2|0|0|1G|2|0|4OQN|4ORE|1OA
2H5|O9|2|9|S|1|N|0|0|0|0|0|0|2|2|0|0|1G|0|B|4OSW|4OUB|1OB
2H5|O9|2|9|S|1|N|0|0|0|0|0|0|2|2|0|0|1G|0|B|4OUB|4OVW|1OB
2H6|O9|2|9|S|3|N|0|0|0|0|0|0|2|2|0|0|1G|0|B|4OVY|4OWM|1OC
2H7|O9|2|9|S|L|N|0|0|0|0|0|0|2|2|0|0|1G|0|B|4OWO|4OXO|1OD
2H8|O9|2|9|S|L|N|5|0|0|0|0|0|2|2|0|0|1G|7|B|4OXQ|4OYW|1OE
2H9|O9|2|9|S|1|N|0|0|2|0|0|0|2|2|0|0|1G|7|B|4OYY|4P0D|1OF
2HA|O9|2|9|S|L|N|5|0|0|0|5|0|2|2|0|0|1G|7|B|4P0F|4P26|1OG
2HA|O9|2|9|S|1|N|0|0|0|0|0|0|2|2|0|0|1G|0|B|4P26|4P36|1OG
2HB|O9|2|9|S|1|N|0|0|2|0|0|0|2|2|0|0|1G|0|B|4P38|4P6H|1OH
2HB|O9|2|9|S|2R|N|0|0|0|0|0|0|2|2|0|0|1G|0|B|4P6H|4P7T|1OH
2HC|O9|2|9|S|3|N|0|0|2|0|0|0|2|2|0|0|1G|7|B|4P7V|4PA6|1OI
2HC|O9|2|9|S|L|N|0|0|0|0|0|0|2|2|0|0|1G|0|B|4PA6|4PBR|1OI
2HC|O9|2|9|S|3|N|0|0|0|1|0|0|2|2|0|0|1G|0|B|4PBR|4PCL|1OI
2HD|O9|2|9|S|L|N|0|0|0|0|0|0|2|2|0|0|1G|0|B|4PCN|4PF2|1OJ
2HD|O9|2|9|S|3|N|0|0|0|0|0|0|2|2|0|0|1G|0|B|4PF2|4PGN|1OJ
2HE|O9|2|9|S|1|N|0|0|0|0|0|0|2|2|0|0|1G|0|B|4PGP|4PJ6|1OK
2HE|O9|2|9|S|1|N|0|0|0|0|0|0|2|2|0|0|1G|0|B|4PJ6|4PK5|1OK
2HF|O9|2|9|S|J|N|0|0|0|1|0|0|2|2|0|12|2|E|B|4PK7|4PNX|1OL
2HH|OA|2|9|H|1|U|1|0|0|0|0|0|2|2|0|0|1G|9|0|4PO1|4POM|1OM
2HJ|OA|2|9|S|1|N|0|1|0|0|0|0|2|2|0|0|1G|0|B|4PQ4|4PQN|1ON
2HK|OA|2|9|D|1|Y|1|0|0|0|0|0|2|2|0|0|1G|6|D|4PQP|4PSI|1OO
2HM|OA|2|9|S|1|N|0|A|0|0|0|0|2|2|0|0|1G|0|B|4PSM|4PT5|1OP
2HN|OA|2|9|D|1|Y|1|0|0|0|0|0|2|2|0|0|1G|6|D|4PT7|4PV9|1OQ
2HP|OA|2|9|S|1|N|0|9|0|0|0|0|2|2|0|0|1G|0|B|4PVD|4PVW|1OR
2HQ|OA|2|9|D|1|Y|1|0|0|0|0|0|2|2|0|0|1G|6|D|4PVY|4PXR|1OS
2HS|OA|2|9|S|1|N|0|7|2|0|0|0|2|2|0|0|1G|0|B|4PXV|4PYQ|1OT
2HT|OA|2|9|S|3|N|0|0|2|0|0|0|2|2|0|0|1G|0|B|4PYS|4Q01|1OU
2HW|OB|2|A|S|1|N|0|0|0|0|0|0|2|2|0|0|1G|0|B|4Q15|4Q1M|1OV
2HZ|OC|2|A|H|1|N|0|0|0|0|0|0|2|2|0|0|1G|2|0|4Q2Q|4Q3H|1OW
2I1|OC|2|A|S|1|N|0|0|1|0|0|0|2|2|0|0|1G|0|B|4Q4Z|4Q5E|1OX
2I2|OC|2|A|S|3|N|0|0|0|0|0|0|2|2|0|0|1G|0|B|4Q5G|4Q6J|1OY
2I2|OC|2|A|S|2|N|0|0|0|8|0|0|2|2|0|M|H|E|B|4Q6J|4QAJ|1OY
2I3|OC|2|A|S|3|N|5|0|0|0|19|0|2|2|0|0|1G|0|B|4QAL|4QCR|1OZ
2I3|OC|2|A|S|3|N|5|0|0|0|J|0|2|2|0|0|1G|7|B|4QCR|4QEO|1OZ
2I3|OC|2|A|S|1|N|0|0|0|1|0|0|2|2|0|0|1G|8|B|4QEO|4QG6|1OZ
2I3|OC|2|A|S|3|N|0|0|0|0|0|0|2|2|0|4|2|D|B|4QG6|4QHL|1OZ
2I5|OD|2|A|H|1|N|0|0|0|0|0|0|2|2|0|0|1G|2|0|4QHP|4QI7|1P0
2I7|OD|2|A|S|1|N|0|0|0|0|0|0|2|2|0|0|1G|0|B|4QJP|4QL4|1P1
2I8|OD|2|A|S|I|N|0|0|0|0|0|0|2|2|0|0|1G|0|B|4QL6|4QMI|1P2
2IA|OE|2|A|H|1|N|0|0|0|0|0|0|2|2|0|0|1G|2|0|4QMM|4QN4|1P3
2IC|OE|2|A|S|1|N|0|0|0|0|0|0|2|2|0|0|1G|0|B|4QOM|4QQ4|1P4
2IC|OE|2|A|S|3E|N|0|0|0|0|0|0|2|2|0|0|1G|0|B|4QQ4|4QSM|1P4
2IC|OE|2|A|S|D|N|0|0|0|0|0|0|2|2|0|0|1G|0|B|4QSM|4QTG|1P4
2IC|OE|2|A|S|L|N|0|0|0|0|0|0|2|2|0|N|I|E|B|4QTG|4QVJ|1P4
2IC|OE|2|A|S|2K|N|0|0|0|0|0|0|2|2|0|0|1G|0|B|4QVJ|4QX4|1P4
2IC|OE|2|A|S|K|N|0|0|0|0|0|0|2|2|0|0|1G|0|B|4QX4|4QYR|1P4
2IE|OE|2|A|S|5|N|0|0|0|0|0|0|2|2|0|0|1G|0|B|4QYV|4QZR|1P5
2IE|OE|2|A|S|2K|N|0|0|0|0|0|0|2|2|0|0|1G|0|B|4QZR|4R1R|1P5
2IF|OE|2|A|S|1C|N|0|0|0|0|0|0|2|2|0|0|1G|0|B|4R1T|4R4E|1P6
2IF|OE|2|A|S|3|N|0|0|0|0|0|0|2|2|0|0|1G|0|B|4R4E|4R58|1P6
2IH|OE|2|A|S|P|N|0|0|0|0|0|0|2|2|0|0|1G|0|B|4R5C|4R99|1P7
2IH|OE|2|A|S|11|N|0|0|1|0|0|0|2|2|0|0|1G|0|B|4R99|4R9X|1P7
2IJ|OF|2|A|H|1|U|1|0|0|0|0|0|2|2|0|0|1G|9|0|4RA1|4RAM|1P8
2IL|OF|2|A|S|1|N|0|1|0|0|0|0|2|2|0|0|1G|0|B|4RC4|4RCN|1P9
2IM|OF|2|A|D|1|U|1|0|0|0|0|0|2|2|0|0|1G|6|D|4RCP|4REC|1PA
2IO|OF|2|A|S|1|N|0|9|0|0|0|0|2|2|0|0|1G|0|B|4REG|4REZ|1PB
2IP|OF|2|A|D|1|U|1|0|0|0|0|0|2|2|0|0|1G|6|D|4RF1|4RGO|1PC
2IR|OF|2|A|S|1|N|0|7|0|0|0|0|2|2|0|0|1G|0|B|4RGS|4RHB|1PD
2IS|OF|2|A|D|1|U|1|0|0|0|0|0|2|2|0|0|1G|6|D|4RHD|4RIP|1PE
2IV|OG|2|B|S|1|N|0|0|0|0|0|0|2|2|0|0|1G|0|B|4RJT|4RKA|1PF
2IY|OH|2|B|H|1|N|0|0|0|0|0|0|2|2|0|0|1G|2|0|4RLE|4RM5|1PG
2J0|OH|2|B|S|3|N|5|0|1|0|0|0|2|2|0|0|1G|0|B|4RNN|4ROQ|1PH
2J1|OH|2|B|S|3|N|0|0|0|0|0|0|2|2|0|0|1G|0|B|4ROS|4RQA|1PI
2J2|OH|2|B|S|L|N|0|0|0|0|0|0|2|2|0|0|1G|0|B|4RQC|4RS6|1PJ
2J3|OH|2|B|S|3|N|0|0|0|8|2|0|2|2|0|0|1G|0|B|4RS8|4RU8|1PK
2J4|OH|2|B|S|2Y|N|5|0|0|0|0|0|2|2|0|0|1G|7|B|4RUA|4RYM|1PL
2J6|OI|2|B|H|1|N|0|0|0|0|0|0|2|2|0|0|1G|2|0|4RYQ|4RZN|1PM
2J8|OI|2|B|S|H|N|7|0|0|0|0|0|2|2|0|0|1G|0|B|4S15|4S39|1PN
2J8|OI|2|B|S|4|N|5|0|0|0|0|0|2|2|0|0|1G|0|B|4S39|4S4F|1PN
2J8|OI|2|B|S|J|N|7|0|0|0|0|0|2|2|0|0|1G|0|B|4S4F|4S5Z|1PN
2J8|OI|2|B|S|L|N|7|0|0|0|0|0|2|2|0|0|1G|0|B|4S5Z|4S7G|1PN
2J8|OI|2|B|D|3|U|A|0|0|0|0|0|2|2|0|0|1G|6|D|4S7G|4S89|1PN
2J9|OI|2|B|S|1|N|0|0|0|0|0|0|2|2|0|0|1G|0|B|4S8B|4S9T|1PO
2J9|OI|2|B|S|7|N|0|0|0|1|0|0|2|2|0|0|1G|0|B|4S9T|4SB5|1PO
2JA|OI|2|B|S|32|N|7|0|0|0|0|0|2|2|0|0|1G|0|B|4SB7|4SDJ|1PP
2JA|OI|2|B|S|11|N|0|0|0|0|0|0|2|2|0|0|1G|0|B|4SDJ|4SES|1PP
2JB|OI|2|B|S|1|N|0|0|0|0|0|0|2|2|0|0|1G|0|B|4SEU|4SG3|1PQ
2JB|OI|2|B|S|1|N|0|0|0|0|0|0|2|2|0|0|1G|0|B|4SG3|4SHR|1PQ
2JB|OI|2|B|S|7|N|0|0|0|0|0|0|2|2|0|0|1G|0|B|4SHR|4SIC|1PQ
2JD|OJ|2|B|H|1|U|1|0|0|0|0|0|2|2|0|0|1G|9|0|4SIG|4SJ1|1PR
2JF|OJ|2|B|S|1|N|0|3|0|0|0|0|2|2|0|0|1G|0|B|4SKJ|4SL2|1PS
2JG|OJ|2|B|D|1|U|1|0|0|0|0|0|2|2|0|0|1G|6|D|4SL4|4SNC|1PT
2JI|OJ|2|B|S|1|N|0|8|0|0|0|0|2|2|0|0|1G|0|B|4SNG|4SNZ|1PU
2JJ|OJ|2|B|D|1|U|1|0|0|0|0|0|2|2|0|0|1G|6|D|4SO1|4SQB|1PV
2JL|OJ|2|B|S|1|N|0|7|0|0|0|0|2|2|0|0|1G|0|B|4SQF|4SQY|1PW
2JM|OJ|2|B|D|1|U|1|0|0|0|0|0|2|2|0|0|1G|6|D|4SR0|4ST8|1PX
2JP|OK|2|C|S|1|N|0|0|0|0|0|0|2|2|0|0|1G|0|B|4SUC|4SUT|1PY
2JS|OL|2|C|H|1|N|0|0|0|0|0|0|2|2|0|0|1G|2|0|4SVX|4SWO|1PZ
2JU|OL|2|C|S|1|N|0|0|1|0|0|0|2|2|0|0|1G|0|B|4SY6|4T0I|1Q0
2JU|OL|2|C|S|3|N|0|0|1|0|0|0|2|2|0|0|1G|7|B|4T0I|4T1R|1Q0
2JV|OL|2|C|S|L|N|0|0|1|0|0|0|2|2|0|0|1G|0|B|4T1T|4T4H|1Q1
2JW|OL|2|C|S|L|N|0|8|0|0|0|0|2|2|0|0|1G|0|B|4T4J|4T6M|1Q2
2JX|OL|2|C|S|L|N|5|0|0|0|0|0|2|2|0|0|1G|0|B|4T6O|4T80|1Q3
2JY|OL|2|C|S|3|N|5|0|0|0|13|0|2|2|0|0|1G|0|B|4T82|4T9E|1Q4
2JZ|OL|2|C|S|L|N|0|0|0|0|0|0|2|2|0|1O|C|E|B|4T9G|4TBG|1Q5
2K0|OL|2|C|S|1|N|0|0|0|0|5|0|2|2|0|0|1G|7|B|4TBI|4TDL|1Q6
2K2|OM|2|C|H|1|N|0|0|0|0|0|0|2|2|0|0|1G|2|0|4TDP|4TE7|1Q7
2K4|OM|2|C|S|1|N|0|0|3|0|0|0|2|2|0|0|1G|0|B|4TFP|4THA|1Q8
2K4|OM|2|C|S|1|N|0|0|0|0|0|0|2|2|0|0|1G|0|B|4THA|4TIM|1Q8
2K5|OM|2|C|S|1|N|0|0|0|0|0|0|2|2|0|0|1G|0|B|4TIO|4TK0|1Q9
2K5|OM|2|C|S|3|N|0|0|0|0|0|0|2|2|0|0|1G|0|B|4TK0|4TL6|1Q9
2K6|OM|2|C|S|7|N|0|0|0|0|0|0|2|2|0|0|1G|0|B|4TL8|4TMK|1QA
2K6|OM|2|C|S|1|N|0|0|0|0|0|0|2|2|0|0|1G|0|B|4TMK|4TNB|1QA
2K6|OM|2|C|S|1|N|0|0|0|0|0|0|2|2|0|0|1G|0|B|4TNB|4TOB|1QA
2K7|OM|2|C|S|4I|N|0|0|0|0|0|0|2|2|0|0|1G|7|B|4TOD|4TS4|1QB
2K8|OM|2|C|S|L|N|0|0|0|1|0|0|2|2|0|Y|F|E|B|4TS6|4TW6|1QC
2K9|OM|2|C|S|L|N|0|0|0|0|P|0|2|2|0|0|1G|0|B|4TW8|4TXT|1QD
2K9|OM|2|C|S|D|N|0|0|2|0|0|0|2|2|0|N|I|E|B|4TXT|4TZN|1QD
2K9|OM|2|C|S|3|N|0|0|0|0|0|0|2|2|0|0|1G|0|B|4TZN|4U0Z|1QD
2KB|ON|2|C|H|1|U|1|0|0|0|0|0|2|2|0|0|1G|9|0|4U13|4U1O|1QE
2KD|ON|2|C|S|1|N|0|1|0|0|0|0|2|2|0|0|1G|0|B|4U36|4U3P|1QF
2KE|ON|2|C|S|1L|N|0|0|0|0|0|0|2|2|0|0|1G|0|B|4U3R|4U46|1QG
2KE|ON|2|C|D|1|Y|1|0|0|0|0|0|2|2|0|0|1G|6|D|4U46|4U63|1QG
2KG|ON|2|C|S|1|N|0|3|0|0|0|0|2|2|0|0|1G|0|B|4U67|4U6Q|1QH
2KH|ON|2|C|D|1L|U|1|0|0|0|0|0|2|2|0|0|1G|6|D|4U6S|4U90|1QI
2KJ|ON|2|C|S|1|N|0|7|0|0|0|0|2|2|0|0|1G|0|B|4U94|4U9N|1QJ
2KK|ON|2|C|D|1L|U|1|0|0|0|0|0|2|2|0|0|1G|6|D|4U9P|4UC5|1QK
2KN|OO|2|D|S|1|N|0|0|0|0|0|0|2|2|0|0|1G|0|B|4UD9|4UDQ|1QL
2KQ|OP|2|D|H|1|N|0|0|0|0|0|0|2|2|0|0|1G|2|0|4UEU|4UFC|1QM
2KS|OP|2|D|S|2R|N|5|0|1|0|0|0|2|2|0|0|1G|7|B|4UGU|4UIX|1QN
2KT|OP|2|D|S|L|N|5|0|0|0|0|0|2|2|0|0|1G|7|B|4UIZ|4ULT|1QO
2KT|OP|2|D|S|I|N|0|0|0|0|0|0|2|2|0|0|1G|0|B|4ULT|4UMT|1QO
2KU|OP|2|D|S|6|N|5|0|0|1|0|0|2|2|0|0|1G|U|B|4UMV|4UOG|1QP
2KV|OP|2|D|S|3|N|0|0|0|0|0|0|2|2|0|0|1G|0|B|4UOI|4UQC|1QQ
2KV|OP|2|D|S|P|N|0|0|0|0|0|0|2|2|0|0|1G|7|B|4UQC|4UTC|1QQ
2KW|OP|2|D|S|1|N|0|0|0|0|0|0|2|2|0|0|1G|0|B|4UTE|4UUW|1QR
2KW|OP|2|D|S|D|N|0|0|0|0|5|0|2|2|0|0|1G|7|B|4UUW|4UWE|1QR
2KX|OP|2|D|S|13|N|0|0|0|0|0|0|2|2|0|0|1G|7|B|4UWG|4V0A|1QS
2KX|OP|2|D|S|7|N|0|0|0|0|0|0|2|2|0|0|1G|7|B|4V0A|4V1G|1QS
2KX|OP|2|D|S|3|N|0|0|0|0|0|0|2|2|0|1A|G|Q|B|4V1G|4V31|1QS
2KY|OP|2|D|S|3|N|0|0|0|0|0|0|2|2|0|0|1G|0|B|4V33|4V6L|1QT
2L0|OQ|2|D|H|1|U|1|0|0|0|0|0|2|2|0|0|1G|9|0|4V6P|4V7J|1QU
2L2|OQ|2|D|S|1|N|0|A|0|0|0|0|2|2|0|0|1G|0|B|4V91|4V9K|1QV
2L3|OQ|2|D|S|1|N|0|0|0|0|0|0|2|2|0|0|1G|0|B|4V9M|4VA7|1QW
2L5|OQ|2|D|S|1|N|0|7|0|0|0|0|2|2|0|0|1G|0|B|4VAB|4VAU|1QX
2L6|OQ|2|D|S|1|N|0|0|0|0|0|0|2|2|0|0|1G|0|B|4VAW|4VBB|1QY
2L8|OQ|2|D|S|1|N|0|9|0|0|0|0|2|2|0|0|1G|0|B|4VBF|4VBY|1QZ
2L9|OQ|2|D|S|1|N|0|0|0|0|0|0|2|2|0|0|1G|0|B|4VC0|4VCF|1R0
2LB|OQ|2|D|S|1|N|0|1|0|0|0|0|2|2|0|0|1G|0|B|4VCJ|4VD2|1R1
2LC|OQ|2|D|D|1|U|1|0|0|0|0|0|2|2|0|0|1G|6|D|4VD4|4VEL|1R2
2LE|OQ|2|D|D|1|U|1|A|0|0|0|0|2|2|0|0|1G|6|D|4VEP|4VFK|1R3
2LF|OQ|2|D|D|1|U|1|0|0|0|0|0|2|2|0|0|1G|6|D|4VFM|4VHH|1R4
2LH|OQ|2|D|D|1|U|1|9|0|0|0|0|2|2|0|0|1G|6|D|4VHL|4VIG|1R5
2LI|OQ|2|D|D|1|U|1|0|0|0|0|0|2|2|0|0|1G|6|D|4VII|4VK4|1R6
2LL|OR|2|E|S|1|N|0|0|0|0|0|0|2|2|0|0|1G|0|B|4VL8|4VLP|1R7
2LO|OS|2|E|H|1|N|0|0|0|0|0|0|2|2|0|0|1G|2|0|4VMT|4VNK|1R8
2LQ|OS|2|E|S|7|N|0|0|0|0|0|0|2|2|0|0|1G|7|B|4VP2|4VPT|1R9
2LR|OS|2|E|S|P|N|0|0|0|0|0|0|2|2|0|0|1G|0|B|4VPV|4VTV|1RA
2LR|OS|2|E|S|7|N|0|0|0|0|0|0|2|2|0|0|1G|0|B|4VTV|4VUY|1RA
2LR|OS|2|E|S|7|N|0|0|0|0|0|0|2|2|0|0|1G|0|B|4VUY|4VWA|1RA
2LS|OS|2|E|S|L|N|5|0|0|0|0|0|2|2|0|0|1G|0|B|4VWC|4VXO|1RB
2LT|OS|2|E|S|3|N|5|0|0|0|0|0|2|2|0|0|1G|7|B|4VXQ|4VZE|1RC
2LU|OS|2|E|S|C|N|0|0|0|0|0|0|2|2|0|0|1G|7|B|4VZG|4W2D|1RD
2LU|OS|2|E|S|7|N|0|0|0|0|0|0|2|2|0|0|1G|0|B|4W2D|4W3S|1RD
2LU|OS|2|E|S|L|N|0|0|0|0|2|0|2|2|0|0|1G|0|B|4W3S|4W5P|1RD
2LU|OS|2|E|S|8|N|0|0|0|0|0|0|2|2|0|0|1G|0|B|4W5P|4W6Y|1RD
2LV|OS|2|E|S|K|N|0|0|0|0|0|0|2|2|0|0|1G|0|B|4W70|4W9U|1RE
2LW|OS|2|E|S|D|N|0|0|0|0|0|0|2|2|0|2K|A|F|B|4W9W|4WDZ|1RF
2LW|OS|2|E|S|1R|N|0|0|0|0|0|0|2|2|0|0|1G|0|B|4WDZ|4WFQ|1RF
2LX|OS|2|E|S|1|N|0|0|0|0|0|0|2|2|0|M|H|E|B|4WFS|4WHS|1RG
2LX|OS|2|E|S|3|N|0|0|0|0|2|0|2|2|0|0|1G|0|B|4WHS|4WJ4|1RG
2LZ|OT|2|E|H|1|N|0|0|0|0|0|0|2|2|0|0|1G|2|0|4WJ8|4WJZ|1RH
2M1|OT|2|E|S|1|N|0|0|0|0|0|0|2|2|0|0|1G|0|B|4WLH|4WM2|1RI
2M1|OT|2|E|S|1U|N|0|0|0|0|0|0|2|2|0|0|1G|0|B|4WM2|4WMN|1RI
2M1|OT|2|E|S|1|N|0|0|0|0|0|0|2|2|0|0|1G|0|B|4WMN|4WN8|1RI
2M2|OT|2|E|S|1|N|0|0|0|0|0|0|2|2|0|0|1G|0|B|4WNA|4WNV|1RJ
2M2|OT|2|E|S|3|N|0|0|0|0|0|0|2|2|0|0|1G|0|B|4WNV|4WOA|1RJ
2M2|OT|2|E|S|1|N|0|0|0|0|0|0|2|2|0|0|1G|0|B|4WOA|4WOJ|1RJ
2M3|OT|2|E|S|1|N|0|0|0|0|0|0|2|2|0|0|1G|0|B|4WOL|4WP9|1RK
2M5|OU|2|E|H|1|U|1|0|0|0|0|0|2|2|0|0|1G|9|0|4WPD|4WPY|1RL
2M7|OU|2|E|S|1|N|0|1|0|0|0|0|2|2|0|0|1G|0|B|4WRG|4WRZ|1RM
2M8|OU|2|E|D|1|U|1|0|0|0|0|0|2|2|0|0|1G|6|D|4WS1|4WTX|1RN
2MA|OU|2|E|S|1|N|0|A|0|0|0|0|2|2|0|0|1G|0|B|4WU1|4WUK|1RO
2MB|OU|2|E|D|1|U|1|0|0|0|0|0|2|2|0|0|1G|6|D|4WUM|4WWE|1RP
2MD|OU|2|E|S|1|N|0|9|0|0|0|0|2|2|0|0|1G|0|B|4WWI|4WX1|1RQ
2ME|OU|2|E|D|1|U|1|0|0|0|0|0|2|2|0|0|1G|6|D|4WX3|4WYT|1RR
2MH|OU|2|0|A|1|N|0|0|0|0|0|1|2|2|0|0|1G|V|M|4WZX|4X0U|1RS
2MK|OV|2|0|H|1|N|0|0|0|0|2|2|2|2|0|0|1G|2|0|4X1Y|4X2A|1RT
2MM|OV|2|0|A|3|N|0|0|0|0|0|2|2|2|0|0|1G|V|M|4X3S|4X61|1RU
2MN|OV|2|0|A|3|N|0|0|0|0|0|2|2|2|0|0|1G|V|M|4X63|4X7C|1RV
2MO|OV|2|0|A|1|N|0|0|0|0|L|3|2|2|0|0|1G|V|M|4X7E|4X8W|1RW
2MQ|OW|2|0|H|1|N|0|0|0|0|L|3|2|2|0|0|1G|2|0|4X90|4X9C|1RX
2MS|OW|2|0|A|6|N|0|0|0|0|0|3|2|2|0|0|1G|V|M|4XAU|4XD0|1RY
2MT|OW|2|0|A|L|N|0|0|0|0|0|3|2|2|0|0|1G|W|M|4XD2|4XF8|1RZ
2MT|OW|2|0|A|1|N|0|0|0|0|0|3|2|2|0|0|1G|V|M|4XF8|4XGT|1RZ
2MV|OX|2|0|H|1|N|0|0|0|0|1X|4|2|2|0|0|1G|2|0|4XGX|4XH9|1S0
2MX|OX|2|0|A|3|N|0|0|0|0|0|4|2|2|0|0|1G|V|M|4XIR|4XJI|1S1
2MX|OX|2|0|A|3|N|0|0|0|0|0|4|2|2|0|0|1G|V|M|4XJI|4XL3|1S1
2MY|OX|2|0|A|6|N|0|0|0|0|0|4|2|2|0|0|1G|V|M|4XL5|4XMW|1S2
2MY|OX|2|0|A|L|N|0|0|0|0|0|4|2|2|0|0|1G|V|M|4XMW|4XNW|1S2
2N0|OY|2|0|H|1|N|0|0|0|0|1U|5|2|2|0|0|1G|2|0|4XO0|4XOC|1S3
2N2|OY|2|0|A|3|N|0|0|0|0|0|5|2|2|0|0|1G|W|M|4XPU|4XR0|1S4
2N2|OY|2|0|A|3|N|0|0|0|0|0|5|2|2|0|0|1G|W|M|4XR0|4XS9|1S4
2N3|OY|2|0|A|3|N|0|0|0|1|0|5|2|2|0|0|1G|V|M|4XSB|4XTH|1S5
2N5|OZ|2|0|H|1|N|0|0|0|0|17|6|2|2|0|0|1G|2|0|4XTL|4XTX|1S6
2N7|OZ|2|0|A|3|N|0|0|0|0|7|4|2|2|0|0|1G|V|M|4XVF|4XWU|1S7
2N8|OZ|2|0|A|3|N|0|0|0|0|0|4|2|2|0|0|1G|V|M|4XWW|4XXW|1S8
2N9|OZ|2|0|A|D|N|0|0|2|1|0|4|2|2|0|0|1G|V|M|4XXY|4Y0M|1S9
2NB|P0|2|0|H|1|N|0|0|0|0|15|7|2|2|0|0|1G|2|0|4Y0Q|4Y12|1SA
2ND|P0|2|0|A|3|N|0|0|0|0|0|7|2|2|0|0|1G|V|M|4Y2K|4Y3W|1SB
2NE|P0|2|0|A|3|N|0|0|2|0|0|7|2|2|0|0|1G|V|M|4Y3Y|4Y54|1SC
2NE|P0|2|0|A|3|N|0|0|0|0|8|7|2|2|0|0|1G|V|M|4Y54|4Y6A|1SC
2NG|P1|2|0|H|1|N|0|0|0|0|1Y|8|2|2|0|0|1G|2|0|4Y6E|4Y6Q|1SD
2NI|P1|2|0|A|8|N|0|0|0|0|0|8|2|2|0|0|1G|V|M|4Y88|4Y8T|1SE
2NJ|P1|2|0|A|1|N|0|0|0|0|0|8|2|2|0|0|1G|V|M|4Y8V|4Y9P|1SF
2NL|P2|2|0|H|1|N|0|0|0|0|1Z|9|2|2|0|0|1G|2|0|4Y9T|4YA5|1SG
2NN|P2|2|0|A|1|N|0|0|0|0|1Y|8|2|2|0|0|1G|V|M|4YBN|4YBZ|1SH
2NN|P2|2|0|A|4J|N|0|0|0|0|1Y|8|2|2|0|0|1G|V|M|4YBZ|4YD2|1SH
2NP|P3|2|0|H|1|N|0|0|0|0|F|A|2|2|0|0|1G|2|0|4YD6|4YDR|1SI
2NR|P3|2|0|A|4K|N|0|0|0|0|0|A|2|2|0|0|1G|V|M|4YF9|4YGO|1SJ
2NS|P3|2|0|A|X|N|0|0|0|1|0|A|2|2|0|0|1G|W|M|4YGQ|4YHT|1SK
2NT|P3|2|0|A|P|N|0|0|0|0|0|A|2|2|0|0|1G|V|M|4YHV|4YK4|1SL
2NT|P3|2|0|A|X|N|0|0|0|1|19|A|2|2|0|0|1G|V|M|4YK4|4YLG|1SL
2NV|P4|2|0|H|1|N|0|0|0|0|1|B|2|2|0|0|1G|2|0|4YLK|4YLW|1SM
2NX|P4|2|0|A|3|N|0|0|0|1|5|C|2|2|0|0|1G|V|M|4YNE|4YOB|1SN
2NX|P4|2|0|A|D|N|0|0|0|0|0|C|2|2|0|0|1G|V|M|4YOB|4YOW|1SN
2NY|P4|2|0|A|3|N|0|0|0|0|19|C|2|2|0|12|2|X|M|4YOY|4YQJ|1SO
2NY|P4|2|0|A|8|N|0|0|0|0|0|C|2|2|0|0|1G|V|M|4YQJ|4YR4|1SO
2O0|P5|2|0|H|1|N|0|0|0|0|6|D|2|2|0|0|1G|2|0|4YR8|4YRN|1SP
2O2|P5|2|0|A|I|N|0|0|0|0|0|D|2|2|0|0|1G|V|M|4YT5|4YUH|1SQ
2O3|P5|2|0|A|3|N|0|0|0|0|L|3|2|2|0|I|E|X|M|4YUJ|4YVP|1SR
2O5|P6|2|0|H|1|N|0|0|0|0|4|E|2|2|0|0|1G|2|0|4YVT|4YW8|1SS
2O7|P6|2|0|A|7|N|0|0|0|0|0|E|2|2|0|0|1G|W|M|4YXQ|4YYT|1ST
2O8|P6|2|0|A|D|N|0|0|0|0|0|E|2|2|0|0|1G|V|M|4YYV|4Z01|1SU
2OA|P7|2|0|H|1|N|0|0|0|0|20|F|2|2|0|0|1G|2|0|4Z05|4Z0K|1SV
2OC|P7|2|0|A|7|N|0|0|0|0|0|F|2|2|0|0|1G|W|M|4Z22|4Z2N|1SW
2OD|P7|2|0|A|4|N|0|0|0|0|0|F|2|2|0|0|1G|V|M|4Z2P|4Z3J|1SX
2OD|P7|2|0|A|3|N|0|0|0|1|0|F|2|2|0|0|1G|V|M|4Z3J|4Z4D|1SX
2OG|P7|3|0|G|1|N|0|0|0|0|0|0|3|3|0|0|1K|0|B|4Z5H|4Z5Q|1SY
2OJ|P8|3|0|H|1|N|0|0|0|0|0|0|3|3|0|0|1K|2|0|4Z6U|4Z7C|1SZ
2OL|P8|3|0|G|1|N|5|0|0|0|0|0|3|3|0|0|1K|7|B|4Z8U|4ZAZ|1T0
2OL|P8|3|0|G|8|N|0|0|0|0|0|0|3|3|0|0|1K|0|B|4ZAZ|4ZD8|1T0
2OL|P8|3|0|G|7|N|0|0|0|0|0|0|3|3|0|V|G|E|B|4ZD8|4ZGK|1T0
2OL|P8|3|0|G|1|N|0|0|0|0|0|0|3|3|0|0|1K|0|B|4ZGK|4ZJH|1T0
2OM|P8|3|0|G|9|N|0|0|0|0|0|0|3|3|0|0|1K|0|B|4ZJJ|4ZNV|1T1
2OO|P8|3|0|M|I|N|5|0|0|0|0|0|3|3|0|0|1K|1|0|4ZNZ|4ZR8|1T2
2OO|P8|3|0|M|4L|N|0|0|0|0|0|0|3|3|0|0|1K|1|0|4ZR8|4ZZT|1T2
2OQ|P8|3|0|C|1|N|0|0|0|0|0|0|3|3|0|0|1K|1|0|4ZZX|501Q|1T3
2OQ|P8|3|0|G|2W|N|0|0|0|0|2|0|3|3|0|0|1K|0|B|501Q|503Z|1T3
2OQ|P8|3|0|G|R|Y|1|0|0|0|0|0|3|3|0|0|1K|6|B|503Z|5065|1T3
2OR|P8|3|0|M|3H|N|0|0|0|0|0|0|3|3|0|0|1K|1|0|5067|509L|1T4
2OT|P8|3|0|M|4M|N|0|0|0|0|0|0|3|3|0|0|1K|1|0|509P|50KM|1T5
2OT|P8|3|0|M|1|N|0|0|0|0|0|0|3|3|0|0|1K|1|0|50KM|50LM|1T5
2OV|P9|3|0|H|1|N|0|0|0|0|0|0|3|3|0|0|1K|2|0|50LQ|50M8|1T6
2OX|P9|3|0|G|A|N|0|0|0|0|0|0|3|3|0|0|1K|0|B|50NQ|50RH|1T7
2OY|P9|3|0|G|A|L|1|0|0|0|0|0|3|3|0|0|1K|6|B|50RJ|50UG|1T8
2OY|P9|3|0|G|4N|L|1|0|0|0|0|0|3|3|0|0|1K|O|B|50UG|50WV|1T8
2OZ|P9|3|0|G|C|N|0|0|0|0|0|0|3|3|0|0|1K|0|B|50WX|5103|1T9
2P0|P9|3|0|G|T|N|0|0|0|0|D|0|3|3|0|13|Q|E|B|5105|513Q|1TA
2P0|P9|3|0|G|T|N|0|0|0|0|6|0|3|3|0|2L|1L|E|B|513Q|517H|1TA
2P0|P9|3|0|G|9|N|0|0|0|0|0|0|3|3|0|0|1K|0|B|517H|5188|1TA
2P0|P9|3|0|G|1|N|0|0|0|0|0|0|3|3|0|0|1K|0|B|5188|519K|1TA
2P1|P9|3|0|M|I|E|1|0|0|0|0|0|3|3|0|0|1K|3|0|519M|51C7|1TB
2P5|PA|3|1|S|1|N|0|0|0|0|0|0|3|3|0|0|1K|0|B|51DD|51DU|1TC
2P8|PB|3|1|H|1|N|0|0|0|0|0|0|3|3|0|0|1K|2|0|51EY|51FG|1TD
2PA|PB|3|1|S|1|N|0|0|0|0|0|0|3|3|0|0|1K|0|B|51GY|51I1|1TE
2PA|PB|3|1|S|1|N|0|0|0|4|0|0|3|3|1|0|1K|0|B|51I1|51IS|1TE
2PA|PB|3|1|S|1I|N|0|0|0|0|0|0|3|3|0|0|1K|0|B|51IS|51JS|1TE
2PB|PB|3|1|S|3|N|0|0|0|0|0|0|3|3|1|0|1K|0|B|51JU|51L9|1TF
2PB|PB|3|1|S|6|N|0|0|0|0|0|0|3|3|0|0|1K|0|B|51L9|51MI|1TF
2PD|PC|3|1|H|1|N|0|0|0|0|0|0|3|3|0|0|1K|2|0|51MM|51NJ|1TG
2PF|PC|3|1|S|1|N|0|1|0|0|0|0|3|3|0|0|1K|0|B|51P1|51PQ|1TH
2PG|PC|3|1|S|U|N|0|0|0|0|0|0|3|3|0|0|1K|0|B|51PS|51S1|1TI
2PG|PC|3|1|S|1|N|0|0|0|0|0|0|3|3|0|0|1K|0|B|51S1|51TM|1TI
2PG|PC|3|1|S|1|N|0|0|0|0|0|0|3|3|0|0|1K|0|B|51TM|51UD|1TI
2PH|PC|3|1|S|3|N|0|0|0|0|0|0|3|3|0|0|1K|0|B|51UF|51W5|1TJ
2PH|PC|3|1|S|L|N|0|0|0|0|0|0|3|3|0|0|1K|0|B|51W5|51XX|1TJ
2PI|PC|3|1|S|1|N|0|0|0|0|0|0|3|3|0|0|1K|0|B|51XZ|51ZH|1TK
2PI|PC|3|1|S|1|N|0|0|0|0|0|0|3|3|0|0|1K|0|B|51ZH|5212|1TK
2PI|PC|3|1|S|L|N|0|0|0|0|0|0|3|3|0|A|9|E|B|5212|524E|1TK
2PJ|PC|3|1|S|X|N|0|0|0|1|0|0|3|3|0|0|1K|0|B|524G|5267|1TL
2PJ|PC|3|1|S|X|N|0|0|0|1|0|0|3|3|0|0|1K|0|B|5267|5281|1TL
2PK|PC|3|1|S|1|N|0|0|0|0|0|0|3|3|0|0|1K|0|B|5283|52A5|1TM
2PK|PC|3|1|S|1|N|0|0|0|0|0|0|3|3|0|0|1K|0|B|52A5|52C7|1TM
2PK|PC|3|1|S|1|N|0|0|0|1|0|0|3|3|1|0|1K|0|B|52C7|52DX|1TM
2PK|PC|3|1|S|1|N|0|5|0|1|0|0|3|3|1|0|1K|0|B|52DX|52F0|1TM
2PL|PC|3|1|S|1|N|6|0|0|0|0|0|3|3|0|0|1K|0|B|52F2|52GX|1TN
2PL|PC|3|1|S|1|N|0|0|0|0|0|0|3|3|0|0|1K|0|B|52GX|52I5|1TN
2PN|PC|3|1|S|3|N|0|3|0|0|0|0|3|3|0|0|1K|0|B|52I9|52J4|1TO
2PO|PC|3|1|S|L|N|0|0|0|0|0|0|3|3|0|2M|Q|F|B|52J6|52KL|1TP
2PO|PC|3|1|S|1|N|0|0|0|0|0|0|3|3|1|0|1K|0|B|52KL|52L6|1TP
2PO|PC|3|1|S|7|N|0|0|0|0|0|0|3|3|0|0|1K|0|B|52L6|52M6|1TP
2PP|PC|3|1|S|1|N|0|0|0|0|0|0|3|3|0|0|1K|0|B|52M8|52MZ|1TQ
2PP|PC|3|1|S|I|N|0|0|0|0|0|0|3|3|0|0|1K|0|B|52MZ|52O5|1TQ
2PP|PC|3|1|S|3|N|0|0|0|0|0|0|3|3|0|0|1K|0|B|52O5|52P2|1TQ
2PQ|PC|3|1|S|16|N|0|0|0|0|0|0|3|3|0|2N|Q|E|B|52P4|52QO|1TR
2PR|PC|3|1|D|7|Y|1|0|0|0|0|0|3|3|0|0|1K|O|D|52QQ|52TN|1TS
2PR|PC|3|1|S|1|N|0|0|0|0|0|0|3|3|0|V|G|E|B|52TN|52VJ|1TS
2PR|PC|3|1|S|C|N|0|0|0|0|0|0|3|3|0|0|1K|0|B|52VJ|52XY|1TS
2PS|PC|3|1|S|D|N|0|0|0|2|0|0|3|3|0|0|1K|0|B|52Y0|531C|1TT
2PS|PC|3|1|S|2|N|0|0|0|0|0|0|3|3|0|0|1K|0|B|531C|532B|1TT
2PT|PC|3|1|S|1X|N|0|0|0|0|0|0|3|3|0|M|H|E|B|532D|5362|1TU
2PV|PC|3|1|S|3|N|0|A|0|0|0|0|3|3|0|0|1K|0|B|5366|5377|1TV
2PW|PC|3|1|S|1|N|0|0|0|0|0|0|3|3|0|0|1K|0|B|5379|537U|1TW
2PW|PC|3|1|S|1|N|0|0|0|0|0|0|3|3|0|0|1K|0|B|537U|5386|1TW
2PW|PC|3|1|S|I|N|0|0|0|0|0|0|3|3|0|0|1K|0|B|5386|538O|1TW
2PX|PC|3|1|S|L|N|0|0|0|0|0|0|3|3|0|0|1K|0|B|538Q|53CO|1TX
2PX|PC|3|1|S|3|N|0|0|0|0|0|0|3|3|0|0|1K|0|B|53CO|53E3|1TX
2PY|PC|3|1|S|1X|N|0|0|0|0|0|0|3|3|0|2O|1M|E|B|53E5|53FK|1TY
2PY|PC|3|1|S|1F|N|0|0|0|0|2|0|3|3|0|0|1K|0|B|53FK|53H5|1TY
2PZ|PC|3|1|S|1|N|0|0|0|0|0|0|3|3|1|0|1K|0|B|53H7|53IM|1TZ
2Q0|PC|3|1|S|8|N|0|0|0|0|0|0|3|3|0|0|1K|0|B|53IO|53MQ|1U0
2Q2|PC|3|1|S|3|N|0|8|0|0|0|0|3|3|0|0|1K|0|B|53MU|53NV|1U1
2Q3|PC|3|1|S|1|N|0|0|0|0|0|0|3|3|1|F|C|F|B|53NX|53P6|1U2
2Q3|PC|3|1|S|1|N|0|0|0|0|0|0|3|3|0|0|1K|0|B|53P6|53PX|1U2
2Q3|PC|3|1|S|3|N|0|0|0|0|0|0|3|3|0|0|1K|0|B|53PX|53QF|1U2
2Q3|PC|3|1|S|3|N|0|0|0|0|0|0|3|3|0|13|Q|E|B|53QF|53RL|1U2
2Q3|PC|3|1|S|2R|N|0|0|0|0|0|0|3|3|0|0|1K|0|B|53RL|53UV|1U2
2Q4|PC|3|1|S|24|N|0|0|0|0|0|0|3|3|0|0|1K|0|B|53UX|53VX|1U3
2Q4|PC|3|1|S|1|N|0|0|0|0|0|0|3|3|0|0|1K|0|B|53VX|53WT|1U3
2Q4|PC|3|1|S|2|N|0|0|0|0|0|0|3|3|0|0|1K|0|B|53WT|53YE|1U3
2Q5|PC|3|1|S|3|N|0|0|0|0|0|0|3|3|0|0|1K|0|B|53YG|5406|1U4
2Q5|PC|3|1|S|I|N|0|0|0|0|0|0|3|3|0|V|G|E|B|5406|5410|1U4
2Q5|PC|3|1|S|K|N|0|0|0|2|0|0|3|3|0|0|1K|0|B|5410|542C|1U4
2Q5|PC|3|1|S|1|N|0|0|0|1|0|0|3|3|0|0|1K|0|B|542C|544C|1U4
2Q6|PC|3|1|S|4|N|0|0|0|0|0|0|3|3|0|0|1K|0|B|544E|545G|1U5
2Q6|PC|3|1|S|3I|N|0|0|0|0|0|0|3|3|0|M|H|E|B|545G|547D|1U5
2Q7|PC|3|1|D|1|U|1|0|0|0|0|0|3|3|0|0|1K|6|D|547F|549L|1U6
2Q9|PC|3|1|S|3|N|0|9|0|0|0|0|3|3|0|0|1K|0|B|549P|54AQ|1U7
2QA|PC|3|1|S|1|N|0|0|0|0|0|0|3|3|0|0|1K|0|B|54AS|54BY|1U8
2QA|PC|3|1|S|14|N|0|0|0|0|0|0|3|3|1|0|1K|0|B|54BY|54D7|1U8
2QA|PC|3|1|S|1|N|0|0|0|0|0|0|3|3|1|F|C|E|B|54D7|54G4|1U8
2QA|PC|3|1|S|H|N|0|0|0|0|0|0|3|3|0|0|1K|0|B|54G4|54IF|1U8
2QB|PC|3|1|S|7|N|0|0|0|0|0|0|3|3|0|1O|C|E|B|54IH|54JQ|1U9
2QB|PC|3|1|S|3|N|0|0|0|0|0|0|3|3|0|0|1K|0|B|54JQ|54KJ|1U9
2QC|PC|3|1|S|1D|N|0|0|0|0|0|0|3|3|0|0|1K|0|B|54KL|54M9|1UA
2QC|PC|3|1|D|3|Y|1|0|0|0|0|0|3|3|0|0|1K|6|D|54M9|54NO|1UA
2QD|PC|3|1|S|6|N|0|0|0|0|0|0|3|3|0|M|H|E|B|54NQ|54R2|1UB
2QE|PC|3|1|D|1|U|1|0|0|0|0|0|3|3|0|0|1K|6|D|54R4|54SW|1UC
2QE|PC|3|1|D|1|U|1|0|0|0|0|0|3|3|0|0|1K|6|D|54SW|54UD|1UC
2QF|PC|3|1|S|A|N|0|0|0|0|0|0|3|3|0|0|1K|0|B|54UF|54WN|1UD
2QH|PC|3|1|S|3|N|0|7|0|0|0|0|3|3|0|0|1K|0|B|54WR|54XS|1UE
2QI|PC|3|1|S|1|N|0|0|0|0|0|0|3|3|0|0|1K|0|B|54XU|54Z3|1UF
2QJ|PC|3|1|S|1|N|0|0|0|0|0|0|3|3|0|0|1K|0|B|54Z5|54ZW|1UG
2QJ|PC|3|1|S|3|N|0|0|0|0|0|0|3|3|0|0|1K|0|B|54ZW|5515|1UG
2QJ|PC|3|1|S|4O|N|0|0|0|0|0|0|3|3|0|1O|C|E|B|5515|552Z|1UG
2QK|PC|3|1|S|4|N|0|0|0|0|0|0|3|3|0|0|1K|0|B|5531|554T|1UH
2QK|PC|3|1|S|1|N|0|0|0|0|0|0|3|3|0|0|1K|0|B|554T|555Z|1UH
2QL|PC|3|1|S|1|N|0|0|0|0|0|0|3|3|0|F|C|E|B|5561|556V|1UI
2QM|PC|3|1|D|3|U|1|0|0|0|0|0|3|3|0|0|1K|6|D|556X|558S|1UJ
2QM|PC|3|1|D|13|U|1|0|0|0|0|0|3|3|0|0|1K|6|D|558S|55AZ|1UJ
2QN|PC|3|1|S|1X|N|0|0|0|0|0|0|3|3|0|0|1K|0|B|55B1|55DE|1UK
2QP|PD|3|1|H|1|N|0|0|0|0|0|0|3|3|0|0|1K|2|0|55DI|55E0|1UL
2QR|PD|3|1|S|1X|N|0|0|0|0|0|0|3|3|0|0|1K|0|B|55FI|55I6|1UM
2QR|PD|3|1|S|1|N|0|0|0|0|0|0|3|3|0|M|H|E|B|55I6|55JQ|1UM
2QR|PD|3|1|S|4H|N|0|0|0|0|0|0|3|3|0|0|1K|0|B|55JQ|55M1|1UM
2QS|PD|3|1|S|1|N|0|0|0|0|0|0|3|3|0|0|1K|0|B|55M3|55NJ|1UN
2QS|PD|3|1|S|K|N|0|0|0|0|0|0|3|3|1|0|1K|0|B|55NJ|55OJ|1UN
2QS|PD|3|1|S|1|N|0|0|0|0|0|0|3|3|1|0|1K|0|B|55OJ|55Q1|1UN
2QT|PD|3|1|S|4|N|0|0|0|0|0|0|3|3|1|0|1K|0|B|55Q3|55S6|1UO
2QT|PD|3|1|S|D|N|0|0|0|0|0|0|3|3|1|0|1K|0|B|55S6|55UL|1UO
2QU|PD|3|1|D|1Q|C|0|0|0|0|0|0|3|3|1|0|1K|6|D|55UN|55YR|1UP
2QU|PD|3|1|S|H|N|0|0|0|0|0|0|3|3|1|0|1K|0|B|55YR|560A|1UP
2QX|PE|3|2|S|1|N|0|0|0|0|0|0|3|3|0|0|1K|0|B|561E|561V|1UQ
2R0|PF|3|2|H|1|N|0|0|0|0|0|0|3|3|0|0|1K|2|0|562Z|563H|1UR
2R2|PF|3|2|S|1|N|0|0|0|0|0|0|3|3|0|0|1K|0|B|564Z|565N|1US
2R2|PF|3|2|S|4|N|0|0|0|0|0|0|3|3|0|0|1K|0|B|565N|566W|1US
2R2|PF|3|2|S|3|N|0|0|0|0|0|0|3|3|0|0|1K|0|B|566W|568N|1US
2R2|PF|3|2|S|3I|N|0|0|0|0|0|0|3|3|1|0|1K|0|B|568N|56AB|1US
2R2|PF|3|2|S|1|N|0|0|0|0|0|0|3|3|1|0|1K|0|B|56AB|56BB|1US
2R3|PF|3|2|S|3|N|0|0|0|0|0|0|3|3|0|0|1K|0|B|56BD|56CD|1UT
2R4|PF|3|2|S|1|N|0|0|0|0|0|0|3|3|0|0|1K|0|B|56CF|56DC|1UU
2R4|PF|3|2|S|7|N|0|0|0|0|0|0|3|3|0|0|1K|0|B|56DC|56E0|1UU
2R5|PF|3|2|S|1|N|0|0|0|0|0|0|3|3|0|0|1K|0|B|56E2|56F8|1UV
2R5|PF|3|2|S|4P|N|0|0|0|0|0|0|3|3|0|0|1K|0|B|56F8|56HB|1UV
2R6|PF|3|2|S|G|N|0|0|0|1|0|0|3|3|1|0|1K|0|B|56HD|56K7|1UW
2R8|PG|3|2|H|1|N|0|0|0|0|0|0|3|3|0|0|1K|2|0|56KB|56L8|1UX
2RA|PG|3|2|S|1|N|0|1|0|0|0|0|3|3|0|0|1K|0|B|56MQ|56NF|1UY
2RB|PG|3|2|S|C|N|6|0|0|0|0|0|3|3|0|0|1K|0|B|56NH|56P2|1UZ
2RB|PG|3|2|S|L|N|0|0|0|1|0|0|3|3|0|0|1K|0|B|56P2|56RW|1UZ
2RB|PG|3|2|S|6|N|0|0|0|1|0|0|3|3|0|2K|A|E|B|56RW|56TE|1UZ
2RC|PG|3|2|S|13|N|0|0|0|1|0|0|3|3|0|0|1K|0|B|56TG|56W8|1V0
2RC|PG|3|2|S|2|N|0|0|0|0|0|0|3|3|0|H|6|E|B|56W8|56WT|1V0
2RC|PG|3|2|S|4Q|N|0|0|0|1|0|0|3|3|0|H|6|E|B|56WT|56Z2|1V0
2RD|PG|3|2|S|3|N|0|0|0|2|0|0|3|3|0|0|1K|0|B|56Z4|570G|1V1
2RD|PG|3|2|S|3|N|0|0|0|1|0|0|3|3|0|0|1K|0|B|570G|571J|1V1
2RE|PG|3|2|S|4|N|0|0|0|0|0|0|3|3|0|0|1K|0|B|571L|572O|1V2
2RE|PG|3|2|S|3|N|0|0|0|0|0|0|3|3|0|0|1K|0|B|572O|5749|1V2
2RF|PG|3|2|S|D|N|0|0|0|0|0|0|3|3|0|0|1K|0|B|574B|575Y|1V3
2RF|PG|3|2|S|3|N|0|0|0|0|0|0|3|3|0|0|1K|0|B|575Y|576P|1V3
2RF|PG|3|2|S|3|N|0|0|0|0|0|0|3|3|0|2K|A|E|B|576P|577D|1V3
2RF|PG|3|2|S|3|N|0|0|0|0|0|0|3|3|0|0|1K|0|B|577D|578M|1V3
2RF|PG|3|2|S|33|N|0|0|0|1|0|0|3|3|0|0|1K|0|B|578M|57A4|1V3
2RH|PG|3|2|S|1|N|0|3|0|0|0|0|3|3|0|0|1K|0|B|57A8|57AX|1V4
2RI|PG|3|2|S|8|N|6|0|0|0|0|0|3|3|0|0|1K|0|B|57AZ|57C8|1V5
2RI|PG|3|2|S|P|N|0|0|0|0|0|0|3|3|0|2P|1N|E|B|57C8|57EW|1V5
2RJ|PG|3|2|S|1|N|0|6|0|0|0|0|3|3|0|0|1K|0|B|57EY|57FY|1V6
2RJ|PG|3|2|S|1|N|0|3|0|0|0|0|3|3|0|0|1K|0|B|57FY|57GV|1V6
2RJ|PG|3|2|S|1|N|0|0|0|0|0|0|3|3|0|0|1K|0|B|57GV|57HD|1V6
2RK|PG|3|2|S|E|N|0|0|0|0|6|0|3|3|0|0|1K|0|B|57HF|57KI|1V7
2RL|PG|3|2|S|1D|N|0|0|0|0|0|0|3|3|0|0|1K|0|B|57KK|57MK|1V8
2RL|PG|3|2|S|24|N|0|2|0|0|0|0|3|3|1|0|1K|0|B|57MK|57OT|1V8
2RM|PG|3|2|S|7|N|0|0|0|0|0|0|3|3|0|0|1K|0|B|57OV|57QJ|1V9
2RM|PG|3|2|S|13|N|0|0|0|0|0|0|3|3|0|0|1K|0|B|57QJ|57SD|1V9
2RN|PG|3|2|S|4|N|0|0|0|1|0|0|3|3|0|0|1K|0|B|57SF|57TU|1VA
2RN|PG|3|2|S|1|N|0|0|0|0|0|0|3|3|0|0|1K|0|B|57TU|57VT|1VA
2RP|PG|3|2|S|3|N|0|A|0|0|0|0|3|3|0|0|1K|0|B|57VX|57WY|1VB
2RQ|PG|3|2|S|D|N|0|0|0|1|17|0|3|3|0|0|1K|0|B|57X0|57YR|1VC
2RQ|PG|3|2|S|3|N|0|0|0|7|0|0|3|3|0|0|1K|0|B|57YR|57ZX|1VC
2RQ|PG|3|2|S|1|N|0|0|0|0|0|0|3|3|0|0|1K|0|B|57ZX|580U|1VC
2RR|PG|3|2|S|1L|N|0|0|0|0|0|0|3|3|1|0|1K|0|B|580W|581H|1VD
2RR|PG|3|2|S|3|N|0|0|0|0|0|0|3|3|1|0|1K|0|B|581H|5837|1VD
2RR|PG|3|2|S|1|N|0|0|0|0|0|0|3|3|1|0|1K|0|B|5837|584G|1VD
2RS|PG|3|2|S|D|N|0|0|0|0|0|0|3|3|0|0|1K|0|B|584I|586O|1VE
2RT|PG|3|2|S|L|N|0|0|0|1|X|0|3|3|0|0|1K|0|B|586Q|58AK|1VF
2RU|PG|3|2|S|1|N|0|0|0|0|0|0|3|3|0|0|1K|0|B|58AM|58CD|1VG
2RW|PG|3|2|S|3|N|0|8|0|0|0|0|3|3|0|0|1K|0|B|58CH|58DI|1VH
2RX|PG|3|2|S|1|N|0|0|0|0|0|0|3|3|0|0|1K|0|B|58DK|58E2|1VI
2RX|PG|3|2|S|7|N|0|0|0|0|0|0|3|3|0|0|1K|0|B|58E2|58FQ|1VI
2RX|PG|3|2|S|L|N|0|0|0|0|0|0|3|3|0|13|Q|E|B|58FQ|58GN|1VI
2RY|PG|3|2|S|1X|N|0|0|0|0|0|0|3|3|0|0|1K|0|B|58GP|58HV|1VJ
2RY|PG|3|2|S|33|N|0|0|0|0|0|0|3|3|0|0|1K|0|B|58HV|58JP|1VJ
2RY|PG|3|2|D|1|U|1|0|0|0|0|0|3|3|0|0|1K|6|D|58JP|58KV|1VJ
2RZ|PG|3|2|S|A|N|0|0|0|0|0|0|3|3|0|0|1K|0|B|58KX|58MO|1VK
2RZ|PG|3|2|S|4C|N|0|0|0|0|0|0|3|3|0|0|1K|0|B|58MO|58NC|1VK
2RZ|PG|3|2|S|3|N|0|0|0|1|0|0|3|3|0|0|1K|0|B|58NC|58OR|1VK
2RZ|PG|3|2|S|D|N|0|0|0|1|0|0|3|3|0|0|1K|0|B|58OR|58Q3|1VK
2RZ|PG|3|2|S|3|N|0|0|0|0|0|0|3|3|0|2Q|6|E|B|58Q3|58QO|1VK
2S0|PG|3|2|S|8|N|0|0|0|0|0|0|3|3|1|0|1K|0|B|58QQ|58RM|1VL
2S0|PG|3|2|S|I|N|0|0|0|0|0|0|3|3|0|0|1K|0|B|58RM|58TR|1VL
2S0|PG|3|2|S|L|N|0|0|0|0|6|0|3|3|0|0|1K|0|B|58TR|58VC|1VL
2S1|PG|3|2|S|1|N|0|0|0|0|0|0|3|3|0|0|1K|0|B|58VE|58WD|1VM
2S1|PG|3|2|S|1|N|0|0|0|3|0|0|3|3|0|0|1K|0|B|58WD|58X4|1VM
2S1|PG|3|2|S|1|N|0|0|0|0|0|0|3|3|1|0|1K|0|B|58X4|58Z1|1VM
2S3|PG|3|2|S|3|N|0|9|0|0|0|0|3|3|0|0|1K|0|B|58Z5|5906|1VN
2S4|PG|3|2|S|7|N|0|0|0|0|0|0|3|3|0|0|1K|0|B|5908|591H|1VO
2S4|PG|3|2|S|4R|N|0|0|0|0|0|0|3|3|0|0|1K|8|B|591H|592H|1VO
2S4|PG|3|2|S|I|N|0|0|0|0|0|0|3|3|0|0|1K|0|B|592H|592Z|1VO
2S4|PG|3|2|S|1|N|0|0|0|0|0|0|3|3|1|0|1K|0|B|592Z|593T|1VO
2S5|PG|3|2|S|7|N|0|0|0|0|0|0|3|3|0|F|C|E|B|593V|595D|1VP
2S6|PG|3|2|S|3|N|0|0|0|0|0|0|3|3|0|2O|1M|E|B|595F|597U|1VQ
2S6|PG|3|2|S|1X|N|0|0|0|0|0|0|3|3|0|0|1K|0|B|597U|5999|1VQ
2S7|PG|3|2|D|3|L|1|3|0|0|0|0|3|3|0|0|1K|6|D|599B|59BE|1VR
2S7|PG|3|2|D|3|L|1|6|0|0|0|0|3|3|0|0|1K|6|D|59BE|59CT|1VR
2S7|PG|3|2|S|3|N|0|0|0|0|21|0|3|3|0|0|1K|0|B|59CT|59FE|1VR
2S8|PG|3|2|S|1|N|0|0|0|0|0|0|3|3|0|0|1K|0|B|59FG|59G9|1VS
2S8|PG|3|2|S|L|N|0|0|0|0|0|0|3|3|0|0|1K|0|B|59G9|59HX|1VS
2S8|PG|3|2|S|3|N|0|0|0|1|0|0|3|3|0|0|1K|0|B|59HX|59J0|1VS
2S8|PG|3|2|S|3|N|0|0|0|0|0|0|3|3|0|0|1K|0|B|59J0|59KC|1VS
2SA|PG|3|2|S|1|N|0|7|0|0|0|0|3|3|0|0|1K|0|B|59KG|59L5|1VT
2SB|PG|3|2|S|1|N|0|0|0|0|0|0|3|3|0|0|1K|0|B|59L7|59M7|1VU
2SB|PG|3|2|S|3|N|0|0|0|0|0|0|3|3|1|0|1K|0|B|59M7|59MV|1VU
2SC|PG|3|2|S|1|N|0|7|0|0|0|0|3|3|1|0|1K|0|B|59MX|59NR|1VV
2SC|PG|3|2|S|1|N|0|5|0|0|0|0|3|3|0|0|1K|0|B|59NR|59OI|1VV
2SC|PG|3|2|S|1|N|0|0|0|0|0|0|3|3|0|0|1K|0|B|59OI|59PI|1VV
2SD|PG|3|2|S|X|N|0|0|0|0|0|0|3|3|0|0|1K|0|B|59PK|59RE|1VW
2SD|PG|3|2|S|F|N|0|0|0|0|0|0|3|3|0|0|1K|0|B|59RE|59SW|1VW
2SE|PG|3|2|S|3|N|0|0|0|0|0|0|3|3|0|0|1K|0|B|59SY|59V1|1VX
2SF|PG|3|2|S|X|N|0|0|0|3|0|0|3|3|0|0|1K|0|B|59V3|59X3|1VY
2SF|PG|3|2|S|3|N|0|0|0|1|0|0|3|3|1|0|1K|0|B|59X3|59YO|1VY
2SG|PG|3|2|D|1|U|1|0|0|0|0|0|3|3|0|0|1K|6|D|59YQ|5A0X|1VZ
2SJ|PH|3|3|S|1|N|0|0|0|0|0|0|3|3|0|0|1K|0|B|5A21|5A2I|1W0
2SM|PI|3|3|H|1|N|0|0|0|0|0|0|3|3|0|0|1K|2|0|5A3M|5A44|1W1
2SO|PI|3|3|S|8|N|0|0|0|0|0|0|3|3|0|0|1K|0|B|5A5M|5A77|1W2
2SP|PI|3|3|S|1|N|0|0|0|0|0|0|3|3|0|0|1K|0|B|5A79|5A7R|1W3
2SP|PI|3|3|S|I|N|0|0|2|0|0|0|3|3|0|0|1K|0|B|5A7R|5A8L|1W3
2SQ|PI|3|3|S|1|N|0|0|0|1|0|0|3|3|0|0|1K|8|B|5A8N|5A9T|1W4
2SQ|PI|3|3|S|7|N|0|0|0|0|0|0|3|3|0|0|1K|0|B|5A9T|5AA5|1W4
2SR|PI|3|3|S|3|N|0|0|0|0|0|0|3|3|0|0|1K|0|B|5AA7|5AB1|1W5
2SR|PI|3|3|S|3|N|0|0|0|0|0|0|3|3|0|0|1K|0|B|5AB1|5ABS|1W5
2SS|PI|3|3|S|16|N|0|0|0|1|0|0|3|3|0|V|G|E|B|5ABU|5AEO|1W6
2ST|PI|3|3|S|X|N|0|0|0|0|0|0|3|3|0|0|1K|0|B|5AEQ|5AGT|1W7
2SU|PI|3|3|S|2|N|0|0|2|1|0|0|3|3|1|0|1K|0|B|5AGV|5AJD|1W8
2SV|PI|3|3|D|L|L|2|0|2|1|0|0|3|3|1|0|1K|6|D|5AJF|5AN6|1W9
2SW|PI|3|3|S|4|N|0|0|0|0|0|0|3|3|5|0|1K|0|B|5AN8|5AOK|1WA
2SW|PI|3|3|S|10|N|0|0|0|0|0|0|3|3|1|0|1K|0|B|5AOK|5AQ2|1WA
2SY|PJ|3|3|H|1|N|0|0|0|0|0|0|3|3|0|0|1K|2|0|5AQ6|5AQR|1WB
2T0|PJ|3|3|S|1|N|0|1|0|0|0|0|3|3|0|0|1K|0|B|5AS9|5ASY|1WC
2T1|PJ|3|3|S|1|N|0|0|0|0|0|0|3|3|0|F|C|E|B|5AT0|5AUC|1WD
2T1|PJ|3|3|S|1|N|0|0|0|0|0|0|3|3|0|0|1K|0|B|5AUC|5AV3|1WD
2T1|PJ|3|3|S|1|N|0|0|0|0|0|0|3|3|0|0|1K|0|B|5AV3|5AW0|1WD
2T1|PJ|3|3|S|3|N|0|0|0|0|0|0|3|3|0|13|Q|E|B|5AW0|5AXO|1WD
2T2|PJ|3|3|S|D|N|0|2|0|0|0|0|3|3|0|0|1K|0|B|5AXQ|5AZE|1WE
2T2|PJ|3|3|S|P|N|0|0|0|0|0|0|3|3|0|F|C|E|B|5AZE|5B1B|1WE
2T2|PJ|3|3|S|1|N|0|0|0|1|0|0|3|3|1|1Q|12|E|B|5B1B|5B3W|1WE
2T2|PJ|3|3|S|14|N|0|A|0|2|0|0|3|3|0|F|C|E|B|5B3W|5B6B|1WE
2T2|PJ|3|3|D|7|L|1|2|0|1|0|0|3|3|1|0|1K|6|D|5B6B|5BA2|1WE
2T2|PJ|3|3|S|C|N|0|0|0|0|0|0|3|3|3|0|1K|0|B|5BA2|5BAK|1WE
2T2|PJ|3|3|S|2|N|0|0|0|1|0|0|3|3|1|0|1K|0|B|5BAK|5BCH|1WE
2T2|PJ|3|3|S|C|N|0|0|0|0|0|0|3|3|3|0|1K|0|B|5BCH|5BCZ|1WE
2T2|PJ|3|3|S|1F|N|0|0|0|0|0|0|3|3|1|6|2|E|B|5BCZ|5BEV|1WE
2T2|PJ|3|3|S|C|N|0|0|0|0|0|0|3|3|3|0|1K|0|B|5BEV|5BFD|1WE
2T2|PJ|3|3|S|8|N|0|0|0|0|0|0|3|3|1|0|1K|0|B|5BFD|5BGJ|1WE
2T2|PJ|3|3|S|8|N|0|0|0|0|0|0|3|3|0|0|1K|0|B|5BGJ|5BHO|1WE
2T2|PJ|3|3|S|B|N|0|0|0|0|0|0|3|3|0|0|1K|0|B|5BHO|5BIR|1WE
2T3|PJ|3|3|S|1|N|0|1|0|0|0|0|3|3|0|0|1K|0|B|5BIT|5BK2|1WF
2T3|PJ|3|3|S|3|N|0|0|0|0|0|0|3|3|0|0|1K|0|B|5BK2|5BLQ|1WF
2T3|PJ|3|3|S|3|N|0|0|0|0|0|0|3|3|0|F|C|E|B|5BLQ|5BMT|1WF
2T3|PJ|3|3|S|1D|N|0|0|0|1|0|0|3|3|1|0|1K|0|B|5BMT|5BOQ|1WF
2T3|PJ|3|3|S|K|N|0|H|0|2|L|0|3|3|0|0|1K|0|B|5BOQ|5BRK|1WF
2T3|PJ|3|3|D|8|L|1|1|0|1|0|0|3|3|1|0|1K|6|D|5BRK|5BUW|1WF
2T3|PJ|3|3|S|2|N|0|0|0|1|0|0|3|3|1|0|1K|0|B|5BUW|5BX2|1WF
2T3|PJ|3|3|S|1|N|0|0|0|0|0|0|3|3|1|0|1K|0|B|5BX2|5BYN|1WF
2T3|PJ|3|3|S|1|N|0|0|0|0|0|0|3|3|1|0|1K|0|B|5BYN|5C1E|1WF
2T3|PJ|3|3|S|D|N|0|0|0|0|0|0|3|3|0|0|1K|0|B|5C1E|5C3J|1WF
2T5|PJ|3|3|S|3|N|0|3|0|0|0|0|3|3|0|0|1K|0|B|5C3N|5C4O|1WG
2T6|PJ|3|3|S|2T|N|0|3|0|1|0|0|3|3|0|0|1K|0|B|5C4Q|5C7E|1WH
2T6|PJ|3|3|S|1|N|0|0|0|0|0|0|3|3|0|0|1K|0|B|5C7E|5C7T|1WH
2T6|PJ|3|3|S|1U|N|0|0|0|0|0|0|3|3|1|2B|1A|F|B|5C7T|5C8Z|1WH
2T7|PJ|3|3|S|D|N|0|6|0|0|0|0|3|3|5|0|1K|0|B|5C91|5CBF|1WI
2T7|PJ|3|3|S|D|N|0|0|0|0|0|0|3|3|3|4|2|E|B|5CBF|5CDU|1WI
2T7|PJ|3|3|S|D|N|0|0|0|0|0|0|3|3|5|0|1K|0|B|5CDU|5CFI|1WI
2T7|PJ|3|3|S|3|N|0|0|0|0|0|0|3|3|0|0|1K|0|B|5CFI|5CGU|1WI
2T7|PJ|3|3|S|L|N|0|0|0|0|0|0|3|3|0|0|1K|0|B|5CGU|5CIR|1WI
2T7|PJ|3|3|S|3|N|0|0|0|1|0|0|3|3|1|0|1K|0|B|5CIR|5CKZ|1WI
2T7|PJ|3|3|S|L|N|0|0|0|0|0|0|3|3|0|4|2|D|B|5CKZ|5CM2|1WI
2T7|PJ|3|3|S|L|N|0|0|0|2|0|0|3|3|0|0|1K|0|B|5CM2|5CO2|1WI
2T7|PJ|3|3|S|3|N|0|0|0|1|0|0|3|3|1|0|1K|U|B|5CO2|5CR1|1WI
2T7|PJ|3|3|S|1|N|0|0|0|1|0|0|3|3|0|0|1K|8|B|5CR1|5CSS|1WI
2T8|PJ|3|3|S|3|N|0|J|0|0|0|0|3|3|0|0|1K|0|B|5CSU|5CUT|1WJ
2T8|PJ|3|3|S|48|N|0|6|0|0|0|0|3|3|1|0|1K|0|B|5CUT|5CVN|1WJ
2T8|PJ|3|3|S|C|N|0|3|0|0|0|0|3|3|1|0|1K|0|B|5CVN|5CWE|1WJ
2T9|PJ|3|3|D|1|U|1|3|0|0|0|0|3|3|0|0|1K|6|D|5CWG|5CYZ|1WK
2TB|PJ|3|3|S|3|N|0|A|0|0|0|0|3|3|0|0|1K|0|B|5CZ3|5D04|1WL
2TC|PJ|3|3|S|18|N|0|0|0|1|1U|0|3|3|0|0|1K|0|B|5D06|5D26|1WM
2TD|PJ|3|3|S|L|N|0|H|0|B|0|0|3|3|0|0|1K|0|B|5D28|5D5D|1WN
2TD|PJ|3|3|S|3|N|0|A|0|1|0|0|3|3|0|0|1K|0|B|5D5D|5D6D|1WN
2TE|PJ|3|3|S|3|N|0|0|0|0|0|0|3|3|0|0|1K|0|B|5D6F|5D9O|1WO
2TE|PJ|3|3|S|1|N|0|E|0|0|0|0|3|3|0|0|1K|0|B|5D9O|5DAC|1WO
2TE|PJ|3|3|S|3|N|0|0|0|0|0|0|3|3|1|I|E|E|B|5DAC|5DCH|1WO
2TE|PJ|3|3|S|7|N|0|0|0|0|0|0|3|3|1|0|1K|7|B|5DCH|5DEE|1WO
2TE|PJ|3|3|S|6|N|0|0|0|0|0|0|3|3|0|0|1K|0|B|5DEE|5DFN|1WO
2TE|PJ|3|3|S|1|N|0|0|0|0|0|0|3|3|0|V|G|E|B|5DFN|5DGT|1WO
2TE|PJ|3|3|S|3|N|0|0|0|0|0|0|3|3|1|0|1K|0|B|5DGT|5DHW|1WO
2TE|PJ|3|3|S|1|N|0|0|0|0|0|0|3|3|1|0|1K|0|B|5DHW|5DJE|1WO
2TG|PJ|3|3|S|3|N|0|8|0|0|0|0|3|3|0|0|1K|0|B|5DJI|5DKJ|1WP
2TH|PJ|3|3|S|1|N|0|0|0|0|0|0|3|3|0|0|1K|0|B|5DKL|5DL3|1WQ
2TH|PJ|3|3|S|7|N|0|0|0|0|0|0|3|3|0|0|1K|0|B|5DL3|5DLO|1WQ
2TH|PJ|3|3|S|1|N|0|0|0|0|0|0|3|3|0|0|1K|0|B|5DLO|5DMI|1WQ
2TH|PJ|3|3|S|8|N|0|0|0|0|0|0|3|3|1|0|1K|0|B|5DMI|5DN9|1WQ
2TI|PJ|3|3|S|1L|N|0|C|0|0|0|0|3|3|0|0|1K|0|B|5DNB|5DNZ|1WR
2TI|PJ|3|3|S|3|N|0|0|0|0|0|0|3|3|0|0|1K|0|B|5DNZ|5DOZ|1WR
2TI|PJ|3|3|S|7|N|0|0|0|0|0|0|3|3|1|0|1K|0|B|5DOZ|5DPQ|1WR
2TI|PJ|3|3|S|3|N|0|0|0|0|0|0|3|3|0|0|1K|0|B|5DPQ|5DQH|1WR
2TI|PJ|3|3|S|L|N|0|0|0|0|0|0|3|3|0|V|G|E|B|5DQH|5DSQ|1WR
2TI|PJ|3|3|S|1|N|0|0|0|0|0|0|3|3|0|F|C|E|B|5DSQ|5DTE|1WR
2TI|PJ|3|3|S|13|N|0|0|0|0|0|0|3|3|0|0|1K|0|B|5DTE|5DV8|1WR
2TI|PJ|3|3|S|3|N|0|0|0|0|0|0|3|3|0|0|1K|0|B|5DV8|5DWH|1WR
2TI|PJ|3|3|S|4S|N|0|0|0|0|0|0|3|3|0|0|1K|0|B|5DWH|5DZZ|1WR
2TJ|PJ|3|3|D|1|Y|1|0|0|0|0|0|3|3|0|0|1K|6|D|5E01|5E22|1WS
2TL|PJ|3|3|S|1|N|0|9|0|0|0|0|3|3|0|0|1K|0|B|5E26|5E2V|1WT
2TM|PJ|3|3|S|3|N|0|0|0|0|0|0|3|3|0|0|1K|0|B|5E2X|5E3L|1WU
2TM|PJ|3|3|S|3|N|0|0|0|0|0|0|3|3|0|F|C|E|B|5E3L|5E4X|1WU
2TN|PJ|3|3|S|C|N|0|0|0|1|0|0|3|3|0|V|G|E|B|5E4Z|5E65|1WV
2TN|PJ|3|3|S|1D|N|0|F|0|2|0|0|3|3|1|0|1K|0|B|5E65|5E9Q|1WV
2TN|PJ|3|3|D|1|L|1|0|0|0|0|0|3|3|0|0|1K|6|D|5E9Q|5EBJ|1WV
2TN|PJ|3|3|S|2R|N|0|9|0|0|0|0|3|3|1|6|2|E|B|5EBJ|5EDP|1WV
2TN|PJ|3|3|S|16|N|0|0|0|0|22|0|3|3|0|0|1K|0|B|5EDP|5EEM|1WV
2TN|PJ|3|3|S|32|N|0|0|0|0|23|0|3|3|0|0|1K|0|B|5EEM|5EGJ|1WV
2TN|PJ|3|3|S|3G|N|0|I|0|0|0|0|3|3|0|H|6|E|B|5EGJ|5EHG|1WV
2TO|PJ|3|3|D|1|U|1|0|0|0|0|0|3|3|0|0|1K|6|D|5EHI|5EJE|1WW
2TQ|PJ|3|3|S|1|N|0|7|0|0|0|0|3|3|0|0|1K|0|B|5EJI|5EK7|1WX
2TR|PJ|3|3|S|1L|N|0|G|0|0|0|0|3|3|0|0|1K|0|B|5EK9|5EKU|1WY
2TR|PJ|3|3|S|1|N|0|5|0|0|0|0|3|3|0|0|1K|0|B|5EKU|5EM0|1WY
2TR|PJ|3|3|S|1|N|0|0|0|0|0|0|3|3|0|2K|A|E|B|5EM0|5ENF|1WY
2TR|PJ|3|3|S|1|N|0|0|0|0|0|0|3|3|1|0|1K|0|B|5ENF|5EO0|1WY
2TS|PJ|3|3|S|3|N|0|0|0|0|0|0|3|3|0|0|1K|0|B|5EO2|5EP5|1WZ
2TS|PJ|3|3|S|3|N|0|0|0|0|0|0|3|3|1|0|1K|0|B|5EP5|5ERG|1WZ
2TS|PJ|3|3|S|7|N|0|0|0|0|F|0|3|3|0|0|1K|7|B|5ERG|5ETY|1WZ
2TS|PJ|3|3|S|C|N|0|0|0|1|0|0|3|3|0|0|1K|0|B|5ETY|5EWJ|1WZ
2TS|PJ|3|3|S|3|N|0|0|0|0|0|0|3|3|0|0|1K|0|B|5EWJ|5EY0|1WZ
2TS|PJ|3|3|S|J|N|0|0|0|0|0|0|3|3|0|0|1K|0|B|5EY0|5EZN|1WZ
2TT|PJ|3|3|D|32|L|1|5|0|1|0|0|3|3|1|0|1K|6|D|5EZP|5F2O|1X0
2TU|PJ|3|3|S|4|N|0|7|0|1|0|0|3|3|1|0|1K|0|B|5F2Q|5F42|1X1
2TU|PJ|3|3|D|I|L|1|0|0|0|0|0|3|3|0|0|1K|6|D|5F42|5F5S|1X1
2TU|PJ|3|3|D|1|L|1|0|0|0|0|0|3|3|1|0|1K|6|D|5F5S|5F7S|1X1
2TX|PK|3|4|S|1|N|0|0|0|0|0|0|3|3|0|0|1K|0|B|5F8W|5F9D|1X2
2U0|PL|3|4|H|1|N|0|0|0|0|0|0|3|3|0|0|1K|2|0|5FAH|5FAZ|1X3
2U2|PL|3|4|S|1|N|0|0|0|0|0|0|3|3|0|0|1K|7|B|5FCH|5FCT|1X4
2U2|PL|3|4|S|3|N|0|0|0|0|0|0|3|3|0|0|1K|0|B|5FCT|5FDK|1X4
2U2|PL|3|4|S|1|N|0|0|1|0|0|0|3|3|0|F|C|E|B|5FDK|5FE8|1X4
2U3|PL|3|4|S|3|N|0|0|0|5|0|0|3|3|0|0|1K|0|B|5FEA|5FF4|1X5
2U3|PL|3|4|S|3|N|0|0|0|0|0|0|3|3|0|0|1K|0|B|5FF4|5FFV|1X5
2U3|PL|3|4|S|3|N|0|0|0|0|0|0|3|3|0|4|2|E|B|5FFV|5FGP|1X5
2U4|PL|3|4|S|18|N|0|0|0|1|0|0|3|3|0|2K|A|E|B|5FGR|5FI6|1X6
2U5|PL|3|4|S|1|N|0|0|0|0|P|0|3|3|0|0|1K|0|B|5FI8|5FJQ|1X7
2U6|PL|3|4|S|4B|N|0|0|0|0|0|0|3|3|1|2R|1O|F|B|5FJS|5FLJ|1X8
2U6|PL|3|4|S|3|N|0|0|0|1|0|0|3|3|0|0|1K|0|B|5FLJ|5FMV|1X8
2U7|PL|3|4|S|3|N|0|0|0|0|0|0|3|3|0|0|1K|0|B|5FMX|5FNO|1X9
2U7|PL|3|4|S|D|N|0|0|0|1|0|0|3|3|0|0|1K|0|B|5FNO|5FO6|1X9
2U8|PL|3|4|S|1|N|0|0|0|2|0|0|3|3|0|0|1K|0|B|5FO8|5FPB|1XA
2U8|PL|3|4|S|1|N|0|0|0|4|0|0|3|3|0|0|1K|0|B|5FPB|5FQ2|1XA
2U8|PL|3|4|S|3|N|0|0|0|5|0|0|3|3|0|0|1K|0|B|5FQ2|5FRB|1XA
2U9|PL|3|4|S|3|N|0|0|0|1|15|0|3|3|0|0|1K|0|B|5FRD|5FT7|1XB
2U9|PL|3|4|S|D|N|0|0|0|0|0|0|3|3|0|0|1K|7|B|5FT7|5FVC|1XB
2UB|PM|3|4|H|1|N|0|0|0|0|0|0|3|3|0|0|1K|2|0|5FVG|5FW4|1XC
2UD|PM|3|4|S|1|N|0|0|0|0|0|0|3|3|0|0|1K|0|B|5FXM|5FXW|1XD
2UE|PM|3|4|S|1|N|0|0|0|0|0|0|3|3|1|0|1K|0|B|5FXY|5FYV|1XE
2UG|PM|3|4|S|1|N|0|0|0|0|0|0|3|3|0|0|1K|0|B|5FYZ|5FZ9|1XF
2UH|PM|3|4|S|O|N|0|0|0|0|0|0|3|3|0|0|1K|0|B|5FZB|5G0K|1XG
2UH|PM|3|4|S|1|N|0|0|0|0|0|0|3|3|0|0|1K|0|B|5G0K|5G1B|1XG
2UH|PM|3|4|S|1|N|0|0|0|0|0|0|3|3|0|0|1K|0|B|5G1B|5G1Z|1XG
2UJ|PM|3|4|S|1|N|0|0|0|0|0|0|3|3|0|0|1K|0|B|5G23|5G2D|1XH
2UK|PM|3|4|S|1|N|0|0|0|0|0|0|3|3|0|0|1K|0|B|5G2F|5G2O|1XI
2UK|PM|3|4|S|1|N|0|0|0|0|0|0|3|3|0|0|1K|0|B|5G2O|5G3I|1XI
2UK|PM|3|4|S|3|N|0|0|0|0|0|0|3|3|0|0|1K|0|B|5G3I|5G4O|1XI
2UM|PM|3|4|S|1|N|0|0|0|0|0|0|3|3|0|0|1K|0|B|5G4S|5G52|1XJ
2UN|PM|3|4|S|L|N|0|0|0|0|24|0|3|3|0|0|1K|0|B|5G54|5G6P|1XK
2UN|PM|3|4|S|3|N|0|0|0|0|6|0|3|3|0|0|1K|0|B|5G6P|5G7G|1XK
2UN|PM|3|4|S|1|N|0|0|0|0|0|0|3|3|1|0|1K|0|B|5G7G|5G81|1XK
2UN|PM|3|4|S|3|N|0|0|0|0|0|0|3|3|0|0|1K|0|B|5G81|5G9A|1XK
2UP|PM|3|4|S|1|N|0|0|0|0|0|0|3|3|0|0|1K|0|B|5G9E|5G9O|1XL
2UQ|PM|3|4|S|1|N|0|0|0|0|0|0|3|3|0|0|1K|0|B|5G9Q|5G9Z|1XM
2UQ|PM|3|4|S|1|N|0|0|0|0|0|0|3|3|1|0|1K|0|B|5G9Z|5GAQ|1XM
2UQ|PM|3|4|S|32|N|0|0|0|1|0|0|3|3|1|28|N|D|B|5GAQ|5GDE|1XM
2UQ|PM|3|4|S|4R|N|0|0|0|0|0|0|3|3|0|2S|6|F|B|5GDE|5GE2|1XM
2US|PN|3|4|H|1|N|0|0|0|0|0|0|3|3|0|0|1K|2|0|5GE6|5GER|1XN
2UU|PN|3|4|S|1|N|0|1|0|0|0|0|3|3|0|0|1K|0|B|5GG9|5GH4|1XO
2UV|PN|3|4|S|H|N|0|0|0|0|0|0|3|3|0|0|1K|0|B|5GH6|5GI3|1XP
2UV|PN|3|4|S|1|N|0|0|0|2|0|0|3|3|0|0|1K|0|B|5GI3|5GIX|1XP
2UV|PN|3|4|S|3|N|0|0|0|2|0|0|3|3|1|0|1K|0|B|5GIX|5GKR|1XP
2UV|PN|3|4|S|D|N|5|0|0|0|2|0|3|3|0|0|1K|0|B|5GKR|5GMQ|1XP
2UV|PN|3|4|S|3|N|0|0|0|0|0|0|3|3|1|0|1K|7|B|5GMQ|5GO2|1XP
2UW|PN|3|4|S|L|N|0|0|0|1|0|0|3|3|1|0|1K|8|B|5GO4|5GR4|1XQ
2UW|PN|3|4|S|1|N|0|0|0|0|0|0|3|3|1|0|1K|0|B|5GR4|5GRS|1XQ
2UW|PN|3|4|S|2T|N|0|0|0|0|0|0|3|3|0|H|6|E|B|5GRS|5GT1|1XQ
2UX|PN|3|4|S|3|N|0|0|0|0|0|0|3|3|0|0|1K|0|B|5GT3|5GUO|1XR
2UX|PN|3|4|S|X|N|0|0|0|0|0|0|3|3|0|H|6|E|B|5GUO|5GVT|1XR
2UX|PN|3|4|S|1V|N|0|0|0|0|0|0|3|3|1|H|6|E|B|5GVT|5GXZ|1XR
2UY|PN|3|4|D|1|U|1|0|0|0|0|0|3|3|0|0|1K|6|D|5GY1|5H08|1XS
2V0|PN|3|4|S|1|N|0|3|0|0|0|0|3|3|0|0|1K|0|B|5H0C|5H17|1XT
2V1|PN|3|4|S|H|N|0|0|0|0|0|0|3|3|0|0|1K|0|B|5H19|5H2F|1XU
2V1|PN|3|4|S|X|N|0|0|0|0|0|0|3|3|0|0|1K|0|B|5H2F|5H46|1XU
2V2|PN|3|4|S|1|N|0|0|0|0|0|0|3|3|0|0|1K|0|B|5H48|5H68|1XV
2V2|PN|3|4|S|L|N|5|0|0|2|2|0|3|3|1|0|1K|0|B|5H68|5H8H|1XV
2V3|PN|3|4|S|1|N|0|0|0|1|0|0|3|3|0|4|2|E|B|5H8J|5H9D|1XW
2V3|PN|3|4|S|L|N|0|0|0|0|0|0|3|3|0|0|1K|0|B|5H9D|5HAS|1XW
2V3|PN|3|4|S|13|N|0|0|0|0|0|0|3|3|0|H|6|E|B|5HAS|5HCD|1XW
2V4|PN|3|4|S|1|N|0|0|0|0|0|0|3|3|0|0|1K|0|B|5HCF|5HE7|1XX
2V4|PN|3|4|S|3|N|6|0|0|1|0|0|3|3|1|0|1K|H|B|5HE7|5HGR|1XX
2V6|PN|3|4|S|1|N|0|A|0|0|0|0|3|3|0|0|1K|0|B|5HGV|5HHQ|1XY
2V7|PN|3|4|S|A|N|0|0|0|0|0|0|3|3|0|0|1K|0|B|5HHS|5HIY|1XZ
2V7|PN|3|4|S|D|N|0|0|0|0|7|0|3|3|0|0|1K|0|B|5HIY|5HKD|1XZ
2V8|PN|3|4|S|C|N|0|0|0|0|0|0|3|3|1|0|1K|0|B|5HKF|5HNU|1Y0
2V8|PN|3|4|S|D|N|0|0|0|0|0|0|3|3|0|0|1K|0|B|5HNU|5HPC|1Y0
2V8|PN|3|4|S|4A|N|6|0|0|0|0|0|3|3|0|0|1K|0|B|5HPC|5HS6|1Y0
2V9|PN|3|4|S|3Z|N|0|0|0|0|0|0|3|3|0|0|1K|0|B|5HS8|5HUJ|1Y1
2V9|PN|3|4|S|16|N|7|0|0|0|0|0|3|3|0|0|1K|0|B|5HUJ|5HW9|1Y1
2V9|PN|3|4|S|3|N|7|0|0|0|0|0|3|3|0|0|1K|0|B|5HW9|5HY2|1Y1
2VA|PN|3|4|S|1|N|0|0|0|0|0|0|3|3|0|0|1K|0|B|5HY4|5I0A|1Y2
2VC|PN|3|4|S|1|N|0|8|0|0|0|0|3|3|0|0|1K|0|B|5I0E|5I19|1Y3
2VD|PN|3|4|S|1|N|0|0|0|0|0|0|3|3|0|F|C|E|B|5I1B|5I2E|1Y4
2VD|PN|3|4|S|C|N|0|8|0|0|0|0|3|3|0|0|1K|0|B|5I2E|5I2Z|1Y4
2VD|PN|3|4|S|O|N|0|10|5|0|0|0|3|3|0|0|1K|0|B|5I2Z|5I4W|1Y4
2VD|PN|3|4|S|2O|N|0|8|2|0|0|0|3|3|0|0|1K|0|B|5I4W|5I72|1Y4
2VD|PN|3|4|S|5|N|0|0|5|0|0|0|3|3|0|0|1K|0|B|5I72|5I9A|1Y4
2VE|PN|3|4|S|J|N|5|0|0|1|0|0|3|3|0|A|9|E|B|5I9C|5IDO|1Y5
2VE|PN|3|4|S|7|N|0|0|0|0|0|0|3|3|0|0|1K|0|B|5IDO|5IFL|1Y5
2VE|PN|3|4|D|7|L|1|0|0|0|0|0|3|3|0|0|1K|6|D|5IFL|5IGZ|1Y5
2VF|PN|3|4|S|3|N|5|0|0|0|0|0|3|3|0|0|1K|0|B|5IH1|5IJ7|1Y6
2VF|PN|3|4|S|L|N|0|0|0|0|L|0|3|3|0|0|1K|0|B|5IJ7|5IK7|1Y6
2VF|PN|3|4|S|D|N|0|0|0|0|0|0|3|3|0|0|1K|0|B|5IK7|5ILG|1Y6
2VF|PN|3|4|S|L|N|0|0|0|0|M|0|3|3|0|0|1K|0|B|5ILG|5INP|1Y6
2VG|PN|3|4|S|1|N|0|0|0|0|0|0|3|3|0|0|1K|0|B|5INR|5IOC|1Y7
2VG|PN|3|4|S|R|N|0|0|0|0|0|0|3|3|0|0|1K|0|B|5IOC|5IRE|1Y7
2VG|PN|3|4|S|A|N|0|0|0|0|0|0|3|3|0|0|1K|0|B|5IRE|5ITV|1Y7
2VG|PN|3|4|S|3|N|0|0|0|0|0|0|3|3|0|0|1K|0|B|5ITV|5IVM|1Y7
2VG|PN|3|4|S|8|N|0|0|0|0|0|0|3|3|0|2O|1M|E|B|5IVM|5IXP|1Y7
2VH|PN|3|4|S|W|N|0|0|0|0|22|0|3|3|0|H|6|E|B|5IXR|5IYX|1Y8
2VH|PN|3|4|S|L|N|0|0|0|1|0|0|3|3|0|0|1K|0|B|5IYX|5J0H|1Y8
2VH|PN|3|4|S|7|N|0|0|0|1|0|0|3|3|1|0|1K|8|B|5J0H|5J22|1Y8
2VJ|PN|3|4|S|1|N|0|9|0|0|0|0|3|3|0|0|1K|0|B|5J26|5J2V|1Y9
2VK|PN|3|4|S|1|N|0|0|0|0|0|0|3|3|0|F|C|E|B|5J2X|5J39|1YA
2VK|PN|3|4|S|3|N|0|0|0|0|0|0|3|3|0|0|1K|0|B|5J39|5J46|1YA
2VK|PN|3|4|S|3|N|0|0|0|0|0|0|3|3|0|0|1K|0|B|5J46|5J5C|1YA
2VK|PN|3|4|S|3|N|0|0|0|0|0|0|3|3|0|V|G|E|B|5J5C|5J6I|1YA
2VK|PN|3|4|S|1|N|0|0|0|0|0|0|3|3|0|4|2|E|B|5J6I|5J7F|1YA
2VL|PN|3|4|S|1U|N|6|0|0|0|F|0|3|3|0|0|1K|0|B|5J7H|5J9H|1YB
2VL|PN|3|4|S|D|N|0|0|0|0|P|0|3|3|0|0|1K|0|B|5J9H|5JA5|1YB
2VM|PN|3|4|S|1L|N|0|F|0|0|0|0|3|3|0|0|1K|0|B|5JA7|5JBS|1YC
2VN|PN|3|4|S|C|N|0|0|0|0|0|0|3|3|0|0|1K|0|B|5JBU|5JC9|1YD
2VN|PN|3|4|D|2R|L|1|0|0|0|0|0|3|3|0|0|1K|6|D|5JC9|5JEF|1YD
2VO|PN|3|4|D|1|U|1|0|0|0|0|0|3|3|0|0|1K|6|D|5JEH|5JGE|1YE
2VQ|PN|3|4|S|1|N|0|7|0|0|0|0|3|3|0|0|1K|0|B|5JGI|5JHD|1YF
2VR|PN|3|4|S|X|N|0|0|0|0|0|0|3|3|0|2T|1A|F|B|5JHF|5JK3|1YG
2VR|PN|3|4|S|4|N|0|0|0|0|0|0|3|3|0|0|1K|0|B|5JK3|5JLF|1YG
2VS|PN|3|4|S|6|N|0|0|0|0|0|0|3|3|0|0|1K|0|B|5JLH|5JNH|1YH
2VT|PN|3|4|S|L|N|5|0|0|0|0|0|3|3|0|0|1K|0|B|5JNJ|5JPV|1YI
2VT|PN|3|4|S|L|N|0|0|0|0|0|0|3|3|0|0|1K|0|B|5JPV|5JR7|1YI
2VU|PN|3|4|S|3|N|5|0|0|0|0|0|3|3|1|6|2|E|B|5JR9|5JTO|1YJ
2VU|PN|3|4|S|C|N|0|G|0|0|0|0|3|3|0|0|1K|0|B|5JTO|5JUF|1YJ
2VV|PN|3|4|D|1|U|1|0|0|0|0|0|3|3|0|0|1K|6|D|5JUH|5JWK|1YK
2VY|PO|3|5|S|1|N|0|0|0|0|0|0|3|3|0|0|1K|0|B|5JXO|5JY5|1YL
2W1|PP|3|5|H|1|N|0|0|0|0|0|0|3|3|0|0|1K|2|0|5JZ9|5JZR|1YM
2W3|PP|3|5|S|3|N|0|0|0|0|0|0|3|3|0|0|1K|0|B|5K19|5K29|1YN
2W4|PP|3|5|S|4R|N|0|0|0|1|0|0|3|3|1|2U|1N|Q|B|5K2B|5K55|1YO
2W5|PP|3|5|S|1|N|0|0|0|0|0|0|3|3|0|0|1K|0|B|5K57|5K5Y|1YP
2W6|PP|3|5|S|2N|N|0|0|0|0|0|0|3|3|0|F|C|E|B|5K60|5K96|1YQ
2W6|PP|3|5|S|1|N|0|0|0|0|0|0|3|3|0|0|1K|0|B|5K96|5K9X|1YQ
2W8|PP|3|5|S|2|N|0|0|0|0|0|0|3|3|0|0|1K|0|B|5KA1|5KBV|1YR
2W8|PP|3|5|S|1|N|0|0|0|0|0|0|3|3|0|0|1K|0|B|5KBV|5KDF|1YR
2W8|PP|3|5|S|1G|N|0|0|0|0|0|0|3|3|0|1Z|Q|F|B|5KDF|5KGS|1YR
2W8|PP|3|5|S|4R|N|0|0|0|0|0|0|3|3|0|1O|C|E|B|5KGS|5KIV|1YR
2W8|PP|3|5|S|A|N|0|0|0|0|0|0|3|3|0|0|1K|0|B|5KIV|5KKM|1YR
2W9|PP|3|5|S|1Q|N|0|0|0|0|0|0|3|3|0|0|1K|0|B|5KKO|5KO0|1YS
2W9|PP|3|5|S|1|N|0|0|0|0|0|0|3|3|1|J|C|F|B|5KO0|5KOR|1YS
2W9|PP|3|5|S|1|N|0|0|0|0|0|0|3|3|0|0|1K|0|B|5KOR|5KPC|1YS
2WB|PQ|3|5|H|1|N|0|0|0|0|0|0|3|3|0|0|1K|2|0|5KPG|5KQ4|1YT
2WD|PQ|3|5|S|1|N|0|0|0|0|0|0|3|3|0|0|1K|0|B|5KRM|5KRW|1YU
2WE|PQ|3|5|S|1|N|0|0|0|0|0|0|3|3|0|0|1K|0|B|5KRY|5KSM|1YV
2WE|PQ|3|5|D|6|C|0|0|0|0|0|0|3|3|1|0|1K|6|D|5KSM|5KUY|1YV
2WG|PQ|3|5|S|1|N|0|0|0|0|0|0|3|3|0|0|1K|0|B|5KV2|5KVC|1YW
2WH|PQ|3|5|D|4R|C|0|0|0|0|0|0|3|3|0|2V|1P|J|D|5KVE|5KYN|1YX
2WH|PQ|3|5|S|1|N|0|0|0|0|0|0|3|3|1|0|1K|0|B|5KYN|5KZB|1YX
2WH|PQ|3|5|S|1|N|0|0|0|0|0|0|3|3|1|0|1K|0|B|5KZB|5L02|1YX
2WJ|PQ|3|5|S|1|N|0|0|0|0|0|0|3|3|0|0|1K|0|B|5L06|5L0G|1YY
2WK|PQ|3|5|S|K|N|0|0|0|0|0|0|3|3|1|0|1K|0|B|5L0I|5L2L|1YZ
2WM|PR|3|5|H|1|N|0|0|0|0|0|0|3|3|0|0|1K|2|0|5L2P|5L3A|1Z0
2WO|PR|3|5|S|3|N|0|1|0|0|0|0|3|3|0|0|1K|0|B|5L4S|5L5T|1Z1
2WP|PR|3|5|S|1|N|0|0|0|0|0|0|3|3|1|0|1K|0|B|5L5V|5L6G|1Z2
2WP|PR|3|5|S|1|N|0|0|0|0|0|0|3|3|1|0|1K|0|B|5L6G|5L7A|1Z2
2WP|PR|3|5|S|L|N|0|0|0|0|0|0|3|3|0|0|1K|0|B|5L7A|5L91|1Z2
2WQ|PR|3|5|S|2|N|0|0|0|1|0|0|3|3|0|H|6|E|B|5L93|5LAF|1Z3
2WQ|PR|3|5|S|X|N|0|0|0|1|0|0|3|3|0|H|6|E|B|5LAF|5LBI|1Z3
2WQ|PR|3|5|S|1|N|0|0|0|1|0|0|3|3|0|2K|A|E|B|5LBI|5LCO|1Z3
2WQ|PR|3|5|S|7|N|0|0|0|1|0|0|3|3|1|0|1K|8|B|5LCO|5LE6|1Z3
2WR|PR|3|5|S|D|N|0|0|0|2|0|0|3|3|0|0|1K|0|B|5LE8|5LGE|1Z4
2WR|PR|3|5|S|3|N|0|0|0|0|0|0|3|3|0|0|1K|0|B|5LGE|5LHS|1Z4
2WS|PR|3|5|S|L|N|0|0|0|0|0|0|3|3|0|V|G|E|B|5LHU|5LJC|1Z5
2WS|PR|3|5|D|1|U|1|0|0|0|0|0|3|3|0|0|1K|6|D|5LJC|5LLR|1Z5
2WU|PR|3|5|S|3|N|0|3|0|0|0|0|3|3|0|0|1K|0|B|5LLV|5LMW|1Z6
2WV|PR|3|5|S|L|N|0|0|0|3|0|0|3|3|0|0|1K|0|B|5LMY|5LOP|1Z7
2WV|PR|3|5|S|K|N|0|0|0|1|0|0|3|3|0|0|1K|0|B|5LOP|5LQ1|1Z7
2WW|PR|3|5|S|1X|N|0|0|0|0|0|0|3|3|0|0|1K|0|B|5LQ3|5LRX|1Z8
2WW|PR|3|5|S|L|N|0|0|0|0|0|0|3|3|0|1O|C|E|B|5LRX|5LUB|1Z8
2WW|PR|3|5|S|1|N|0|0|0|0|0|0|3|3|1|2W|1A|F|B|5LUB|5LVE|1Z8
2WX|PR|3|5|S|1|N|0|0|0|0|0|0|3|3|0|0|1K|0|B|5LVG|5LXN|1Z9
2WX|PR|3|5|S|7|N|0|0|0|0|0|0|3|3|0|0|1K|0|B|5LXN|5LZE|1Z9
2WY|PR|3|5|S|1L|N|0|C|0|0|0|0|3|3|0|0|1K|0|B|5LZG|5M2E|1ZA
2WY|PR|3|5|S|O|N|0|0|0|0|0|0|3|3|0|0|1K|0|B|5M2E|5M48|1ZA
2X0|PR|3|5|S|3|N|0|A|0|0|0|0|3|3|0|0|1K|0|B|5M4C|5M5D|1ZB
2X1|PR|3|5|S|2|N|0|0|0|0|0|0|3|3|1|2X|A|E|B|5M5F|5M6I|1ZC
2X1|PR|3|5|S|2|N|0|0|0|0|0|0|3|3|1|0|1K|0|B|5M6I|5M7I|1ZC
2X1|PR|3|5|S|C|N|0|0|0|0|0|0|3|3|0|0|1K|0|B|5M7I|5M8X|1ZC
2X1|PR|3|5|S|1X|N|0|0|0|0|0|0|3|3|0|H|6|E|B|5M8X|5MB0|1ZC
2X2|PR|3|5|S|X|N|0|0|0|0|0|0|3|3|0|H|6|E|B|5MB2|5MC4|1ZD
2X2|PR|3|5|S|L|N|0|0|0|0|0|0|3|3|0|0|1K|7|B|5MC4|5MDS|1ZD
2X2|PR|3|5|D|1|U|1|0|0|1|0|0|3|3|0|0|1K|6|D|5MDS|5MFP|1ZD
2X2|PR|3|5|D|1|U|1|0|0|1|0|0|3|3|0|0|1K|6|D|5MFP|5MHG|1ZD
2X4|PR|3|5|S|1|N|0|8|0|0|0|0|3|3|0|0|1K|0|B|5MHK|5MI9|1ZE
2X5|PR|3|5|S|1|N|0|0|0|0|0|0|3|3|0|0|1K|0|B|5MIB|5MJ8|1ZF
2X5|PR|3|5|S|3|N|0|0|0|0|0|0|3|3|0|0|1K|0|B|5MJ8|5MKE|1ZF
2X5|PR|3|5|S|A|N|0|0|0|0|0|0|3|3|0|1O|C|E|B|5MKE|5MLT|1ZF
2X5|PR|3|5|S|L|N|0|0|0|0|0|0|3|3|0|0|1K|0|B|5MLT|5MN8|1ZF
2X5|PR|3|5|S|1|N|0|0|0|0|0|0|3|3|1|2B|1A|F|B|5MN8|5MO2|1ZF
2X6|PR|3|5|S|1|N|0|C|0|0|0|0|3|3|0|F|C|E|B|5MO4|5MP4|1ZG
2X6|PR|3|5|D|1|C|0|0|0|0|0|0|3|3|1|0|1K|6|D|5MP4|5MQ4|1ZG
2X7|PR|3|5|S|1|N|0|X|0|0|0|0|3|3|0|0|1K|0|B|5MQ6|5MR3|1ZH
2X7|PR|3|5|S|L|N|0|W|0|0|0|0|3|3|0|0|1K|0|B|5MR3|5MTU|1ZH
2X8|PR|3|5|S|3|N|0|0|0|0|19|0|3|3|0|0|1K|7|B|5MTW|5MXB|1ZI
2X9|PR|3|5|S|4|N|0|0|0|0|25|0|3|3|1|0|1K|0|B|5MXD|5MZ4|1ZJ
2XA|PR|3|5|S|3|N|0|0|0|0|26|0|3|3|0|0|1K|0|B|5MZ6|5N0X|1ZK
2XB|PR|3|5|S|1|N|0|0|0|0|0|0|3|3|0|0|1K|0|B|5N0Z|5N2J|1ZL
2XD|PR|3|5|S|1|N|0|9|0|0|0|0|3|3|0|0|1K|0|B|5N2N|5N3C|1ZM
2XE|PR|3|5|S|1|N|0|0|0|0|0|0|3|3|0|0|1K|0|B|5N3E|5N3Z|1ZN
2XE|PR|3|5|S|2|N|0|0|0|0|0|0|3|3|0|0|1K|0|B|5N3Z|5N4Z|1ZN
2XE|PR|3|5|S|C|N|0|9|0|0|0|0|3|3|0|0|1K|0|B|5N4Z|5N5E|1ZN
2XF|PR|3|5|S|1|N|0|0|0|0|0|0|3|3|0|0|1K|0|B|5N5G|5N70|1ZO
2XF|PR|3|5|D|1|U|1|0|0|0|0|0|3|3|0|0|1K|6|D|5N70|5N9B|1ZO
2XG|PR|3|5|S|4T|N|0|0|0|0|0|0|3|3|0|H|6|E|B|5N9D|5NBX|1ZP
2XG|PR|3|5|S|7|N|0|0|0|0|0|0|3|3|1|0|1K|0|B|5NBX|5NDO|1ZP
2XI|PR|3|5|S|1|N|0|7|0|0|0|0|3|3|0|0|1K|0|B|5NDS|5NEH|1ZQ
2XJ|PR|3|5|S|1|N|0|0|0|0|0|0|3|3|0|0|1K|0|B|5NEJ|5NFM|1ZR
2XJ|PR|3|5|S|1|N|0|0|0|0|0|0|3|3|0|0|1K|0|B|5NFM|5NG1|1ZR
2XJ|PR|3|5|S|3|N|0|0|0|0|0|0|3|3|0|13|Q|E|B|5NG1|5NGG|1ZR
2XK|PR|3|5|S|1|N|0|0|0|0|0|0|3|3|0|0|1K|0|B|5NGI|5NHZ|1ZS
2XK|PR|3|5|D|1|U|1|0|0|0|0|0|3|3|0|0|1K|6|D|5NHZ|5NK6|1ZS
2XL|PR|3|5|S|L|N|5|0|0|0|0|0|3|3|0|0|1K|0|B|5NK8|5NLQ|1ZT
2XL|PR|3|5|S|7|N|0|0|0|0|0|0|3|3|0|0|1K|0|B|5NLQ|5NMK|1ZT
2XL|PR|3|5|S|3|N|0|0|0|0|0|0|3|3|0|0|1K|0|B|5NMK|5NN2|1ZT
2XO|PS|3|6|S|1|N|0|0|0|0|0|0|3|3|0|0|1K|0|B|5NO6|5NON|1ZU
2XR|PT|3|6|H|1|N|0|0|0|0|0|0|3|3|0|0|1K|2|0|5NPR|5NQ9|1ZV
2XT|PT|3|6|S|3|N|0|0|0|0|0|0|3|3|0|0|1K|7|B|5NRR|5NSI|1ZW
2XU|PT|3|6|S|X|N|0|0|0|0|0|0|3|3|1|0|1K|0|B|5NSK|5NTT|1ZX
2XU|PT|3|6|S|3|N|0|0|0|0|0|0|3|3|0|13|Q|E|B|5NTT|5NUK|1ZX
2XU|PT|3|6|S|4|N|0|0|0|0|0|0|3|3|0|0|1K|0|B|5NUK|5NV5|1ZX
2XU|PT|3|6|S|3|N|0|0|0|0|0|0|3|3|0|N|I|F|B|5NV5|5NWK|1ZX
2XV|PT|3|6|S|1|N|0|0|0|0|0|0|3|3|1|0|1K|0|B|5NWM|5NXG|1ZY
2XV|PT|3|6|S|1|N|0|0|0|0|0|0|3|3|0|0|1K|0|B|5NXG|5NY7|1ZY
2XW|PT|3|6|S|3|N|0|0|0|0|0|0|3|3|0|0|1K|0|B|5NY9|5NZ6|1ZZ
2XY|PT|3|6|S|K|N|0|0|0|0|0|0|3|3|0|V|G|E|B|5NZA|5O11|200
2XY|PT|3|6|S|1|N|0|0|0|0|0|0|3|3|0|0|1K|0|B|5O11|5O2P|200
2XY|PT|3|6|D|D|U|1|0|0|1|0|0|3|3|0|V|G|J|D|5O2P|5O5M|200
2XZ|PT|3|6|S|C|N|0|0|0|0|0|0|3|3|0|0|1K|0|B|5O5O|5O6U|201
2XZ|PT|3|6|S|1|N|0|0|0|0|0|0|3|3|0|0|1K|0|B|5O6U|5O7I|201
2XZ|PT|3|6|S|D|N|0|0|0|0|0|0|3|3|0|0|1K|0|B|5O7I|5O8L|201
2XZ|PT|3|6|S|1|N|0|0|0|0|0|0|3|3|1|2B|1A|F|B|5O8L|5OAR|201
2Y0|PT|3|6|S|D|N|0|0|0|0|M|0|3|3|0|0|1K|0|B|5OAT|5ODK|202
2Y1|PT|3|6|S|1|N|0|0|0|0|0|0|3|3|1|0|1K|0|B|5ODM|5OFP|203
2Y1|PT|3|6|S|C|N|0|0|0|0|0|0|3|3|0|0|1K|0|B|5OFP|5OHP|203
2Y3|PU|3|6|H|1|N|0|0|0|0|0|0|3|3|0|0|1K|2|0|5OHT|5OIH|204
2Y5|PU|3|6|S|L|N|0|0|0|1|0|0|3|3|0|0|1K|0|B|5OJZ|5OMN|205
2Y5|PU|3|6|S|8|N|0|0|0|0|0|0|3|3|0|2Y|1Q|E|B|5OMN|5ON5|205
2Y6|PU|3|6|S|3|N|0|0|0|0|0|0|3|3|0|0|1K|0|B|5ON7|5OOJ|206
2Y6|PU|3|6|S|3|N|0|0|0|1|0|0|3|3|0|0|1K|0|B|5OOJ|5OPM|206
2Y6|PU|3|6|S|1|N|0|0|0|0|0|0|3|3|1|0|1K|0|B|5OPM|5OQA|206
2Y7|PU|3|6|S|4|N|0|0|0|0|0|0|3|3|0|0|1K|0|B|5OQC|5ORI|207
2Y7|PU|3|6|S|3|N|0|0|0|0|0|0|3|3|0|13|Q|E|B|5ORI|5ORX|207
2Y8|PU|3|6|S|1|N|0|0|0|0|0|0|3|3|0|0|1K|0|B|5ORZ|5OTB|208
2Y8|PU|3|6|S|3|N|0|0|0|1|0|0|3|3|0|13|Q|E|B|5OTB|5OUB|208
2Y8|PU|3|6|S|1|N|0|0|0|0|0|0|3|3|0|0|1K|0|B|5OUB|5OUQ|208
2Y8|PU|3|6|S|3|N|0|0|0|0|0|0|3|3|0|0|1K|0|B|5OUQ|5OVK|208
2Y9|PU|3|6|S|3|N|0|0|0|0|0|0|3|3|0|0|1K|0|B|5OVM|5OWA|209
2Y9|PU|3|6|S|I|N|0|0|0|0|0|0|3|3|0|0|1K|0|B|5OWA|5OX7|209
2YB|PV|3|6|H|1|N|0|0|0|0|0|0|3|3|0|0|1K|2|0|5OXB|5OXW|20A
2YD|PV|3|6|S|3|N|0|1|0|0|0|0|3|3|0|0|1K|0|B|5OZE|5P0F|20B
2YE|PV|3|6|S|1|N|0|0|0|0|0|0|3|3|0|0|1K|0|B|5P0H|5P1E|20C
2YE|PV|3|6|S|3|N|0|0|0|0|0|0|3|3|0|0|1K|0|B|5P1E|5P4B|20C
2YF|PV|3|6|S|L|N|0|0|0|0|1|0|3|3|0|0|1K|8|B|5P4D|5P6D|20D
2YF|PV|3|6|D|1|U|1|0|0|0|0|0|3|3|0|0|1K|6|D|5P6D|5P86|20D
2YG|PV|3|6|S|4K|N|0|0|0|0|0|0|3|3|0|H|6|E|B|5P88|5P9P|20E
2YG|PV|3|6|D|1|D|1|0|0|1|0|0|3|3|0|0|1K|6|D|5P9P|5PB7|20E
2YH|PV|3|6|S|12|N|0|0|0|0|0|0|3|3|0|0|1K|0|B|5PB9|5PDL|20F
2YJ|PV|3|6|S|3|N|0|3|0|0|0|0|3|3|0|0|1K|0|B|5PDP|5PEQ|20G
2YK|PV|3|6|S|33|N|0|0|0|2|0|0|3|3|0|0|1K|0|B|5PES|5PIG|20H
2YL|PV|3|6|S|X|N|0|0|0|0|0|0|3|3|0|H|6|E|B|5PII|5PJK|20I
2YL|PV|3|6|S|3|N|0|0|0|0|E|0|3|3|0|0|1K|7|B|5PJK|5PKQ|20I
2YL|PV|3|6|D|2|U|1|0|0|0|0|0|3|3|0|H|6|J|D|5PKQ|5PMM|20I
2YL|PV|3|6|D|7|U|1|0|0|1|0|0|3|3|0|0|1K|L|D|5PMM|5PPF|20I
2YM|PV|3|6|S|1M|N|0|0|0|0|8|0|3|3|0|0|1K|0|B|5PPH|5PSS|20J
2YM|PV|3|6|S|1|N|0|0|0|0|0|0|3|3|0|0|1K|0|B|5PSS|5PUA|20J
2YO|PV|3|6|S|1|N|0|A|0|0|0|0|3|3|0|0|1K|0|B|5PUE|5PV3|20K
2YP|PV|3|6|S|1|N|0|0|0|0|0|0|3|3|0|0|1K|0|B|5PV5|5PVK|20L
2YP|PV|3|6|S|6|N|0|0|0|0|0|0|3|3|0|0|1K|0|B|5PVK|5PWT|20L
2YP|PV|3|6|S|1|N|0|0|0|0|0|0|3|3|1|0|1K|0|B|5PWT|5PXN|20L
2YQ|PV|3|6|S|I|N|6|0|0|0|0|0|3|3|0|0|1K|0|B|5PXP|5PZH|20M
2YQ|PV|3|6|S|4|N|0|0|0|0|0|0|3|3|0|0|1K|0|B|5PZH|5Q18|20M
2YR|PV|3|6|S|3|N|0|0|0|0|0|0|3|3|0|0|1K|0|B|5Q1A|5Q2A|20N
2YR|PV|3|6|S|X|N|0|0|0|0|P|0|3|3|0|1O|C|E|B|5Q2A|5Q3M|20N
2YS|PV|3|6|S|3|N|0|0|0|0|0|0|3|3|1|J|C|F|B|5Q3O|5Q4X|20O
2YT|PV|3|6|S|4R|N|0|0|0|0|0|0|3|3|0|H|6|E|B|5Q4Z|5Q65|20P
2YU|PV|3|6|D|3|U|1|0|0|0|0|0|3|3|0|0|1K|6|D|5Q67|5Q93|20Q
2YV|PV|3|6|D|1|U|1|5|0|0|0|0|3|3|0|0|1K|6|D|5Q95|5QBE|20R
2YX|PV|3|6|S|3|N|0|8|0|0|0|0|3|3|0|0|1K|0|B|5QBI|5QCJ|20S
2YY|PV|3|6|S|3|N|0|0|0|0|0|0|3|3|0|0|1K|0|B|5QCL|5QEO|20T
2YZ|PV|3|6|S|J|N|0|0|0|0|0|0|3|3|0|12|2|E|B|5QEQ|5QH2|20U
2YZ|PV|3|6|D|1|L|1|0|0|0|0|0|3|3|0|0|1K|6|D|5QH2|5QJ5|20U
2YZ|PV|3|6|D|3|L|1|0|0|1|0|0|3|3|0|12|2|J|D|5QJ5|5QL1|20U
2YZ|PV|3|6|S|3|N|0|0|0|1|0|0|3|3|0|0|1K|0|B|5QL1|5QMA|20U
2Z0|PV|3|6|S|X|N|0|0|0|0|0|0|3|3|0|H|6|E|B|5QMC|5QN5|20V
2Z0|PV|3|6|S|3|N|0|0|0|0|0|0|3|3|0|0|1K|0|B|5QN5|5QOT|20V
2Z0|PV|3|6|S|4U|N|0|0|0|0|0|0|3|3|0|H|6|E|B|5QOT|5QPK|20V
2Z0|PV|3|6|S|2|N|0|0|0|0|0|0|3|3|1|H|6|E|B|5QPK|5QQE|20V
2Z1|PV|3|6|D|1|U|1|0|0|0|0|0|3|3|0|0|1K|6|D|5QQG|5QT4|20W
2Z3|PV|3|6|S|3|N|0|9|0|0|0|0|3|3|0|0|1K|0|B|5QT8|5QU9|20X
2Z4|PV|3|6|S|18|N|0|0|0|0|0|0|3|3|0|0|1K|0|B|5QUB|5QVQ|20Y
2Z5|PV|3|6|S|J|N|7|0|0|1|0|0|3|3|0|0|1K|0|B|5QVS|5QZF|20Z
2Z5|PV|3|6|S|R|N|0|0|0|0|0|0|3|3|0|2K|A|E|B|5QZF|5R11|20Z
2Z6|PV|3|6|S|J|N|0|0|0|1|0|0|3|3|0|2K|A|E|B|5R13|5R3F|210
2Z6|PV|3|6|S|3G|N|0|0|0|0|0|0|3|3|1|2X|A|E|B|5R3F|5R5I|210
2Z7|PV|3|6|S|1|N|0|0|0|0|0|0|3|3|0|0|1K|0|B|5R5K|5R7Q|211
2Z9|PV|3|6|S|3|N|0|7|0|0|0|0|3|3|0|0|1K|0|B|5R7U|5R8V|212
2ZA|PV|3|6|S|1|N|0|0|0|0|0|0|3|3|0|0|1K|0|B|5R8X|5RA1|213
2ZA|PV|3|6|S|3|N|0|0|0|0|0|0|3|3|0|0|1K|0|B|5RA1|5RAY|213
2ZA|PV|3|6|S|L|N|0|0|0|0|0|0|3|3|0|2K|A|E|B|5RAY|5RD7|213
2ZA|PV|3|6|S|D|N|0|0|0|1|0|0|3|3|0|0|1K|7|B|5RD7|5RE4|213
2ZB|PV|3|6|S|L|N|0|0|0|0|0|0|3|3|0|0|1K|0|B|5RE6|5RGL|214
2ZC|PV|3|6|S|B|N|0|0|0|0|0|0|3|3|0|0|1K|0|B|5RGN|5RIM|215
2ZD|PV|3|6|S|4V|N|0|0|0|0|0|0|3|3|0|H|6|Y|B|5RIO|5RL8|216
2ZE|PV|3|6|S|3|N|0|0|0|0|0|0|3|3|0|0|1K|0|B|5RLA|5RN1|217
2ZF|PV|3|6|S|K|N|0|0|0|0|0|0|3|3|0|0|1K|0|B|5RN3|5RP3|218
2ZG|PV|3|6|D|1|D|1|0|0|0|0|0|3|3|0|0|1K|6|D|5RP5|5RRT|219
2ZJ|PW|3|7|S|1|N|0|0|0|0|0|0|3|3|0|0|1K|0|B|5RSX|5RTE|21A
2ZM|PX|3|7|H|1|N|0|0|0|0|0|0|3|3|0|0|1K|2|0|5RUI|5RV0|21B
2ZO|PX|3|7|S|1|N|0|0|0|0|0|0|3|3|0|0|1K|0|B|5RWI|5RXL|21C
2ZP|PX|3|7|S|1|N|0|0|0|0|0|0|3|3|0|0|1K|0|B|5RXN|5RYW|21D
2ZQ|PX|3|7|S|3|N|0|0|0|0|0|0|3|3|0|0|1K|0|B|5RYY|5RZS|21E
2ZQ|PX|3|7|S|I|N|0|0|0|0|0|0|3|3|0|0|1K|0|B|5RZS|5S11|21E
2ZQ|PX|3|7|S|1|N|0|0|0|0|0|0|3|3|1|0|1K|0|B|5S11|5S1S|21E
2ZR|PX|3|7|S|7|N|0|0|0|0|0|0|3|3|0|0|1K|0|B|5S1U|5S2O|21F
2ZS|PX|3|7|S|3|N|0|0|0|0|0|0|3|3|0|0|1K|0|B|5S2Q|5S3T|21G
2ZS|PX|3|7|S|3|N|0|0|0|0|0|0|3|3|0|2Z|1R|F|B|5S3T|5S5E|21G
2ZU|PX|3|7|S|8|N|0|0|0|0|0|0|3|3|0|V|G|E|B|5S5I|5S86|21H
2ZU|PX|3|7|S|6|N|0|0|0|0|0|0|3|3|0|0|1K|0|B|5S86|5SA6|21H
2ZV|PX|3|7|S|2X|N|0|0|0|0|0|0|3|3|0|0|1K|0|B|5SA8|5SBH|21I
2ZV|PX|3|7|S|3|N|0|0|0|0|0|0|3|3|1|0|1K|0|B|5SBH|5SDB|21I
2ZV|PX|3|7|S|1|N|0|0|0|0|0|0|3|3|1|2B|1A|F|B|5SDB|5SE2|21I
2ZV|PX|3|7|S|1C|N|0|0|0|0|0|0|3|3|1|0|1K|0|B|5SE2|5SGN|21I
2ZW|PX|3|7|S|R|N|0|0|0|0|0|0|3|3|0|0|1K|0|B|5SGP|5SKD|21J
2ZW|PX|3|7|S|K|N|0|0|0|0|0|0|3|3|0|0|1K|0|B|5SKD|5SLI|21J
2ZY|PY|3|7|H|1|N|0|0|0|0|0|0|3|3|0|0|1K|2|0|5SLM|5SMA|21K
300|PY|3|7|S|1|N|0|3|0|0|0|0|3|3|0|0|1K|0|B|5SNS|5SOH|21L
301|PY|3|7|S|P|N|0|0|0|0|0|0|3|3|0|13|Q|E|B|5SOJ|5SPJ|21M
301|PY|3|7|S|4R|N|0|0|0|0|0|0|3|3|1|0|1K|0|B|5SPJ|5SRJ|21M
302|PY|3|7|S|3|N|0|0|0|0|0|0|3|3|0|13|Q|E|B|5SRL|5SST|21N
302|PY|3|7|S|3|N|0|0|0|0|0|0|3|3|0|0|1K|0|B|5SST|5STN|21N
302|PY|3|7|S|X|N|6|0|0|1|0|0|3|3|0|0|1K|0|B|5STN|5SUW|21N
302|PY|3|7|S|1|N|0|0|0|0|0|0|3|3|0|0|1K|0|B|5SUW|5SVZ|21N
302|PY|3|7|S|1F|N|0|0|0|0|0|0|3|3|0|A|9|E|B|5SVZ|5SXK|21N
303|PY|3|7|S|3|N|0|0|0|0|27|0|3|3|0|1Z|Q|F|B|5SXM|5T0I|21O
304|PY|3|7|D|1|U|1|0|0|0|0|0|3|3|0|0|1K|6|D|5T0K|5T2S|21P
306|PY|3|7|S|1|N|0|8|0|0|0|0|3|3|0|0|1K|0|B|5T2W|5T3L|21Q
307|PY|3|7|S|4|N|0|0|0|0|0|0|3|3|0|13|Q|E|B|5T3N|5T52|21R
308|PY|3|7|S|32|N|7|0|0|1|0|0|3|3|0|0|1K|0|B|5T54|5T8A|21S
308|PY|3|7|S|L|N|0|0|0|0|0|0|3|3|1|30|1S|E|B|5T8A|5T9M|21S
308|PY|3|7|S|1|N|0|0|0|0|0|0|3|3|1|2B|1A|F|B|5T9M|5TAG|21S
309|PY|3|7|S|12|N|6|C|2|0|0|0|3|3|0|0|1K|0|B|5TAI|5TD5|21T
309|PY|3|7|S|3|N|0|0|0|0|0|0|3|3|0|0|1K|0|B|5TD5|5TDZ|21T
30A|PY|3|7|S|3|N|0|0|0|0|0|0|3|3|0|0|1K|0|B|5TE1|5TG7|21U
30B|PY|3|7|S|3|N|0|0|0|0|0|0|3|3|0|0|1K|0|B|5TG9|5THO|21V
30B|PY|3|7|S|3|N|0|0|0|0|0|0|3|3|0|0|1K|0|B|5THO|5TIE|21V
30C|PY|3|7|D|1|U|1|0|0|0|0|0|3|3|0|0|1K|6|D|5TIG|5TKB|21W
30E|PY|3|7|S|1|N|0|7|0|0|0|0|3|3|0|0|1K|0|B|5TKF|5TL4|21X
30F|PY|3|7|S|1|N|0|0|0|0|0|0|3|3|0|F|C|E|B|5TL6|5TLO|21Y
30F|PY|3|7|S|L|N|0|0|0|1|0|0|3|3|0|0|1K|0|B|5TLO|5TMU|21Y
30F|PY|3|7|S|3|N|0|0|0|0|0|0|3|3|0|V|G|E|B|5TMU|5TNL|21Y
30F|PY|3|7|S|1|N|0|0|0|0|0|0|3|3|0|0|1K|0|B|5TNL|5TOL|21Y
30G|PY|3|7|S|C|N|0|0|0|0|0|0|3|3|0|0|1K|0|B|5TON|5TPB|21Z
30G|PY|3|7|S|O|N|6|0|0|0|0|0|3|3|0|0|1K|0|B|5TPB|5TQP|21Z
30H|PY|3|7|S|3|N|0|0|0|0|0|0|3|3|0|0|1K|0|B|5TQR|5TRU|220
30H|PY|3|7|S|14|N|0|0|0|0|0|0|3|3|0|0|1K|0|B|5TRU|5TSO|220
30H|PY|3|7|S|1|N|0|0|0|0|0|0|3|3|1|2B|1A|F|B|5TSO|5TTC|220
30I|PY|3|7|S|3|N|0|0|0|0|0|0|3|3|0|4|2|D|B|5TTE|5TVW|221
30J|PY|3|7|S|L|N|0|0|0|0|6|0|3|3|0|0|1K|8|B|5TVY|5TY1|222
30K|PY|3|7|S|3|N|0|0|0|0|0|0|3|3|0|0|1K|0|B|5TY3|5TZ9|223
30L|PY|3|7|D|1|D|1|0|0|0|0|0|3|3|0|0|1K|6|D|5TZB|5U1R|224
30O|PZ|3|8|S|1|N|0|0|0|0|0|0|3|3|0|0|1K|0|B|5U2V|5U3C|225
30R|Q0|3|8|H|1|N|0|0|0|0|0|0|3|3|0|0|1K|2|0|5U4G|5U4Y|226
30T|Q0|3|8|S|1|N|0|0|0|0|0|0|3|3|0|0|1K|0|B|5U6G|5U74|227
30T|Q0|3|8|S|C|N|0|0|0|0|0|0|3|3|0|0|1K|0|B|5U74|5U7M|227
30T|Q0|3|8|S|1|N|0|0|0|0|0|0|3|3|0|0|1K|0|B|5U7M|5U81|227
30T|Q0|3|8|S|1|N|0|0|0|0|0|0|3|3|0|0|1K|0|B|5U81|5U8P|227
30U|Q0|3|8|S|6|N|0|0|0|0|0|0|3|3|0|0|1K|0|B|5U8R|5U9X|228
30V|Q0|3|8|S|3|N|0|0|0|0|0|0|3|3|0|0|1K|0|B|5U9Z|5UAQ|229
30W|Q0|3|8|S|3|N|0|0|0|0|0|0|3|3|1|0|1K|0|B|5UAS|5UCV|22A
30W|Q0|3|8|S|G|N|0|0|0|1|0|0|3|3|0|I|E|E|B|5UCV|5UEP|22A
30Y|Q0|3|8|S|3|N|5|0|0|0|D|0|3|3|0|0|1K|0|B|5UET|5UGN|22B
30Y|Q0|3|8|S|1|N|0|0|0|0|0|0|3|3|1|0|1K|0|B|5UGN|5UHE|22B
30Y|Q0|3|8|D|8|U|1|0|0|0|0|0|3|3|0|0|1K|6|D|5UHE|5UJS|22B
30Y|Q0|3|8|S|3|N|0|0|0|0|0|0|3|3|0|0|1K|0|B|5UJS|5UKS|22B
30Z|Q0|3|8|S|H|N|0|0|0|1|0|0|3|3|5|0|1K|8|B|5UKU|5UNL|22C
30Z|Q0|3|8|S|7|N|0|0|0|0|0|0|3|3|1|0|1K|0|B|5UNL|5UP3|22C
310|Q0|3|8|S|D|N|0|0|0|0|0|0|3|3|0|0|1K|0|B|5UP5|5URW|22D
311|Q0|3|8|S|3|N|0|0|0|0|0|0|3|3|0|0|1K|0|B|5URY|5UTG|22E
312|Q0|3|8|S|1|N|0|0|0|0|0|0|3|3|1|0|1K|0|B|5UTI|5UUI|22F
312|Q0|3|8|S|L|N|0|0|0|0|0|0|3|3|0|0|1K|0|B|5UUI|5UVI|22F
312|Q0|3|8|S|3|N|5|0|0|0|0|0|3|3|0|0|1K|0|B|5UVI|5UWO|22F
312|Q0|3|8|S|1|N|0|0|2|0|0|0|3|3|3|0|1K|0|B|5UWO|5UXO|22F
313|Q0|3|8|S|3|N|0|0|0|0|0|0|3|3|0|0|1K|0|B|5UXQ|5UYT|22G
313|Q0|3|8|S|3|N|0|0|0|1|0|0|3|3|1|0|1K|8|B|5UYT|5V0E|22G
313|Q0|3|8|S|C|N|0|0|0|0|0|0|3|3|3|0|1K|0|B|5V0E|5V0W|22G
314|Q0|3|8|S|4|N|0|0|0|0|0|0|3|3|0|0|1K|0|B|5V0Y|5V2D|22H
314|Q0|3|8|S|3|N|0|0|0|0|0|0|3|3|0|0|1K|8|B|5V2D|5V3Y|22H
314|Q0|3|8|S|C|N|0|0|0|0|0|0|3|3|0|0|1K|0|B|5V3Y|5V4V|22H
314|Q0|3|8|S|D|N|0|0|0|1|0|0|3|3|0|0|1K|0|B|5V4V|5V5M|22H
314|Q0|3|8|D|D|D|1|0|0|1|0|0|3|3|0|0|1K|6|D|5V5M|5V7P|22H
314|Q0|3|8|S|14|N|0|0|0|0|0|0|3|3|0|0|1K|0|B|5V7P|5V8S|22H
314|Q0|3|8|S|T|N|0|0|0|1|0|0|3|3|0|0|1K|7|B|5V8S|5VBY|22H
316|Q1|3|8|H|1|N|0|0|0|0|0|0|3|3|0|0|1K|2|0|5VC2|5VCQ|22I
318|Q1|3|8|S|1|N|0|8|0|0|0|0|3|3|0|0|1K|0|B|5VE8|5VEX|22J
319|Q1|3|8|S|1L|N|0|0|0|0|0|0|3|3|0|0|1K|0|B|5VEZ|5VFE|22K
319|Q1|3|8|S|2|N|0|0|0|0|0|0|3|3|0|0|1K|0|B|5VFE|5VGH|22K
319|Q1|3|8|S|3|N|0|0|0|1|0|0|3|3|0|0|1K|0|B|5VGH|5VHE|22K
31A|Q1|3|8|S|19|N|0|C|0|0|0|0|3|3|0|0|1K|0|B|5VHG|5VIJ|22L
31A|Q1|3|8|S|12|N|0|8|0|0|0|0|3|3|0|0|1K|0|B|5VIJ|5VKV|22L
31A|Q1|3|8|S|1|N|0|K|0|0|0|0|3|3|0|0|1K|0|B|5VKV|5VLY|22L
31B|Q1|3|8|S|G|N|0|C|0|0|0|0|3|3|0|0|1K|0|B|5VM0|5VNR|22M
31B|Q1|3|8|D|1|U|1|0|0|0|0|0|3|3|0|0|1K|6|D|5VNR|5VOX|22M
31C|Q1|3|8|S|3|N|0|8|0|1|J|0|3|3|1|31|1T|F|B|5VOZ|5VSB|22N
31C|Q1|3|8|D|1|L|1|0|0|0|0|0|3|3|0|0|1K|6|D|5VSB|5VTT|22N
31D|Q1|3|8|S|1|N|0|0|0|0|0|0|3|3|0|0|1K|0|B|5VTV|5VVU|22O
31F|Q1|3|8|S|1|N|0|9|0|0|0|0|3|3|0|0|1K|0|B|5VVY|5VWN|22P
31G|Q1|3|8|S|2|N|0|0|0|0|0|0|3|3|0|0|1K|0|B|5VWP|5VXJ|22Q
31H|Q1|3|8|S|4W|N|0|F|0|0|0|0|3|3|0|0|1K|0|B|5VXL|5VZR|22R
31I|Q1|3|8|D|1|C|0|I|0|2|0|0|3|3|1|0|1K|6|D|5VZT|5W1N|22S
31I|Q1|3|8|S|1|N|0|0|0|0|0|0|3|3|1|0|1K|0|B|5W1N|5W2B|22S
31J|Q1|3|8|S|3|N|0|9|0|0|0|0|3|3|1|0|1K|0|B|5W2D|5W4V|22T
31J|Q1|3|8|S|1|N|0|0|0|0|0|0|3|3|1|0|1K|0|B|5W4V|5W61|22T
31K|Q1|3|8|S|L|N|0|0|0|0|0|0|3|3|0|0|1K|0|B|5W63|5W8C|22U
31K|Q1|3|8|S|C|N|0|I|0|0|0|0|3|3|0|0|1K|0|B|5W8C|5W8X|22U
31L|Q1|3|8|S|4|N|0|0|0|1|0|0|3|3|1|0|1K|0|B|5W8Z|5WAE|22V
31L|Q1|3|8|D|1|L|1|0|0|0|0|0|3|3|0|2K|A|J|D|5WAE|5WCK|22V
31M|Q1|3|8|D|1|U|1|0|0|0|0|0|3|3|0|0|1K|6|D|5WCM|5WF9|22W
31O|Q1|3|8|S|1|N|0|7|0|0|0|0|3|3|0|0|1K|0|B|5WFD|5WG2|22X
31P|Q1|3|8|S|1W|N|0|0|0|0|0|0|3|3|0|0|1K|0|B|5WG4|5WH1|22Y
31P|Q1|3|8|S|3|N|0|0|0|0|0|0|3|3|0|0|1K|0|B|5WH1|5WIS|22Y
31P|Q1|3|8|S|3|N|0|7|1|0|0|0|3|3|0|0|1K|0|B|5WIS|5WKD|22Y
31P|Q1|3|8|S|19|N|0|0|0|0|7|0|3|3|1|0|1K|0|B|5WKD|5WMG|22Y
31Q|Q1|3|8|S|12|N|0|G|0|0|0|0|3|3|0|0|1K|0|B|5WMI|5WNR|22Z
31Q|Q1|3|8|S|I|N|0|5|0|0|0|0|3|3|0|0|1K|0|B|5WNR|5WPO|22Z
31R|Q1|3|8|S|Q|N|0|5|0|1|0|0|3|3|0|0|1K|0|B|5WPQ|5WT5|230
31S|Q1|3|8|S|1|N|0|7|0|0|0|0|3|3|0|0|1K|0|B|5WT7|5WU7|231
31S|Q1|3|8|S|4N|N|0|0|0|0|0|0|3|3|1|0|1K|0|B|5WU7|5WW7|231
31T|Q1|3|8|S|1|N|0|7|0|1|0|0|3|3|0|0|1K|0|B|5WW9|5WYO|232
31T|Q1|3|8|S|7|N|0|0|0|0|0|0|3|3|0|M|H|E|B|5WYO|5X0Q|232
31U|Q1|3|8|S|4|N|0|5|0|0|0|0|3|3|0|13|Q|E|B|5X0S|5X27|233
31U|Q1|3|8|S|1|N|0|7|0|0|0|0|3|3|0|0|1K|0|B|5X27|5X2P|233
31V|Q1|3|8|S|1|N|0|7|0|0|0|0|3|3|1|0|1K|0|B|5X2R|5X4R|234
31V|Q1|3|8|S|1|N|0|0|0|0|0|0|3|3|1|0|1K|0|B|5X4R|5X6R|234
31W|Q1|3|8|D|1|L|1|0|0|0|0|0|3|3|0|0|1K|6|D|5X6T|5X90|235
31Z|Q2|3|9|S|1|N|0|0|0|0|0|0|3|3|0|0|1K|0|B|5XA4|5XAL|236
322|Q3|3|9|H|1|N|0|0|0|0|0|0|3|3|0|0|1K|2|0|5XBP|5XC7|237
324|Q3|3|9|S|3|N|0|0|0|0|0|0|3|3|0|0|1K|0|B|5XDP|5XEJ|238
324|Q3|3|9|S|1|N|0|0|1|0|0|0|3|3|0|0|1K|0|B|5XEJ|5XF7|238
325|Q3|3|9|S|1|N|0|0|0|0|0|0|3|3|1|0|1K|0|B|5XF9|5XG3|239
325|Q3|3|9|S|1|N|0|0|0|0|0|0|3|3|0|0|1K|0|B|5XG3|5XGR|239
326|Q3|3|9|S|L|N|0|0|0|0|0|0|3|3|1|0|1K|0|B|5XGT|5XIZ|23A
326|Q3|3|9|S|3|N|0|0|0|0|0|0|3|3|0|0|1K|7|B|5XIZ|5XKN|23A
327|Q3|3|9|S|3|N|0|0|0|0|0|0|3|3|1|13|Q|E|B|5XKP|5XLV|23B
328|Q3|3|9|S|1|N|0|0|0|0|0|0|3|3|0|0|1K|0|B|5XLX|5XMR|23C
329|Q3|3|9|S|3|N|0|0|0|0|0|0|3|3|0|0|1K|0|B|5XMT|5XNQ|23D
329|Q3|3|9|S|1|N|0|0|0|1|0|0|3|3|0|0|1K|0|B|5XNQ|5XOB|23D
329|Q3|3|9|S|3|N|0|0|0|0|0|0|3|3|0|0|1K|0|B|5XOB|5XP2|23D
32A|Q3|3|9|S|3|N|0|0|0|0|1|0|3|3|0|0|1K|0|B|5XP4|5XQ4|23E
32B|Q3|3|9|S|3|N|0|0|0|0|6|0|3|3|0|0|1K|0|B|5XQ6|5XR0|23F
32D|Q3|3|9|S|L|N|0|0|0|0|0|0|3|3|0|32|1U|Q|B|5XR4|5XTA|23G
32D|Q3|3|9|S|A|N|0|0|0|0|0|0|3|3|0|F|C|E|B|5XTA|5XUS|23G
32E|Q3|3|9|S|2|N|0|0|0|0|0|0|3|3|0|0|1K|0|B|5XUU|5XX1|23H
32F|Q3|3|9|S|L|N|0|0|0|0|28|0|3|3|0|L|G|D|B|5XX3|5XZL|23I
32F|Q3|3|9|S|D|N|0|0|0|0|0|0|3|3|0|0|1K|0|B|5XZL|5Y1C|23I
32G|Q3|3|9|S|4C|N|0|0|0|1|0|0|3|3|0|0|1K|0|B|5Y1E|5Y3T|23J
32G|Q3|3|9|S|X|N|0|0|0|0|0|0|3|3|0|0|1K|0|B|5Y3T|5Y5B|23J
32H|Q3|3|9|S|D|N|0|0|0|0|0|0|3|3|0|0|1K|0|B|5Y5D|5Y7L|23K
32H|Q3|3|9|S|D|N|0|0|0|0|0|0|3|3|0|0|1K|0|B|5Y7L|5Y8C|23K
32H|Q3|3|9|S|6|N|0|0|0|0|5|0|3|3|0|0|1K|0|B|5Y8C|5YA3|23K
32I|Q3|3|9|S|B|N|0|0|0|0|0|0|3|3|1|1Z|Q|F|B|5YA5|5YCZ|23L
32I|Q3|3|9|S|U|N|0|0|0|0|0|0|3|3|1|2W|1A|F|B|5YCZ|5YFH|23L
32I|Q3|3|9|S|1|N|0|0|0|0|0|0|3|3|0|0|1K|0|B|5YFH|5YGN|23L
32I|Q3|3|9|S|4X|N|0|0|0|0|0|0|3|3|0|33|Q|F|B|5YGN|5YJZ|23L
32I|Q3|3|9|S|4C|N|0|0|0|0|0|0|3|3|0|0|1K|0|B|5YJZ|5YLB|23L
32J|Q3|3|9|S|7|N|0|0|0|1|0|0|3|3|0|0|1K|0|B|5YLD|5YNM|23M
32K|Q3|3|9|S|3|N|0|0|0|0|1D|0|3|3|1|13|Q|E|B|5YNO|5YQO|23N
32L|Q3|3|9|S|1|N|0|11|0|0|0|0|3|3|1|0|1K|0|B|5YQQ|5YTV|23O
32L|Q3|3|9|S|9|N|0|0|0|0|0|0|3|3|0|0|1K|0|B|5YTV|5YVJ|23O
32L|Q3|3|9|S|1|N|0|0|0|0|0|0|3|3|0|0|1K|0|B|5YVJ|5YWJ|23O
32L|Q3|3|9|S|C|N|0|0|0|0|0|0|3|3|0|0|1K|0|B|5YWJ|5YYR|23O
32N|Q4|3|9|H|1|N|0|0|0|0|0|0|3|3|0|0|1K|2|0|5YYV|5YZJ|23P
32P|Q4|3|9|S|1|N|0|1|0|0|0|0|3|3|0|0|1K|0|B|5Z11|5Z1Q|23Q
32Q|Q4|3|9|S|D|N|0|0|0|0|0|0|3|3|0|0|1K|0|B|5Z1S|5Z2P|23R
32Q|Q4|3|9|S|1|N|0|0|0|0|0|0|3|3|0|0|1K|0|B|5Z2P|5Z34|23R
32Q|Q4|3|9|S|2R|N|0|0|0|0|0|0|3|3|0|13|Q|E|B|5Z34|5Z40|23R
32R|Q4|3|9|S|D|N|0|0|0|0|5|0|3|3|0|0|1K|0|B|5Z42|5Z65|23S
32R|Q4|3|9|S|3|N|0|0|0|0|0|0|3|3|0|34|Q|E|B|5Z65|5Z7A|23S
32S|Q4|3|9|S|2|N|0|2|0|0|0|0|3|3|0|0|1K|0|B|5Z7C|5Z9Q|23T
32S|Q4|3|9|S|A|N|0|0|0|0|0|0|3|3|1|0|1K|0|B|5Z9Q|5ZCE|23T
32S|Q4|3|9|S|W|N|0|0|0|0|0|0|3|3|0|2V|1P|E|B|5ZCE|5ZDN|23T
32T|Q4|3|9|S|3|N|0|1|0|0|0|0|3|3|0|0|1K|0|B|5ZDP|5ZFJ|23U
32T|Q4|3|9|S|O|N|0|0|0|0|0|0|3|3|0|0|1K|0|B|5ZFJ|5ZGM|23U
32U|Q4|3|9|S|J|N|0|0|0|0|J|0|3|3|0|0|1K|U|B|5ZGO|5ZL6|23V
32V|Q4|3|9|D|1|U|1|0|0|0|0|0|3|3|0|0|1K|6|D|5ZL8|5ZNV|23W
32X|Q4|3|9|S|1|N|0|A|0|0|0|0|3|3|0|0|1K|0|B|5ZNZ|5ZOO|23X
32Y|Q4|3|9|S|3|N|0|0|0|1|1|0|3|3|0|0|1K|0|B|5ZOQ|5ZQ8|23Y
32Y|Q4|3|9|S|P|N|0|0|0|0|0|0|3|3|0|13|Q|E|B|5ZQ8|5ZRW|23Y
32Z|Q4|3|9|S|D|N|0|0|0|0|0|0|3|3|0|0|1K|0|B|5ZRY|5ZUV|23Z
330|Q4|3|9|S|2S|N|6|0|0|1|0|0|3|3|0|H|6|E|B|5ZUX|5ZXC|240
330|Q4|3|9|S|D|N|0|0|0|0|0|0|3|3|0|0|1K|0|B|5ZXC|5ZZI|240
331|Q4|3|9|S|D|N|6|0|0|1|0|0|3|3|0|0|1K|8|B|5ZZK|6028|241
332|Q4|3|9|S|3|N|0|0|0|0|0|0|3|3|0|0|1K|8|B|602A|6059|242
333|Q4|3|9|D|1|U|1|0|0|0|0|0|3|3|0|0|1K|6|D|605B|607C|243
335|Q4|3|9|S|1|N|0|9|0|0|0|0|3|3|0|0|1K|0|B|607G|6085|244
336|Q4|3|9|S|1|N|0|0|0|0|0|0|3|3|0|0|1K|0|B|6087|608V|245
336|Q4|3|9|S|4|N|0|0|0|0|0|0|3|3|0|0|1K|0|B|608V|609J|245
336|Q4|3|9|S|1|N|0|0|0|0|0|0|3|3|1|0|1K|0|B|609J|60AA|245
337|Q4|3|9|S|1P|N|0|0|0|0|0|0|3|3|0|0|1K|0|B|60AC|60BX|246
337|Q4|3|9|S|3|N|0|0|0|0|0|0|3|3|0|0|1K|0|B|60BX|60D3|246
337|Q4|3|9|S|D|N|0|0|0|0|0|0|3|3|0|0|1K|0|B|60D3|60EU|246
338|Q4|3|9|S|3W|N|0|0|0|0|0|0|3|3|1|35|1V|E|B|60EW|60GY|247
338|Q4|3|9|S|X|N|0|0|0|0|0|0|3|3|0|0|1K|0|B|60GY|60II|247
339|Q4|3|9|S|I|N|0|0|0|1|0|0|3|3|0|0|1K|0|B|60IK|60JZ|248
33A|Q4|3|9|S|C|N|0|0|0|0|0|0|3|3|0|0|1K|0|B|60K1|60LE|249
33A|Q4|3|9|S|3|N|0|0|0|0|0|0|3|3|0|2O|1M|E|B|60LE|60MB|249
33B|Q4|3|9|S|1|N|0|0|0|0|0|0|3|3|0|F|C|E|B|60MD|60MS|24A
33B|Q4|3|9|S|D|N|0|0|0|0|0|0|3|3|0|25|C|E|B|60MS|60OJ|24A
33C|Q4|3|9|D|1|U|1|0|0|0|0|0|3|3|0|0|1K|6|D|60OL|60QQ|24B
33F|Q5|3|A|S|1|N|0|0|0|0|0|0|3|3|0|0|1K|0|B|60RU|60SB|24C
33I|Q6|3|A|H|1|N|0|0|0|0|0|0|3|3|0|0|1K|2|0|60TF|60TX|24D
33K|Q6|3|A|S|1|N|0|0|0|0|0|0|3|3|0|0|1K|0|B|60VF|60WI|24E
33L|Q6|3|A|S|3|N|0|0|0|8|0|0|3|3|0|0|1K|0|B|60WK|60Y2|24F
33M|Q6|3|A|S|3|N|0|0|0|0|0|0|3|3|0|0|1K|7|B|60Y4|60Z4|24G
33N|Q6|3|A|S|3|N|0|0|0|0|0|0|3|3|0|0|1K|0|B|60Z6|60ZR|24H
33N|Q6|3|A|S|1|N|0|0|0|0|0|0|3|3|0|6|2|E|B|60ZR|610O|24H
33O|Q6|3|A|S|1|N|0|0|0|0|0|0|3|3|0|0|1K|0|B|610Q|611K|24I
33P|Q6|3|A|S|L|N|0|0|0|0|0|0|3|3|0|0|1K|0|B|611M|612S|24J
33P|Q6|3|A|S|3|N|0|0|0|0|5|0|3|3|0|0|1K|0|B|612S|614D|24J
33Q|Q6|3|A|S|1|N|0|0|0|1|0|0|3|3|0|0|1K|0|B|614F|6156|24K
33R|Q6|3|A|S|1|N|0|0|0|0|0|0|3|3|0|0|1K|0|B|6158|6168|24L
33S|Q6|3|A|S|1|N|0|0|0|0|0|0|3|3|0|0|1K|0|B|616A|617D|24M
33T|Q6|3|A|S|8|N|0|0|0|0|0|0|3|3|0|0|1K|0|B|617F|6186|24N
33V|Q6|3|A|S|1|N|0|0|0|0|0|0|3|3|0|0|1K|0|B|618A|619G|24O
33V|Q6|3|A|S|R|N|0|0|0|0|0|0|3|3|0|0|1K|7|B|619G|61BG|24O
33V|Q6|3|A|S|3S|N|0|0|0|0|0|0|3|3|0|0|1K|0|B|61BG|61DP|24O
33V|Q6|3|A|S|C|N|0|0|0|0|0|0|3|3|0|0|1K|0|B|61DP|61FD|24O
33V|Q6|3|A|S|C|N|0|0|0|0|0|0|3|3|0|0|1K|0|B|61FD|61GS|24O
33W|Q6|3|A|S|8|N|0|0|0|0|0|0|3|3|0|0|1K|0|B|61GU|61I3|24P
33W|Q6|3|A|S|1|N|0|0|0|0|0|0|3|3|0|V|G|E|B|61I3|61JS|24P
33W|Q6|3|A|S|8|N|0|0|0|0|0|0|3|3|0|36|Q|F|B|61JS|61KV|24P
33W|Q6|3|A|S|Q|N|0|0|0|0|0|0|3|3|1|37|1W|F|B|61KV|61QQ|24P
33W|Q6|3|A|S|8|N|0|0|0|0|0|0|3|3|0|0|1K|0|B|61QQ|61RH|24P
33W|Q6|3|A|S|1X|N|0|0|0|0|0|0|3|3|0|0|1K|7|B|61RH|61V7|24P
33X|Q6|3|A|S|4Y|N|0|0|5|0|0|0|3|3|0|0|1K|7|B|61V9|6216|24Q
33Y|Q6|3|A|S|C|N|0|0|0|0|6|0|3|3|0|0|1K|0|B|6218|623K|24R
33Y|Q6|3|A|S|1|N|0|0|0|0|1D|0|3|3|0|0|1K|0|B|623K|6258|24R
33Z|Q6|3|A|S|1|N|0|0|0|0|8|0|3|3|0|0|1K|0|B|625A|6261|24S
33Z|Q6|3|A|S|1|N|0|0|0|0|Y|0|3|3|0|0|1K|0|B|6261|626Y|24S
33Z|Q6|3|A|D|2I|L|1|0|0|1|0|0|3|3|0|V|G|J|D|626Y|6291|24S
340|Q6|3|A|S|H|N|0|0|0|0|0|0|3|3|0|0|1K|0|B|6293|62B2|24T
340|Q6|3|A|D|L|L|1|0|0|0|0|0|3|3|0|0|1K|6|D|62B2|62FW|24T
340|Q6|3|A|S|I|N|0|0|0|0|0|0|3|3|0|Q|K|E|B|62FW|62HB|24T
341|Q6|3|A|S|3|N|5|0|5|7|0|0|3|3|0|0|1K|0|B|62HD|62JJ|24U
341|Q6|3|A|S|7|N|0|0|0|2|0|0|3|3|0|0|1K|0|B|62JJ|62K1|24U
341|Q6|3|A|S|7|N|0|0|0|4|0|0|3|3|0|0|1K|0|B|62K1|62LS|24U
341|Q6|3|A|S|3|N|0|0|0|0|0|0|3|3|0|0|1K|0|B|62LS|62N1|24U
342|Q6|3|A|S|3|N|0|0|0|0|0|0|3|3|0|0|1K|0|B|62N3|62OC|24V
342|Q6|3|A|S|O|N|0|0|0|0|0|0|3|3|0|0|1K|0|B|62OC|62P6|24V
342|Q6|3|A|S|L|N|6|0|0|0|0|0|3|3|0|0|1K|0|B|62P6|62R0|24V
343|Q6|3|A|S|3|N|0|0|6|0|0|0|3|3|0|0|1K|0|B|62R2|62TT|24W
343|Q6|3|A|S|6|N|0|0|2|0|0|0|3|3|0|0|1K|0|B|62TT|62VE|24W
344|Q6|3|A|S|1|N|0|0|0|0|0|0|3|3|0|0|1K|0|B|62VG|62XD|24X
344|Q6|3|A|S|1|N|0|0|0|0|0|0|3|3|0|0|1K|0|B|62XD|62YF|24X
345|Q6|3|A|D|1|R|0|0|0|0|0|0|3|3|1|0|1K|6|D|62YH|6318|24Y
345|Q6|3|A|S|1|N|0|0|0|0|0|0|3|3|0|0|1K|0|B|6318|6322|24Y
345|Q6|3|A|S|1|N|0|0|0|0|0|0|3|3|0|0|1K|0|B|6322|632N|24Y
346|Q6|3|A|S|I|N|0|0|0|0|0|0|3|3|0|0|1K|0|B|632P|6344|24Z
346|Q6|3|A|S|3|N|0|0|0|1|0|0|3|3|0|0|1K|0|B|6344|636Y|24Z
346|Q6|3|A|S|D|N|0|0|0|0|0|0|3|3|0|0|1K|0|B|636Y|6393|24Z
348|Q7|3|A|H|1|N|0|0|0|0|0|0|3|3|0|0|1K|2|0|6397|639V|250
34A|Q7|3|A|S|1|N|0|1|0|0|0|0|3|3|0|0|1K|0|B|63BD|63C2|251
34B|Q7|3|A|S|3|N|0|0|0|0|0|0|3|3|1|0|1K|0|B|63C4|63E1|252
34B|Q7|3|A|S|1|N|0|0|0|0|0|0|3|3|1|0|1K|0|B|63E1|63EP|252
34B|Q7|3|A|S|3|N|0|0|0|0|7|0|3|3|0|0|1K|0|B|63EP|63GD|252
34B|Q7|3|A|S|6|N|0|0|0|0|0|0|3|3|0|0|1K|0|B|63GD|63HY|252
34C|Q7|3|A|S|6|N|0|0|0|0|7|0|3|3|0|0|1K|0|B|63I0|63KU|253
34C|Q7|3|A|S|1|N|0|0|0|1|0|0|3|3|0|0|1K|0|B|63KU|63MC|253
34D|Q7|3|A|S|3|N|0|0|0|2|2|0|3|3|0|0|1K|0|B|63ME|63Q2|254
34E|Q7|3|A|D|1|U|1|0|0|0|0|0|3|3|0|0|1K|6|D|63Q4|63SE|255
34G|Q7|3|A|S|1|N|0|9|0|0|0|0|3|3|0|0|1K|0|B|63SI|63T7|256
34H|Q7|3|A|D|3|C|0|0|0|1|0|0|3|3|0|0|1K|6|D|63T9|63UO|257
34H|Q7|3|A|S|3|N|0|0|0|0|0|0|3|3|0|0|1K|0|B|63UO|63VF|257
34H|Q7|3|A|S|8|N|0|0|0|0|0|0|3|3|0|0|1K|0|B|63VF|63W3|257
34I|Q7|3|A|S|3|N|0|0|2|0|0|0|3|3|0|0|1K|0|B|63W5|63XB|258
34I|Q7|3|A|S|1|N|0|0|0|0|0|0|3|3|0|0|1K|0|B|63XB|63YZ|258
34J|Q7|3|A|S|L|N|0|0|2|0|0|0|3|3|0|0|1K|0|B|63Z1|641G|259
34J|Q7|3|A|S|1|N|0|0|0|0|0|0|3|3|0|0|1K|0|B|641G|642J|259
34K|Q7|3|A|D|1|U|1|0|0|0|0|0|3|3|0|0|1K|6|D|642L|644O|25A
34M|Q7|3|A|S|1|N|0|7|0|0|0|0|3|3|0|0|1K|0|B|644S|645H|25B
34N|Q7|3|A|S|7|N|0|0|0|0|0|0|3|3|0|0|1K|0|B|645J|6471|25C
34N|Q7|3|A|S|X|N|0|0|0|0|0|0|3|3|0|0|1K|0|B|6471|648A|25C
34N|Q7|3|A|S|1|N|0|0|0|0|0|0|3|3|1|0|1K|0|B|648A|648Y|25C
34O|Q7|3|A|S|1|N|0|0|0|0|0|0|3|3|1|0|1K|0|B|6490|649X|25D
34O|Q7|3|A|S|1|N|0|0|0|0|0|0|3|3|1|0|1K|0|B|649X|64AU|25D
34O|Q7|3|A|S|C|N|0|5|0|0|0|0|3|3|0|0|1K|0|B|64AU|64BC|25D
34P|Q7|3|A|S|D|N|0|G|0|0|0|0|3|3|0|0|1K|0|B|64BE|64DH|25E
34Q|Q7|3|A|D|1|D|1|0|0|0|0|0|3|3|0|0|1K|6|D|64DJ|64G7|25F
34T|Q8|3|B|S|1|N|0|0|0|0|0|0|3|3|0|0|1K|0|B|64HB|64HS|25G
34W|Q9|3|B|H|1|N|0|0|0|0|0|0|3|3|0|0|1K|2|0|64IW|64JE|25H
34Y|Q9|3|B|S|1|N|0|0|0|0|0|0|3|3|0|0|1K|0|B|64KW|64MK|25I
34Y|Q9|3|B|S|1Z|N|0|0|0|0|0|0|3|3|0|0|1K|0|B|64MK|64QT|25I
34Z|Q9|3|B|S|1|N|0|0|0|0|0|0|3|3|0|0|1K|0|B|64QV|64SA|25J
350|Q9|3|B|S|7|N|0|0|0|0|0|0|3|3|0|0|1K|0|B|64SC|64U6|25K
351|Q9|3|B|S|L|N|0|0|0|0|0|0|3|3|0|0|1K|0|B|64U8|64WB|25L
352|Q9|3|B|S|1|N|0|0|0|0|0|0|3|3|0|0|1K|0|B|64WD|64XJ|25M
353|Q9|3|B|S|1|N|0|0|0|0|0|0|3|3|0|F|C|E|B|64XL|64YO|25N
354|Q9|3|B|S|3|N|0|0|0|0|0|0|3|3|0|2Q|6|E|B|64YQ|650N|25O
355|Q9|3|B|S|3|N|0|0|0|2|2|0|3|3|0|0|1K|0|B|650P|651S|25P
357|Q9|3|B|S|L|N|7|0|0|0|0|0|3|3|1|M|H|E|B|651W|6552|25Q
357|Q9|3|B|S|3|N|7|0|0|0|0|0|3|3|0|A|9|E|B|6552|656B|25Q
357|Q9|3|B|S|1|N|0|0|0|0|0|0|3|3|1|0|1K|0|B|656B|6572|25Q
358|Q9|3|B|S|D|N|0|0|0|0|6|0|3|3|0|0|1K|0|B|6574|658V|25R
359|Q9|3|B|S|1X|N|0|0|5|0|0|0|3|3|1|0|1K|0|B|658X|65BF|25S
359|Q9|3|B|S|1E|N|0|0|2|1|0|0|3|3|0|0|1K|0|B|65BF|65DF|25S
359|Q9|3|B|S|1|N|0|0|0|0|0|0|3|3|1|2B|1A|F|B|65DF|65E9|25S
35A|Q9|3|B|S|4Z|N|7|0|0|0|0|0|3|3|0|0|1K|0|B|65EB|65LQ|25T
35B|Q9|3|B|S|2D|N|0|0|0|2|2|0|3|3|1|0|1K|0|B|65LS|65PD|25U
35B|Q9|3|B|S|G|N|0|0|0|0|0|0|3|3|1|0|1K|0|B|65PD|65S1|25U
35C|Q9|3|B|S|1|N|0|0|0|0|1U|0|3|3|1|0|1K|0|B|65S3|65UI|25V
35C|Q9|3|B|S|I|N|0|0|0|0|0|0|3|3|0|0|1K|0|B|65UI|65WF|25V
35C|Q9|3|B|S|14|N|0|0|0|0|1U|0|3|3|0|J|C|F|B|65WF|65XR|25V
35D|Q9|3|B|S|J|N|0|0|0|0|0|0|3|3|0|2K|A|E|B|65XT|65ZW|25W
35E|Q9|3|B|S|2Y|N|0|0|0|2|2|0|3|3|1|0|1K|0|B|65ZY|6647|25X
35F|Q9|3|B|S|3E|N|5|0|0|8|0|0|3|3|0|0|1K|0|B|6649|668F|25Y
35G|Q9|3|B|S|3|N|0|0|0|0|0|0|3|3|0|0|1K|0|B|668H|66AN|25Z
35G|Q9|3|B|S|8|N|0|0|0|0|0|0|3|3|0|M|H|E|B|66AN|66BW|25Z
35I|QA|3|B|H|1|N|0|0|0|0|0|0|3|3|0|0|1K|2|0|66C0|66CL|260
35K|QA|3|B|S|1|N|0|3|0|0|0|0|3|3|0|0|1K|0|B|66E3|66ES|261
35L|QA|3|B|S|1|N|0|0|0|0|0|0|3|3|0|0|1K|0|B|66EU|66F6|262
35L|QA|3|B|S|C|N|0|0|0|0|0|0|3|3|1|0|1K|0|B|66F6|66G0|262
35L|QA|3|B|S|3|N|0|0|0|1|0|0|3|3|0|0|1K|0|B|66G0|66GX|262
35L|QA|3|B|S|1|N|0|0|0|0|0|0|3|3|0|0|1K|0|B|66GX|66HI|262
35M|QA|3|B|S|D|N|0|0|0|0|0|0|3|3|0|0|1K|0|B|66HK|66IQ|263
35M|QA|3|B|D|L|L|1|0|0|0|0|0|3|3|0|0|1K|6|D|66IQ|66KZ|263
35N|QA|3|B|S|B|N|6|0|0|0|0|0|3|3|0|0|1K|0|B|66L1|66NS|264
35N|QA|3|B|S|2Q|N|0|0|0|0|0|0|3|3|0|1O|C|E|B|66NS|66QJ|264
35O|QA|3|B|D|1|D|1|0|0|0|0|0|3|3|0|0|1K|6|D|66QL|66T6|265
35Q|QA|3|B|S|1|N|0|8|0|0|0|0|3|3|0|0|1K|0|B|66TA|66TZ|266
35R|QA|3|B|S|1|N|0|0|0|0|0|0|3|3|0|F|C|E|B|66U1|66UA|267
35R|QA|3|B|S|1|N|0|0|0|0|0|0|3|3|0|0|1K|0|B|66UA|66UV|267
35R|QA|3|B|S|8|N|0|0|0|0|0|0|3|3|0|0|1K|0|B|66UV|66WG|267
35S|QA|3|B|S|50|N|0|0|0|1|0|0|3|3|0|0|1K|8|B|66WI|670I|268
35T|QA|3|B|S|3|N|0|0|0|0|0|0|3|3|0|0|1K|0|B|670K|671T|269
35U|QA|3|B|S|D|N|7|0|0|1|0|0|3|3|0|0|1K|0|B|671V|677D|26A
35U|QA|3|B|S|D|N|0|0|0|0|0|0|3|3|0|0|1K|0|B|677D|678S|26A
35V|QA|3|B|D|1|U|1|0|0|0|0|0|3|3|0|0|1K|6|D|678U|67BL|26B
35X|QA|3|B|S|1|N|0|7|0|0|0|0|3|3|0|0|1K|0|B|67BP|67CE|26C
35Y|QA|3|B|S|1|N|0|0|0|0|0|0|3|3|1|0|1K|0|B|67CG|67DJ|26D
35Y|QA|3|B|S|1|N|0|0|0|0|0|0|3|3|1|0|1K|0|B|67DJ|67FA|26D
35Z|QA|3|B|S|1|N|6|0|0|0|0|0|3|3|0|0|1K|0|B|67FC|67GL|26E
35Z|QA|3|B|S|L|N|0|0|0|1|0|0|3|3|0|0|1K|8|B|67GL|67J3|26E
35Z|QA|3|B|S|3|N|0|0|0|7|0|0|3|3|0|0|1K|0|B|67J3|67KC|26E
360|QA|3|B|S|3|N|0|0|0|0|0|0|3|3|1|2B|1A|F|B|67KE|67N5|26F
360|QA|3|B|S|2|N|0|0|0|0|0|0|3|3|1|0|1K|0|B|67N5|67OT|26F
361|QA|3|B|D|1|U|1|0|0|0|0|0|3|3|0|0|1K|6|D|67OV|67QY|26G
364|QB|3|C|S|1|N|0|0|0|0|0|0|3|3|0|0|1K|0|B|67S2|67SJ|26H
367|QC|3|C|H|1|N|0|0|0|0|0|0|3|3|0|0|1K|2|0|67TN|67U5|26I
369|QC|3|C|S|I|N|0|0|0|0|0|0|3|3|1|0|1K|0|B|67VN|67XE|26J
36A|QC|3|C|S|2|N|0|0|0|1|0|0|3|3|0|0|1K|0|B|67XG|67Z4|26K
36B|QC|3|C|S|P|N|5|0|0|0|0|0|3|3|0|0|1K|0|B|67Z6|6819|26L
36C|QC|3|C|S|51|N|0|0|0|0|0|0|3|3|1|0|1K|0|B|681B|685K|26M
36C|QC|3|C|S|13|N|0|0|0|0|0|0|3|3|0|0|1K|0|B|685K|686Z|26M
36C|QC|3|C|S|4|N|0|0|0|0|0|0|3|3|0|0|1K|0|B|686Z|687K|26M
36E|QC|3|C|S|1|N|0|0|0|0|0|0|3|3|0|0|1K|0|B|687O|689I|26N
36E|QC|3|C|S|1|N|0|0|0|0|0|0|3|3|0|0|1K|0|B|689I|68B9|26N
36F|QC|3|C|S|1|N|0|0|0|0|0|0|3|3|0|Q|K|E|B|68BB|68CW|26O
36F|QC|3|C|S|D|N|0|0|0|0|0|0|3|3|0|0|1K|0|B|68CW|68EH|26O
36F|QC|3|C|S|3|N|0|0|0|0|0|0|3|3|0|2N|Q|E|B|68EH|68G8|26O
36F|QC|3|C|S|4Z|N|0|0|0|0|0|0|3|3|0|0|1K|0|B|68G8|68JT|26O
36F|QC|3|C|S|32|N|0|0|0|0|0|0|3|3|0|0|1K|0|B|68JT|68QK|26O
36G|QC|3|C|S|52|N|0|0|0|0|0|0|3|3|0|0|1K|0|B|68QM|68T7|26P
36I|QC|3|C|S|1|N|0|0|0|0|L|0|3|3|0|0|1K|0|B|68TB|68V2|26Q
36I|QC|3|C|S|1|N|0|0|0|0|0|0|3|3|0|0|1K|0|B|68V2|68WB|26Q
36I|QC|3|C|S|D|N|0|0|0|0|L|0|3|3|0|0|1K|0|B|68WB|68YE|26Q
36J|QC|3|C|S|6|N|0|0|0|0|L|0|3|3|1|0|1K|0|B|68YG|6924|26R
36J|QC|3|C|S|D|N|0|0|0|0|0|0|3|3|0|0|1K|0|B|6924|693P|26R
36K|QC|3|C|S|C|N|0|0|0|0|0|0|3|3|0|0|1K|0|B|693R|695I|26S
36L|QC|3|C|D|1|L|1|0|0|1|1D|0|3|3|0|0|1K|6|D|695K|6985|26T
36L|QC|3|C|S|5|N|0|0|0|0|0|0|3|3|0|0|1K|0|B|6985|699N|26T
36M|QC|3|C|S|9|N|0|0|7|0|0|0|3|3|0|0|1K|7|B|699P|69DA|26U
36N|QC|3|C|S|1|N|0|0|0|0|0|0|3|3|0|0|1K|0|B|69DC|69EO|26V
36N|QC|3|C|S|7|N|0|0|0|0|0|0|3|3|1|0|1K|0|B|69EO|69GC|26V
36N|QC|3|C|S|7|N|0|0|0|0|0|0|3|3|1|0|1K|0|B|69GC|69I0|26V
36N|QC|3|C|S|D|N|0|0|0|0|0|0|3|3|0|0|1K|0|B|69I0|69K3|26V
36O|QC|3|C|S|X|N|0|0|0|0|0|0|3|3|0|0|1K|0|B|69K5|69MT|26W
36O|QC|3|C|S|3|N|0|0|8|0|6|0|3|3|0|0|1K|0|B|69MT|69NW|26W
36Q|QD|3|C|H|1|N|0|0|0|0|0|0|3|3|0|0|1K|2|0|69O0|69OO|26X
36S|QD|3|C|S|1|N|0|1|0|0|0|0|3|3|0|0|1K|0|B|69Q6|69QV|26Y
36T|QD|3|C|S|L|N|0|0|0|0|0|0|3|3|1|0|1K|0|B|69QX|69S9|26Z
36T|QD|3|C|S|1|N|0|0|0|0|0|0|3|3|1|0|1K|0|B|69S9|69T6|26Z
36T|QD|3|C|S|L|N|0|0|0|0|6|0|3|3|0|0|1K|0|B|69T6|69VC|26Z
36U|QD|3|C|S|1|N|0|2|0|0|0|0|3|3|0|0|1K|0|B|69VE|69VW|270
36U|QD|3|C|S|1|N|0|1|0|0|0|0|3|3|0|0|1K|0|B|69VW|69WT|270
36V|QD|3|C|S|1|N|6|0|0|1|0|0|3|3|0|0|1K|0|B|69WV|69Y1|271
36V|QD|3|C|S|D|N|0|0|0|0|1D|0|3|3|0|0|1K|0|B|69Y1|69Z7|271
36V|QD|3|C|S|6|N|0|2|0|0|0|0|3|3|0|2X|A|E|B|69Z7|6A0P|271
36W|QD|3|C|S|7|N|0|0|0|1|0|0|3|3|0|1U|2|E|B|6A0R|6A2C|272
36W|QD|3|C|S|L|N|0|0|0|2|0|0|3|3|0|0|1K|0|B|6A2C|6A56|272
36X|QD|3|C|S|1|N|0|0|0|0|0|0|3|3|0|0|1K|0|B|6A58|6A6W|273
36Z|QD|3|C|S|1|N|0|3|0|0|0|0|3|3|0|0|1K|0|B|6A70|6A7P|274
370|QD|3|C|S|1|N|0|0|0|0|0|0|3|3|0|0|1K|0|B|6A7R|6A8I|275
370|QD|3|C|S|1|N|0|0|0|0|0|0|3|3|1|0|1K|0|B|6A8I|6A93|275
370|QD|3|C|S|1L|N|0|J|0|0|0|0|3|3|0|0|1K|0|B|6A93|6A9O|275
371|QD|3|C|S|1|N|0|6|0|0|0|0|3|3|0|0|1K|0|B|6A9Q|6AA8|276
371|QD|3|C|S|1|N|0|3|2|0|0|0|3|3|0|0|1K|0|B|6AA8|6AC5|276
371|QD|3|C|S|D|N|0|0|0|1|0|0|3|3|0|0|1K|8|B|6AC5|6ADQ|276
371|QD|3|C|S|3|N|0|0|0|0|0|0|3|3|0|2K|A|E|B|6ADQ|6AEB|276
371|QD|3|C|S|3|N|0|0|0|0|0|0|3|3|0|2N|Q|E|B|6AEB|6AFK|276
372|QD|3|C|S|12|N|0|J|0|0|0|0|3|3|0|0|1K|0|B|6AFM|6AIJ|277
372|QD|3|C|S|35|N|0|0|0|0|0|0|3|3|0|0|1K|0|B|6AIJ|6AL4|277
373|QD|3|C|D|1|U|1|0|0|0|0|0|3|3|0|0|1K|6|D|6AL6|6AMX|278
375|QD|3|C|S|1|N|0|7|0|0|0|0|3|3|0|0|1K|0|B|6AN1|6ANQ|279
376|QD|3|C|S|7|N|0|0|0|0|0|0|3|3|0|0|1K|0|B|6ANS|6AQ4|27A
376|QD|3|C|S|2|N|0|0|0|0|0|0|3|3|0|0|1K|0|B|6AQ4|6AQP|27A
376|QD|3|C|S|7|N|0|0|0|0|0|0|3|3|1|0|1K|8|B|6AQP|6ASA|27A
376|QD|3|C|S|1|N|0|0|0|0|0|0|3|3|1|0|1K|0|B|6ASA|6ASY|27A
376|QD|3|C|S|3|N|0|0|0|0|0|0|3|3|0|0|1K|0|B|6ASY|6AU1|27A
377|QD|3|C|S|6|N|0|0|0|0|0|0|3|3|0|0|1K|0|B|6AU3|6AVO|27B
377|QD|3|C|S|C|N|6|0|0|1|0|0|3|3|0|0|1K|0|B|6AVO|6AX0|27B
378|QD|3|C|S|2T|N|9|0|0|1|0|0|3|3|0|0|1K|0|B|6AX2|6AZW|27C
379|QD|3|C|S|1|N|6|0|0|2|0|0|3|3|0|0|1K|0|B|6AZY|6B1P|27D
37A|QD|3|C|S|B|N|0|0|0|0|0|0|3|3|0|0|1K|0|B|6B1R|6B26|27E
37A|QD|3|C|S|1|N|0|5|0|0|0|0|3|3|0|0|1K|0|B|6B26|6B3O|27E
37A|QD|3|C|S|3I|N|0|0|0|0|0|0|3|3|0|0|1K|0|B|6B3O|6B4C|27E
37B|QD|3|C|D|1|Y|1|0|0|0|0|0|3|3|0|0|1K|6|D|6B4E|6B7E|27F
37E|QE|3|D|S|1|N|0|0|0|0|0|0|3|3|0|0|1K|0|B|6B8I|6B8Z|27G
37H|QF|3|D|H|1|N|0|0|0|0|0|0|3|3|0|0|1K|2|0|6BA3|6BAL|27H
37J|QF|3|D|S|1|N|0|0|0|0|0|0|3|3|0|0|1K|0|B|6BC3|6BCL|27I
37J|QF|3|D|S|3|N|0|0|0|0|0|0|3|3|0|0|1K|0|B|6BCL|6BDU|27I
37K|QF|3|D|S|3|N|0|0|0|0|0|0|3|3|0|0|1K|0|B|6BDW|6BEN|27J
37K|QF|3|D|S|8|N|0|0|0|0|0|0|3|3|0|0|1K|0|B|6BEN|6BFB|27J
37L|QF|3|D|S|1|N|0|0|0|0|0|0|3|3|0|0|1K|0|B|6BFD|6BGY|27K
37L|QF|3|D|S|1|N|0|0|0|0|0|0|3|3|1|0|1K|0|B|6BGY|6BI4|27K
37N|QF|3|D|S|3|N|5|0|0|0|0|0|3|3|0|0|1K|0|B|6BI8|6BKT|27L
37N|QF|3|D|S|3|N|0|0|0|0|0|0|3|3|1|0|1K|0|B|6BKT|6BLT|27L
37O|QF|3|D|S|1|N|0|0|0|0|0|0|3|3|0|F|C|E|B|6BLV|6BN4|27M
37O|QF|3|D|D|P|C|0|0|0|0|0|0|3|3|0|0|1K|6|D|6BN4|6BR4|27M
37P|QF|3|D|S|D|N|0|0|0|0|0|0|3|3|0|1|2|E|B|6BR6|6BT9|27N
37P|QF|3|D|S|6|N|0|0|0|0|0|0|3|3|0|0|1K|0|B|6BT9|6BUU|27N
37Q|QF|3|D|S|3|N|0|0|0|1|0|0|3|3|0|0|1K|0|B|6BUW|6BWQ|27O
37R|QF|3|D|S|D|N|0|0|0|0|J|0|3|3|0|0|1K|8|B|6BWS|6BYY|27P
37S|QF|3|D|S|3|N|0|0|0|1|8|0|3|3|0|0|1K|8|B|6BZ0|6C29|27Q
37S|QF|3|D|S|3|N|0|0|0|0|0|0|3|3|0|0|1K|0|B|6C29|6C3O|27Q
37T|QF|3|D|S|3|N|0|0|0|2|0|0|3|3|0|0|1K|0|B|6C3Q|6C5N|27R
37U|QF|3|D|S|X|N|6|0|0|0|0|0|3|3|0|38|2|E|B|6C5P|6C9G|27S
37U|QF|3|D|S|D|N|0|0|0|0|0|0|3|3|0|0|1K|0|B|6C9G|6CBJ|27S
37V|QF|3|D|S|23|N|0|0|0|0|0|0|3|3|0|0|1K|0|B|6CBL|6CDX|27T
37W|QF|3|D|S|3|N|0|0|0|0|0|0|3|3|0|0|1K|0|B|6CDZ|6CF8|27U
37W|QF|3|D|S|D|N|0|0|0|0|0|0|3|3|0|0|1K|0|B|6CF8|6CGH|27U
37Y|QF|3|D|S|1|N|0|0|0|0|0|0|3|3|0|0|1K|0|B|6CGL|6CIY|27V
37Y|QF|3|D|S|J|N|0|0|0|1|5|0|3|3|0|L|G|D|B|6CIY|6CMM|27V
380|QG|3|D|H|1|N|0|0|0|0|0|0|3|3|0|0|1K|2|0|6CMQ|6CNE|27W
382|QG|3|D|S|1|N|0|1|0|0|0|0|3|3|0|0|1K|0|B|6COW|6CPL|27X
383|QG|3|D|S|2|N|0|0|0|0|0|0|3|3|0|0|1K|0|B|6CPN|6CQK|27Y
383|QG|3|D|S|L|N|0|0|0|0|0|0|3|3|0|0|1K|0|B|6CQK|6CRZ|27Y
384|QG|3|D|S|3|N|6|0|0|0|0|0|3|3|0|0|1K|0|B|6CS1|6CUX|27Z
385|QG|3|D|S|J|N|0|0|0|1|0|0|3|3|0|1U|2|D|B|6CUZ|6CWQ|280
385|QG|3|D|S|D|N|0|0|0|0|0|0|3|3|0|0|1K|0|B|6CWQ|6CXK|280
385|QG|3|D|S|53|N|0|0|0|0|0|0|3|3|0|0|1K|0|B|6CXK|6CYT|280
386|QG|3|D|S|3|N|0|0|0|0|0|0|3|3|0|0|1K|0|B|6CYV|6CZY|281
386|QG|3|D|S|O|N|0|0|0|0|0|0|3|3|1|0|1K|0|B|6CZY|6D1J|281
386|QG|3|D|S|Y|N|0|0|0|2|0|0|3|3|1|0|1K|0|B|6D1J|6D4A|281
387|QG|3|D|D|1|U|1|0|0|0|0|0|3|3|0|0|1K|6|D|6D4C|6D6J|282
389|QG|3|D|S|1|N|0|A|0|0|0|0|3|3|0|0|1K|0|B|6D6N|6D7C|283
38A|QG|3|D|S|1|N|0|0|0|0|0|0|3|3|0|F|C|E|B|6D7E|6D7Q|284
38A|QG|3|D|S|1|N|0|0|0|0|0|0|3|3|0|0|1K|0|B|6D7Q|6D8B|284
38A|QG|3|D|S|1|N|0|0|0|0|0|0|3|3|0|0|1K|0|B|6D8B|6D9T|284
38A|QG|3|D|S|1|N|0|0|0|0|0|0|3|3|0|0|1K|0|B|6D9T|6DA8|284
38B|QG|3|D|S|1|N|0|0|0|0|0|0|3|3|0|0|1K|0|B|6DAA|6DAV|285
38C|QG|3|D|S|L|N|0|0|0|2|0|0|3|3|0|0|1K|0|B|6DAX|6DD8|286
38D|QG|3|D|S|3|N|0|0|0|0|2|0|3|3|0|0|1K|0|B|6DDA|6DEA|287
38D|QG|3|D|S|D|N|7|0|0|0|0|0|3|3|0|0|1K|8|B|6DEA|6DFJ|287
38E|QG|3|D|D|7|Y|1|0|0|0|0|0|3|3|0|0|1K|6|D|6DFL|6DI0|288
38G|QG|3|D|S|1|N|0|9|0|0|0|0|3|3|0|0|1K|0|B|6DI4|6DIT|289
38H|QG|3|D|S|1|N|0|0|0|0|0|0|3|3|0|0|1K|0|B|6DIV|6DJM|28A
38H|QG|3|D|S|1|N|0|0|0|0|0|0|3|3|0|0|1K|0|B|6DJM|6DK4|28A
38H|QG|3|D|S|3|N|0|0|0|0|0|0|3|3|0|0|1K|0|B|6DK4|6DLJ|28A
38H|QG|3|D|S|1|N|0|0|0|0|0|0|3|3|0|0|1K|0|B|6DLJ|6DM7|28A
38H|QG|3|D|S|3|N|0|0|0|1|0|0|3|3|0|0|1K|0|B|6DM7|6DMV|28A
38I|QG|3|D|S|L|N|0|0|0|0|0|0|3|3|0|0|1K|0|B|6DMX|6DON|28B
38I|QG|3|D|S|53|N|0|0|0|0|0|0|3|3|0|0|1K|0|B|6DON|6DPK|28B
38J|QG|3|D|S|1|N|6|0|0|2|0|0|3|3|0|0|1K|0|B|6DPM|6DQS|28C
38J|QG|3|D|S|3|N|0|0|0|1|0|0|3|3|0|V|G|E|B|6DQS|6DRV|28C
38J|QG|3|D|S|4R|N|0|0|0|0|0|0|3|3|1|2W|1A|F|B|6DRV|6DUJ|28C
38K|QG|3|D|S|1|N|6|0|0|1|0|0|3|3|0|0|1K|0|B|6DUL|6DWF|28D
38K|QG|3|D|S|1|N|0|0|0|0|0|0|3|3|1|0|1K|0|B|6DWF|6DXL|28D
38L|QG|3|D|S|3|N|0|0|0|0|0|0|3|3|0|0|1K|0|B|6DXN|6DZW|28E
38M|QG|3|D|D|1|U|1|0|0|0|0|0|3|3|0|0|1K|6|D|6DZY|6E22|28F
38P|QH|3|E|S|1|N|0|0|0|0|0|0|3|3|0|0|1K|0|B|6E36|6E3N|28G
38S|QI|3|E|H|1|N|0|0|0|0|0|0|3|3|0|0|1K|2|0|6E4R|6E59|28H
38U|QI|3|E|S|7|N|0|0|0|0|0|0|3|3|0|F|C|F|B|6E6R|6E86|28I
38V|QI|3|E|S|1|N|0|0|0|0|0|0|3|3|0|0|1K|0|B|6E88|6E9K|28J
38W|QI|3|E|S|1|N|0|0|0|0|0|0|3|3|0|0|1K|0|B|6E9M|6EAY|28K
38X|QI|3|E|S|1D|N|0|0|0|0|0|0|3|3|0|0|1K|0|B|6EB0|6EBR|28L
38Y|QI|3|E|S|54|N|0|0|0|0|0|0|3|3|0|1O|C|E|B|6EBT|6EDQ|28M
38Z|QI|3|E|S|X|N|0|0|0|1|0|0|3|3|0|0|1K|8|B|6EDS|6EFD|28N
38Z|QI|3|E|S|3|N|0|0|0|0|0|0|3|3|0|13|Q|E|B|6EFD|6EGA|28N
38Z|QI|3|E|S|3|N|0|0|0|0|0|0|3|3|0|0|1K|0|B|6EGA|6EH1|28N
38Z|QI|3|E|S|3|N|0|0|0|2|2|0|3|3|0|0|1K|0|B|6EH1|6EI7|28N
390|QI|3|E|S|1|N|0|0|0|0|0|0|3|3|0|0|1K|0|B|6EI9|6EJ9|28O
392|QI|3|E|S|1|N|0|0|0|2|0|0|3|3|0|0|1K|0|B|6EJD|6ELY|28P
393|QI|3|E|S|32|N|7|0|0|0|0|0|3|3|0|0|1K|0|B|6EM0|6EOI|28Q
393|QI|3|E|S|13|N|0|0|0|0|0|0|3|3|0|0|1K|0|B|6EOI|6EQR|28Q
394|QI|3|E|S|13|N|5|0|0|0|0|0|3|3|0|0|1K|0|B|6EQT|6ESQ|28R
395|QI|3|E|S|L|N|7|0|0|0|0|0|3|3|0|0|1K|0|B|6ESS|6EUM|28S
396|QI|3|E|S|3|N|0|0|0|0|0|0|3|3|0|0|1K|0|B|6EUO|6EW2|28T
396|QI|3|E|S|4R|N|0|0|0|0|0|0|3|3|0|2N|Q|E|B|6EW2|6EXQ|28T
397|QI|3|E|S|3|N|0|0|0|0|2|0|3|3|0|0|1K|0|B|6EXS|6EYY|28U
397|QI|3|E|S|J|N|0|0|0|0|0|0|3|3|0|0|1K|0|B|6EYY|6F0Y|28U
398|QI|3|E|S|3|N|0|0|0|0|0|0|3|3|0|0|1K|0|B|6F10|6F33|28V
399|QI|3|E|S|R|N|0|0|0|0|0|0|3|3|0|0|1K|0|B|6F35|6F5K|28W
39A|QI|3|E|S|F|N|0|0|0|1|0|0|3|3|0|0|1K|0|B|6F5M|6F87|28X
39A|QI|3|E|S|J|N|0|0|0|0|0|0|3|3|0|0|1K|U|B|6F87|6F9S|28X
39B|QI|3|E|S|3|N|0|0|0|1|0|0|3|3|0|0|1K|0|B|6F9U|6FCC|28Y
39B|QI|3|E|S|Z|N|0|0|0|2|0|0|3|3|0|13|Q|E|B|6FCC|6FEI|28Y
39B|QI|3|E|S|3|N|0|0|0|2|0|0|3|3|1|0|1K|0|B|6FEI|6FGF|28Y
39D|QJ|3|E|H|1|N|0|0|0|0|0|0|3|3|0|0|1K|2|0|6FGJ|6FH7|28Z
39F|QJ|3|E|S|1|N|0|0|0|0|0|0|3|3|0|0|1K|0|B|6FIP|6FKR|290
39G|QJ|3|E|S|L|N|0|0|0|0|0|0|3|3|0|0|1K|0|B|6FKT|6FMF|291
39G|QJ|3|E|S|D|N|0|0|0|0|0|0|3|3|0|13|Q|E|B|6FMF|6FNC|291
39H|QJ|3|E|S|L|N|0|0|0|0|0|0|3|3|0|0|1K|7|B|6FNE|6FOP|292
39J|QK|3|E|H|1|N|0|0|0|0|0|0|3|3|0|0|1K|2|0|6FOT|6FPH|293
39L|QK|3|E|S|1|N|0|1|0|0|0|0|3|3|0|0|1K|0|B|6FQZ|6FRO|294
39M|QK|3|E|S|1|N|0|0|0|0|0|0|3|3|0|0|1K|0|B|6FRQ|6FS5|295
39M|QK|3|E|S|1|N|0|0|0|0|0|0|3|3|1|0|1K|0|B|6FS5|6FSK|295
39M|QK|3|E|S|3|N|0|0|0|4|0|0|3|3|0|0|1K|0|B|6FSK|6FT8|295
39N|QK|3|E|S|1|N|0|0|0|0|0|0|3|3|0|0|1K|0|B|6FTA|6FVF|296
39O|QK|3|E|S|J|N|0|0|0|2|0|0|3|3|0|13|Q|E|B|6FVH|6FXV|297
39O|QK|3|E|S|3|N|0|0|0|1|0|0|3|3|0|0|1K|0|B|6FXV|6FZ7|297
39P|QK|3|E|S|H|N|0|0|0|0|0|0|3|3|0|0|1K|0|B|6FZ9|6G1Z|298
39P|QK|3|E|S|1|N|0|0|0|0|0|0|3|3|0|0|1K|0|B|6G1Z|6G2W|298
39P|QK|3|E|S|1|N|0|0|0|0|0|0|3|3|0|0|1K|0|B|6G2W|6G3Z|298
39P|QK|3|E|S|7|N|0|0|0|0|0|0|3|3|0|0|1K|U|B|6G3Z|6G55|298
39Q|QK|3|E|D|1|U|1|0|0|0|0|0|3|3|0|0|1K|6|D|6G57|6G6Y|299
39S|QK|3|E|S|1|N|0|A|0|0|0|0|3|3|0|0|1K|0|B|6G72|6G7R|29A
39T|QK|3|E|S|7|N|0|0|0|0|0|0|3|3|1|0|1K|0|B|6G7T|6G9B|29B
39T|QK|3|E|S|1|N|0|0|0|0|0|0|3|3|0|0|1K|0|B|6G9B|6G9T|29B
39T|QK|3|E|S|1|N|0|0|0|0|0|0|3|3|1|0|1K|0|B|6G9T|6GAH|29B
39T|QK|3|E|S|K|N|0|0|0|0|0|0|3|3|0|0|1K|0|B|6GAH|6GBQ|29B
39U|QK|3|E|S|W|N|6|0|0|1|17|0|3|3|0|0|1K|0|B|6GBS|6GGC|29C
39V|QK|3|E|S|3|N|0|0|0|0|0|0|3|3|0|0|1K|0|B|6GGE|6GI4|29D
39W|QK|3|E|S|3|N|0|0|0|3|0|0|3|3|0|0|1K|0|B|6GI6|6GJO|29E
39X|QK|3|E|D|1|U|1|0|0|0|0|0|3|3|0|0|1K|6|D|6GJQ|6GLL|29F
39Z|QK|3|E|S|1|N|0|9|0|0|0|0|3|3|0|0|1K|0|B|6GLP|6GME|29G
3A0|QK|3|E|S|L|N|0|0|0|0|0|0|3|3|0|0|1K|0|B|6GMG|6GO1|29H
3A0|QK|3|E|S|1|N|0|0|0|0|0|0|3|3|1|0|1K|0|B|6GO1|6GPM|29H
3A1|QK|3|E|S|1|N|0|0|0|0|0|0|3|3|0|0|1K|0|B|6GPO|6GRF|29I
3A2|QK|3|E|S|6|N|0|0|0|0|0|0|3|3|0|0|1K|0|B|6GRH|6GU6|29J
3A3|QK|3|E|S|D|N|0|0|0|0|0|0|3|3|0|0|1K|0|B|6GU8|6GVS|29K
3A3|QK|3|E|S|1|N|0|0|0|0|0|0|3|3|1|0|1K|0|B|6GVS|6GXM|29K
3A4|QK|3|E|S|3|N|0|0|0|0|0|0|3|3|0|0|1K|0|B|6GXO|6GYL|29L
3A4|QK|3|E|S|1|N|0|0|0|3|0|0|3|3|0|0|1K|0|B|6GYL|6GZU|29L
3A5|QK|3|E|S|4|N|0|0|0|4|0|0|3|3|0|0|1K|0|B|6GZW|6H0W|29M
3A5|QK|3|E|S|3|N|0|0|0|0|0|0|3|3|0|13|Q|E|B|6H0W|6H1Q|29M
3A6|QK|3|E|S|R|N|0|0|0|0|6|0|3|3|0|0|1K|0|B|6H1S|6H3S|29N
3A7|QK|3|E|D|1|Y|1|0|0|0|0|0|3|3|0|0|1K|6|D|6H3U|6H61|29O
3AA|QK|3|0|A|1|N|0|0|0|0|0|1|3|3|0|0|1K|V|M|6H75|6H82|29P
3AD|QL|3|0|H|1|N|0|0|0|0|2|2|3|3|0|0|1K|2|0|6H96|6H9I|29Q
3AF|QL|3|0|A|1|N|0|0|0|0|0|2|3|3|1|2B|1A|Z|M|6HB0|6HC0|29R
3AF|QL|3|0|A|3|N|0|0|0|0|0|2|3|3|0|0|1K|V|M|6HC0|6HD0|29R
3AG|QL|3|0|A|7|N|5|0|0|2|L|3|3|3|0|0|1K|V|M|6HD2|6HEZ|29S
3AH|QL|3|0|A|I|N|0|0|0|0|0|3|3|3|0|0|1K|V|M|6HF1|6HFY|29T
3AH|QL|3|0|A|1|N|0|0|0|0|0|3|3|3|0|0|1K|V|M|6HFY|6HGM|29T
3AI|QL|3|0|A|3|N|0|0|0|1|0|3|3|3|0|0|1K|V|M|6HGO|6HIL|29U
3AK|QM|3|0|H|1|N|0|0|0|0|L|3|3|3|0|0|1K|2|0|6HIP|6HJ1|29V
3AM|QM|3|0|A|7|N|0|0|0|0|0|3|3|3|0|0|1K|V|M|6HKJ|6HLY|29W
3AN|QM|3|0|A|1|N|0|0|0|0|0|3|3|3|0|0|1K|V|M|6HM0|6HMU|29X
3AO|QM|3|0|A|1|N|0|0|0|0|0|3|3|3|0|0|1K|V|M|6HMW|6HPB|29Y
3AQ|QN|3|0|H|1|N|0|0|0|0|1X|4|3|3|0|0|1K|2|0|6HPF|6HPR|29Z
3AS|QN|3|0|A|7|N|0|0|0|0|0|4|3|3|0|0|1K|V|M|6HR9|6HSU|2A0
3AS|QN|3|0|A|3|N|0|0|0|0|0|4|3|3|0|0|1K|V|M|6HSU|6HTU|2A0
3AT|QN|3|0|A|3|N|0|0|0|8|0|4|3|3|0|0|1K|V|M|6HTW|6HUZ|2A1
3AU|QN|3|0|A|1|N|0|0|0|0|0|4|3|3|0|0|1K|V|M|6HV1|6HX4|2A2
3AU|QN|3|0|A|1|N|0|0|0|0|1U|4|3|3|0|0|1K|V|M|6HX4|6HXJ|2A2
3AW|QO|3|0|H|1|N|0|0|0|0|1U|5|3|3|0|0|1K|2|0|6HXN|6HXZ|2A3
3AY|QO|3|0|A|1|N|0|0|0|0|0|5|3|3|0|2N|Q|X|M|6HZH|6I0E|2A4
3AY|QO|3|0|A|1|N|0|0|0|0|0|5|3|3|0|0|1K|V|M|6I0E|6I0T|2A4
3AZ|QO|3|0|A|1|N|0|0|0|0|0|5|3|3|0|0|1K|V|M|6I0V|6I1J|2A5
3AZ|QO|3|0|A|3|N|0|0|0|0|0|5|3|3|0|0|1K|V|M|6I1J|6I27|2A5
3B0|QO|3|0|A|3|N|0|0|0|1|0|5|3|3|0|0|1K|V|M|6I29|6I33|2A6
3B2|QP|3|0|H|1|N|0|0|0|0|17|6|3|3|0|0|1K|2|0|6I37|6I3J|2A7
3B4|QP|3|0|A|3|N|0|0|0|0|0|6|3|3|0|0|1K|V|M|6I51|6I5P|2A8
3B4|QP|3|0|A|3|N|0|0|0|0|0|6|3|3|0|0|1K|V|M|6I5P|6I6S|2A8
3B5|QP|3|0|A|1|N|0|0|0|0|15|6|3|3|0|0|1K|V|M|6I6U|6I96|2A9
3B6|QP|3|0|A|3|N|0|0|0|8|0|6|3|3|0|6|2|X|M|6I98|6IAE|2AA
3B7|QP|3|0|A|8|N|0|0|0|1|1U|5|3|3|0|0|1K|V|M|6IAG|6IC4|2AB
3B8|QP|3|0|A|3|N|0|0|0|0|0|5|3|3|0|13|Q|X|M|6IC6|6ICR|2AC
3B8|QP|3|0|A|3|N|0|0|0|0|0|5|3|3|0|0|1K|V|M|6ICR|6IDI|2AC
3B8|QP|3|0|A|1|N|0|0|0|1|0|5|3|3|0|0|1K|V|M|6IDI|6IE6|2AC
3B9|QP|3|0|A|1|N|0|0|0|0|0|5|3|3|0|0|1K|V|M|6IE8|6IEW|2AD
3B9|QP|3|0|A|L|N|0|0|0|0|0|5|3|3|0|0|1K|V|M|6IEW|6IGW|2AD
3BB|QQ|3|0|H|1|N|0|0|0|0|15|7|3|3|0|0|1K|2|0|6IH0|6IHC|2AE
3BD|QQ|3|0|A|1|N|0|0|0|0|0|6|3|3|0|0|1K|V|M|6IIU|6IJ6|2AF
3BD|QQ|3|0|A|I|N|0|0|0|0|0|6|3|3|0|0|1K|V|M|6IJ6|6IJL|2AF
3BD|QQ|3|0|A|1|N|0|0|0|0|17|6|3|3|0|0|1K|V|M|6IJL|6IK3|2AF
3BE|QQ|3|0|A|3|N|0|0|0|0|D|6|3|3|0|0|1K|V|M|6IK5|6IL8|2AG
3BF|QQ|3|0|A|6|N|0|0|0|0|0|6|3|3|0|13|Q|X|M|6ILA|6INM|2AH
3BG|QQ|3|0|A|3|N|0|9|0|0|0|7|3|3|0|0|1K|V|M|6INO|6IOI|2AI
3BG|QQ|3|0|A|1|N|0|0|0|0|15|7|3|3|0|0|1K|V|M|6IOI|6IPC|2AI
3BI|QR|3|0|H|1|N|0|0|0|0|1Y|8|3|3|0|0|1K|2|0|6IPG|6IPS|2AJ
3BK|QR|3|0|A|1|N|0|0|0|0|0|8|3|3|0|0|1K|V|M|6IRA|6IRV|2AK
3BL|QR|3|0|A|1|N|0|0|0|8|0|8|3|3|0|0|1K|V|M|6IRX|6IVC|2AL
3BN|QS|3|0|H|1|N|0|0|0|0|1Z|9|3|3|0|0|1K|2|0|6IVG|6IVS|2AM
3BP|QS|3|0|A|1|N|0|0|0|0|0|9|3|3|0|0|1K|V|M|6IXA|6IY7|2AN
3BQ|QS|3|0|A|3|N|0|0|0|0|0|8|3|3|0|13|Q|X|M|6IY9|6IZL|2AO
3BQ|QS|3|0|A|1|N|0|0|0|0|1Y|8|3|3|0|0|1K|V|M|6IZL|6J03|2AO
3BR|QS|3|0|A|3|N|0|0|0|0|0|8|3|3|0|2N|Q|X|M|6J05|6J2B|2AP
3BT|QT|3|0|H|1|N|0|0|0|0|M|A|3|3|0|0|1K|2|0|6J2F|6J2R|2AQ
3BV|QT|3|0|A|D|N|0|0|0|0|1|B|3|3|0|0|1K|V|M|6J49|6J4R|2AR
3BV|QT|3|0|A|D|N|0|0|0|0|0|B|3|3|0|0|1K|V|M|6J4R|6J63|2AR
3BW|QT|3|0|A|1|N|0|0|2|0|0|B|3|3|0|0|1K|V|M|6J65|6J6T|2AS
3BX|QT|3|0|A|7|N|0|0|1|0|0|B|3|3|0|0|1K|V|M|6J6V|6J87|2AT
3BX|QT|3|0|A|D|N|0|0|0|0|0|B|3|3|0|0|1K|V|M|6J87|6J91|2AT
3BX|QT|3|0|A|8|N|0|0|0|0|0|B|3|3|0|0|1K|V|M|6J91|6JA1|2AT
3BY|QT|3|0|A|1|N|0|0|0|0|0|B|3|3|0|0|1K|V|M|6JA3|6JAU|2AU
3BY|QT|3|0|A|3|N|0|0|0|0|0|B|3|3|0|0|1K|V|M|6JAU|6JBI|2AU
3C0|QU|3|0|H|1|N|0|0|0|0|1D|G|3|3|0|0|1K|2|0|6JBM|6JBY|2AV
3C2|QU|3|0|A|D|N|0|0|0|2|0|G|3|3|0|0|1K|V|M|6JDG|6JE7|2AW
3C3|QU|3|0|A|7|N|0|0|0|0|0|G|3|3|0|0|1K|V|M|6JE9|6JGL|2AX
3C4|QU|3|0|A|1|N|0|0|0|0|0|G|3|3|0|0|1K|V|M|6JGN|6JI2|2AY
3C6|QV|3|0|H|1|N|0|0|0|0|1|B|3|3|0|0|1K|2|0|6JI6|6JIL|2AZ
3C8|QV|3|0|A|1|N|0|0|0|0|0|B|3|3|0|0|1K|V|M|6JK3|6JKR|2B0
3C9|QV|3|0|A|7|N|0|0|0|0|0|B|3|3|0|0|1K|V|M|6JKT|6JMW|2B1
3CA|QV|3|0|A|7|N|0|0|0|0|0|B|3|3|0|14|R|10|M|6JMY|6JO7|2B2
3CB|QV|3|0|A|3|N|0|0|0|0|19|H|3|3|0|0|1K|V|M|6JO9|6JPU|2B3
3CD|QW|3|0|H|1|N|0|0|0|0|6|D|3|3|0|0|1K|2|0|6JPY|6JQD|2B4
3CF|QW|3|0|A|1|N|0|0|0|0|0|D|3|3|0|I|E|X|M|6JRV|6JSS|2B5
3CG|QW|3|0|A|1|N|0|0|0|0|0|D|3|3|0|F|C|X|M|6JSU|6JTF|2B6
3CG|QW|3|0|A|2|N|0|0|0|0|0|D|3|3|0|0|1K|V|M|6JTF|6JU0|2B6
3CI|QX|3|0|H|1|N|0|0|0|0|4|E|3|3|0|0|1K|2|0|6JU4|6JUJ|2B7
3CK|QX|3|0|A|2|N|0|0|0|0|0|E|3|3|0|0|1K|V|M|6JW1|6JWP|2B8
3CL|QX|3|0|A|4|N|0|0|0|0|0|E|3|3|0|0|1K|V|M|6JWR|6JYU|2B9
3CM|QX|3|0|A|1|N|0|0|0|0|0|E|3|3|0|0|1K|V|M|6JYW|6JZZ|2BA
3CN|QX|3|0|A|1|N|0|1|0|0|0|E|3|3|0|0|1K|V|M|6K01|6K11|2BB
3CO|QX|3|0|A|7|N|0|0|0|0|Y|A|3|3|0|0|1K|V|M|6K13|6K2O|2BC
3CQ|QY|3|0|H|1|N|0|0|0|0|20|F|3|3|0|0|1K|2|0|6K2S|6K37|2BD
3CS|QY|3|0|A|1|N|0|0|0|0|0|F|3|3|0|0|1K|V|M|6K4P|6K5P|2BE
3CT|QY|3|0|A|4|N|0|0|0|0|20|F|3|3|0|0|1K|V|M|6K5R|6K76|2BF
3CT|QY|3|0|A|1|N|0|0|0|0|0|F|3|3|0|0|1K|V|M|6K76|6K7U|2BF
3CT|QY|3|0|A|M|N|0|0|0|0|0|F|3|3|0|0|1K|V|M|6K7U|6K8L|2BF
3CU|QY|3|0|A|7|N|0|0|1|0|6|D|3|3|0|0|1K|V|M|6K8N|6KA2|2BG
3CV|QY|3|0|A|K|N|0|0|0|0|0|D|3|3|0|0|1K|V|M|6KA4|6KBY|2BH
3CW|QY|3|0|A|2R|N|0|0|0|1|0|D|3|3|0|0|1K|V|M|6KC0|6KDI|2BI
3D1|QY|4|0|G|1|N|0|0|0|0|0|0|4|4|0|0|1X|0|B|6KEQ|6KEZ|2BJ
3D4|QZ|4|0|H|1|N|0|0|0|0|0|0|4|4|0|0|1X|2|0|6KG3|6KGL|2BK
3D6|QZ|4|0|G|1|N|5|0|0|0|0|0|4|4|0|0|1X|7|B|6KI3|6KKU|2BL
3D6|QZ|4|0|G|1|N|0|0|0|0|0|0|4|4|0|0|1X|0|B|6KKU|6KMC|2BL
3D7|QZ|4|0|G|O|N|0|0|0|0|0|0|4|4|0|0|1X|7|B|6KME|6KP5|2BM
3D7|QZ|4|0|G|1|N|0|0|0|0|0|0|4|4|0|0|1X|0|B|6KP5|6KRW|2BM
3D7|QZ|4|0|G|C|N|0|0|0|0|0|0|4|4|0|0|1X|0|B|6KRW|6KU5|2BM
3D8|QZ|4|0|G|R|N|0|0|0|0|0|0|4|4|0|0|1X|0|B|6KU7|6L0J|2BN
3DA|QZ|4|0|G|3|N|5|0|0|0|0|0|4|4|0|0|1X|0|B|6L0N|6L3E|2BO
3DA|QZ|4|0|G|C|N|0|0|0|0|0|0|4|4|0|0|1X|7|B|6L3E|6L6Z|2BO
3DA|QZ|4|0|G|1|N|0|0|0|0|0|0|4|4|0|0|1X|0|B|6L6Z|6L8K|2BO
3DB|QZ|4|0|G|C|N|0|0|0|0|0|0|4|4|0|0|1X|0|B|6L8M|6LB7|2BP
3DB|QZ|4|0|G|1|N|0|0|0|0|0|0|4|4|0|0|1X|0|B|6LB7|6LED|2BP
3DB|QZ|4|0|G|3|C|0|0|0|0|0|0|4|4|0|0|1X|6|B|6LED|6LK7|2BP
3DB|QZ|4|0|G|1|C|0|0|0|0|0|0|4|4|0|0|1X|6|B|6LK7|6LM4|2BP
3DC|QZ|4|0|G|2T|C|0|0|0|0|0|0|4|4|0|0|1X|6|B|6LM6|6LRX|2BQ
3DD|QZ|4|0|G|1|N|0|0|0|0|0|0|4|4|0|0|1X|0|B|6LRZ|6LTZ|2BR
3DD|QZ|4|0|G|1|N|0|0|0|0|0|0|4|4|0|0|1X|0|B|6LTZ|6LVZ|2BR
3DE|QZ|4|0|G|3Z|N|0|0|0|0|0|0|4|4|0|0|1X|0|B|6LW1|6M04|2BS
3DF|QZ|4|0|G|1|N|0|0|0|0|0|0|4|4|0|0|1X|0|B|6M06|6M1L|2BT
3DF|QZ|4|0|C|3|N|0|0|0|0|0|0|4|4|0|0|1X|1|0|6M1L|6M3F|2BT
3DG|QZ|4|0|G|1|N|5|0|0|0|0|0|4|4|0|0|1X|0|B|6M3H|6M7Q|2BU
3DG|QZ|4|0|G|I|Y|1|0|0|0|0|0|4|4|0|0|1X|6|B|6M7Q|6MAB|2BU
3DI|R0|4|0|H|1|N|0|0|0|0|0|0|4|4|0|0|1X|2|0|6MAF|6MAX|2BV
3DK|R0|4|0|G|2|N|0|0|0|0|0|0|4|4|0|0|1X|0|B|6MCF|6MG6|2BW
3DK|R0|4|0|G|13|N|0|0|0|0|0|0|4|4|0|0|1X|0|B|6MG6|6MJI|2BW
3DL|R0|4|0|C|3|N|0|0|0|0|0|0|4|4|0|0|1X|4|0|6MJK|6MNH|2BX
3DL|R0|4|0|G|6|N|0|0|0|0|0|0|4|4|0|0|1X|0|B|6MNH|6MSQ|2BX
3DN|R0|4|0|G|M|N|0|0|0|0|0|0|4|4|0|0|1X|0|B|6MSU|6MXO|2BY
3DP|R1|4|0|H|1|N|0|0|0|0|0|0|4|4|0|0|1X|2|0|6MXS|6MYA|2BZ
3DR|R1|4|0|G|1X|N|0|0|0|0|0|0|4|4|0|0|1X|7|B|6MZS|6N64|2C0
3DR|R1|4|0|M|1X|N|5|0|0|0|0|0|4|4|0|0|1X|1|0|6N64|6N87|2C0
3DR|R1|4|0|G|6|N|0|0|0|0|0|0|4|4|0|0|1X|0|B|6N87|6NBJ|2C0
3DR|R1|4|0|G|3|N|0|0|0|0|0|0|4|4|0|0|1X|7|B|6NBJ|6NCY|2C0
3DR|R1|4|0|G|2R|N|0|0|0|0|0|0|4|4|0|0|1X|0|B|6NCY|6NGS|2C0
3DR|R1|4|0|G|4|N|0|0|0|0|0|0|4|4|0|0|1X|7|B|6NGS|6NJ7|2C0
3DT|R1|4|0|G|4R|N|5|0|0|0|0|0|4|4|0|0|1X|0|B|6NJB|6NLK|2C1
3DT|R1|4|0|G|4R|N|0|0|0|0|0|0|4|4|0|0|1X|0|B|6NLK|6NMW|2C1
3DT|R1|4|0|G|3|N|0|0|0|0|0|0|4|4|3|0|1X|0|B|6NMW|6NOE|2C1
3DT|R1|4|0|G|3|N|0|0|0|0|0|0|4|4|3|0|1X|7|B|6NOE|6NPT|2C1
3DT|R1|4|0|G|3|N|0|0|0|0|0|0|4|4|0|0|1X|0|B|6NPT|6NQE|2C1
3DU|R1|4|0|G|3|N|0|0|0|0|0|0|4|4|0|0|1X|0|B|6NQG|6NT4|2C2
3DW|R2|4|0|H|1|N|0|0|0|0|0|0|4|4|0|0|1X|2|0|6NT8|6NTQ|2C3
3DY|R2|4|0|G|3|N|0|0|0|0|0|0|4|4|0|0|1X|0|B|6NV8|6NXH|2C4
3DY|R2|4|0|G|2Q|N|0|0|0|0|0|0|4|4|0|0|1X|7|B|6NXH|6O12|2C4
3DZ|R2|4|0|G|2R|N|0|0|0|0|0|0|4|4|0|0|1X|0|B|6O14|6O44|2C5
3E1|R2|4|0|G|15|N|0|0|0|2|2|0|4|4|0|0|1X|0|B|6O48|6O78|2C6
3E1|R2|4|0|G|1|N|0|0|0|0|0|0|4|4|0|0|1X|0|B|6O78|6O8B|2C6
3E1|R2|4|0|G|3|N|0|0|0|0|0|0|4|4|0|0|1X|0|B|6O8B|6O92|2C6
3E2|R2|4|0|G|L|N|0|0|0|0|I|0|4|4|0|0|1X|0|B|6O94|6OB4|2C7
3E5|R3|4|1|S|1|N|0|0|0|0|0|0|4|4|0|0|1X|0|B|6OC8|6OCP|2C8
3E8|R4|4|1|H|1|N|0|0|0|0|0|0|4|4|0|0|1X|2|0|6ODT|6OEB|2C9
3EA|R4|4|1|S|I|N|0|0|0|0|0|0|4|4|0|0|1X|0|B|6OFT|6OH8|2CA
3EB|R4|4|1|S|1|N|0|0|0|8|0|0|4|4|0|0|1X|0|B|6OHA|6OIG|2CB
3EB|R4|4|1|S|I|N|0|0|0|0|0|0|4|4|0|0|1X|0|B|6OIG|6OJD|2CB
3EC|R4|4|1|S|1|N|0|0|0|0|7|0|4|4|0|0|1X|0|B|6OJF|6OKC|2CC
3EC|R4|4|1|S|3|N|5|0|0|0|0|0|4|4|0|0|1X|7|B|6OKC|6OLR|2CC
3EC|R4|4|1|S|7|N|0|0|0|0|0|0|4|4|0|A|9|E|B|6OLR|6ON0|2CC
3ED|R4|4|1|S|7|N|0|0|0|5|D|0|4|4|0|0|1X|0|B|6ON2|6OO8|2CD
3ED|R4|4|1|S|1|N|0|0|0|0|0|0|4|4|0|0|1X|0|B|6OO8|6OOZ|2CD
3EE|R4|4|1|S|1|N|0|0|0|0|L|0|4|4|0|0|1X|0|B|6OP1|6OPS|2CE
3EE|R4|4|1|S|7|N|0|0|0|2|2|0|4|4|0|0|1X|0|B|6OPS|6OQS|2CE
3EE|R4|4|1|S|32|N|0|0|0|0|1|0|4|4|0|0|1X|0|B|6OQS|6OSP|2CE
3EE|R4|4|1|S|1|N|0|0|0|0|0|0|4|4|0|0|1X|0|B|6OSP|6OTD|2CE
3EG|R4|4|1|S|1|N|0|0|5|0|0|0|4|4|0|0|1X|0|B|6OTH|6OUH|2CF
3EG|R4|4|1|S|3|N|0|0|0|0|0|0|4|4|0|0|1X|0|B|6OUH|6OVE|2CF
3EG|R4|4|1|S|7|N|0|0|0|0|0|0|4|4|0|7|6|F|B|6OVE|6OXH|2CF
3EG|R4|4|1|S|1|N|0|0|0|0|0|0|4|4|0|0|1X|7|B|6OXH|6OY2|2CF
3EH|R4|4|1|S|3|N|0|0|0|0|0|0|4|4|0|0|1X|0|B|6OY4|6P0S|2CG
3EH|R4|4|1|S|1|N|0|0|0|0|0|0|4|4|0|0|1X|0|B|6P0S|6P1D|2CG
3EI|R4|4|1|S|1Q|N|0|0|0|0|0|0|4|4|0|0|1X|0|B|6P1F|6P59|2CH
3EJ|R4|4|1|S|2N|N|0|0|0|0|0|0|4|4|0|0|1X|0|B|6P5B|6P7Q|2CI
3EJ|R4|4|1|S|L|N|0|0|0|0|0|0|4|4|0|J|C|F|B|6P7Q|6P92|2CI
3EJ|R4|4|1|S|1|N|0|0|0|0|0|0|4|4|0|2Z|1R|F|B|6P92|6PAW|2CI
3EL|R5|4|1|H|1|N|0|0|0|0|0|0|4|4|0|0|1X|2|0|6PB0|6PBI|2CJ
3EN|R5|4|1|S|1|N|0|0|0|0|0|0|4|4|0|0|1X|0|B|6PD0|6PEI|2CK
3EN|R5|4|1|S|X|N|0|0|0|0|0|0|4|4|0|0|1X|0|B|6PEI|6PFI|2CK
3EO|R5|4|1|S|1|N|0|0|0|1|0|0|4|4|0|12|2|E|B|6PFK|6PGZ|2CL
3EO|R5|4|1|S|7|N|0|0|0|0|0|0|4|4|0|39|1Y|D|B|6PGZ|6PIH|2CL
3EP|R5|4|1|S|1|N|0|0|0|0|0|0|4|4|0|0|1X|0|B|6PIJ|6PK1|2CM
3EP|R5|4|1|S|23|N|0|0|0|0|0|0|4|4|0|12|2|E|B|6PK1|6PMA|2CM
3EP|R5|4|1|S|3|N|0|0|0|0|0|0|4|4|0|0|1X|0|B|6PMA|6PMY|2CM
3EQ|R5|4|1|S|1|N|0|0|0|0|0|0|4|4|0|0|1X|0|B|6PN0|6PO3|2CN
3EQ|R5|4|1|S|3Z|N|0|0|0|0|0|0|4|4|0|0|1X|0|B|6PO3|6PPX|2CN
3ER|R5|4|1|S|1|N|0|0|0|0|0|0|4|4|0|0|1X|0|B|6PPZ|6PQZ|2CO
3ER|R5|4|1|S|3|N|0|0|0|0|0|0|4|4|0|3A|1I|D|B|6PQZ|6PT5|2CO
3ER|R5|4|1|S|7|N|0|0|0|0|0|0|4|4|0|0|1X|0|B|6PT5|6PUE|2CO
3ET|R6|4|1|H|1|N|0|0|0|0|0|0|4|4|0|0|1X|2|0|6PUI|6PV3|2CP
3EV|R6|4|1|S|1|N|0|1|0|0|0|0|4|4|0|0|1X|0|B|6PWL|6PXA|2CQ
3EW|R6|4|1|S|1|N|0|0|0|0|0|0|4|4|0|0|1X|0|B|6PXC|6PYF|2CR
3EW|R6|4|1|S|R|N|0|0|0|0|0|0|4|4|0|0|1X|0|B|6PYF|6PZO|2CR
3EW|R6|4|1|S|1|N|0|0|0|0|0|0|4|4|0|0|1X|0|B|6PZO|6Q0X|2CR
3EX|R6|4|1|S|3|N|0|0|0|0|0|0|4|4|0|0|1X|0|B|6Q0Z|6Q2T|2CS
3EX|R6|4|1|S|3|N|0|0|0|0|0|0|4|4|0|0|1X|0|B|6Q2T|6Q4W|2CS
3EY|R6|4|1|S|3|N|0|0|0|0|2|0|4|4|0|0|1X|0|B|6Q4Y|6Q5Y|2CT
3EY|R6|4|1|S|1|N|0|0|0|0|0|0|4|4|0|0|1X|0|B|6Q5Y|6Q6Y|2CT
3EZ|R6|4|1|S|1|N|0|0|0|0|0|0|4|4|0|0|1X|0|B|6Q70|6Q99|2CU
3EZ|R6|4|1|S|3|N|0|0|0|0|0|0|4|4|0|0|1X|0|B|6Q99|6QAL|2CU
3EZ|R6|4|1|S|15|N|0|0|0|0|0|0|4|4|0|0|1X|0|B|6QAL|6QC0|2CU
3F0|R6|4|1|S|Y|N|0|0|0|0|0|0|4|4|0|0|1X|0|B|6QC2|6QEE|2CV
3F0|R6|4|1|S|3|N|0|0|0|0|0|0|4|4|0|0|1X|0|B|6QEE|6QGN|2CV
3F0|R6|4|1|S|3|N|0|0|0|0|0|0|4|4|0|0|1X|0|B|6QGN|6QHT|2CV
3F1|R6|4|1|S|1|N|0|0|0|0|0|0|4|4|0|0|1X|0|B|6QHV|6QJ1|2CW
3F1|R6|4|1|D|1|U|1|0|0|0|0|0|4|4|0|0|1X|6|D|6QJ1|6QJY|2CW
3F1|R6|4|1|D|7|U|1|0|0|1|0|0|4|4|0|0|1X|6|D|6QJY|6QLG|2CW
3F3|R6|4|1|S|3|N|0|3|0|0|0|0|4|4|0|0|1X|0|B|6QLK|6QML|2CX
3F4|R6|4|1|S|2|N|0|0|0|0|0|0|4|4|0|0|1X|0|B|6QMN|6QN8|2CY
3F4|R6|4|1|S|3|N|0|0|0|0|0|0|4|4|0|0|1X|7|B|6QN8|6QP5|2CY
3F4|R6|4|1|S|7|N|0|0|0|0|0|0|4|4|0|0|1X|0|B|6QP5|6QQ2|2CY
3F5|R6|4|1|S|1|N|0|0|0|0|0|0|4|4|0|0|1X|0|B|6QQ4|6QQM|2CZ
3F5|R6|4|1|S|6|N|0|0|0|0|0|0|4|4|0|0|1X|0|B|6QQM|6QTM|2CZ
3F6|R6|4|1|S|L|N|0|0|0|0|0|0|4|4|0|J|C|F|B|6QTO|6QVI|2D0
3F7|R6|4|1|S|3|N|0|0|0|0|0|0|4|4|0|0|1X|0|B|6QVK|6QWT|2D1
3F7|R6|4|1|S|3|N|0|0|0|0|0|0|4|4|0|0|1X|0|B|6QWT|6QXK|2D1
3F7|R6|4|1|S|3|N|0|0|0|0|0|0|4|4|0|0|1X|0|B|6QXK|6R02|2D1
3F8|R6|4|1|S|3|N|0|0|0|0|0|0|4|4|0|1I|Z|E|B|6R04|6R17|2D2
3F8|R6|4|1|D|3|U|1|0|0|0|0|0|4|4|0|0|1X|6|D|6R17|6R31|2D2
3F8|R6|4|1|S|L|N|7|0|0|1|0|0|4|4|0|0|1X|0|B|6R31|6R5V|2D2
3FA|R6|4|1|S|3|N|0|A|0|0|0|0|4|4|0|0|1X|0|B|6R5Z|6R70|2D3
3FB|R6|4|1|S|1|N|0|0|0|0|0|0|4|4|0|0|1X|0|B|6R72|6R7K|2D4
3FB|R6|4|1|S|1|N|0|0|0|0|0|0|4|4|0|0|1X|0|B|6R7K|6R8K|2D4
3FB|R6|4|1|S|3|N|0|0|0|0|0|0|4|4|0|0|1X|0|B|6R8K|6R9B|2D4
3FC|R6|4|1|S|3|N|0|0|0|0|0|0|4|4|0|0|1X|0|B|6R9D|6RAP|2D5
3FC|R6|4|1|S|O|N|0|0|0|0|0|0|4|4|0|0|1X|0|B|6RAP|6RCG|2D5
3FD|R6|4|1|S|3|N|0|0|0|0|2|0|4|4|0|J|C|F|B|6RCI|6RDU|2D6
3FD|R6|4|1|S|1|N|0|0|0|0|0|0|4|4|0|0|1X|0|B|6RDU|6REI|2D6
3FE|R6|4|1|S|4A|N|0|0|0|2|0|0|4|4|0|0|1X|0|B|6REK|6RIH|2D7
3FF|R6|4|1|S|1|N|0|0|0|1|0|0|4|4|0|0|1X|0|B|6RIJ|6RJS|2D8
3FF|R6|4|1|S|1|N|0|0|0|0|0|0|4|4|0|1I|Z|E|B|6RJS|6RKD|2D8
3FF|R6|4|1|S|7|N|0|0|0|1|0|0|4|4|0|12|2|E|B|6RKD|6RMS|2D8
3FF|R6|4|1|S|5|N|0|0|0|0|0|0|4|4|0|0|1X|0|B|6RMS|6RNP|2D8
3FF|R6|4|1|D|L|D|1|0|0|0|0|0|4|4|0|0|1X|6|D|6RNP|6RPY|2D8
3FG|R6|4|1|S|7|N|0|0|0|0|0|0|4|4|0|0|1X|0|B|6RQ0|6RS6|2D9
3FI|R6|4|1|S|3|N|0|8|0|0|0|0|4|4|0|0|1X|0|B|6RSA|6RTB|2DA
3FJ|R6|4|1|S|3|N|0|0|0|0|0|0|4|4|0|0|1X|0|B|6RTD|6RUJ|2DB
3FJ|R6|4|1|S|1|N|0|0|0|0|0|0|4|4|0|0|1X|0|B|6RUJ|6RVA|2DB
3FJ|R6|4|1|S|2|N|0|K|0|0|0|0|4|4|0|0|1X|0|B|6RVA|6RW1|2DB
3FJ|R6|4|1|S|2|N|0|8|0|0|0|0|4|4|0|0|1X|0|B|6RW1|6RWS|2DB
3FK|R6|4|1|S|1|N|0|0|0|0|0|0|4|4|0|0|1X|0|B|6RWU|6S09|2DC
3FL|R6|4|1|S|3|N|0|0|0|2|0|0|4|4|0|0|1X|0|B|6S0B|6S15|2DD
3FL|R6|4|1|S|8|N|0|0|0|1|0|0|4|4|0|0|1X|0|B|6S15|6S2E|2DD
3FM|R6|4|1|S|32|N|0|0|0|0|0|0|4|4|0|0|1X|0|B|6S2G|6S4D|2DE
3FM|R6|4|1|S|D|N|0|0|0|1|0|0|4|4|0|0|1X|0|B|6S4D|6S57|2DE
3FO|R6|4|1|S|3|N|0|9|0|0|0|0|4|4|0|0|1X|0|B|6S5B|6S6C|2DF
3FP|R6|4|1|S|1|N|0|0|0|0|0|0|4|4|0|0|1X|0|B|6S6E|6S6W|2DG
3FP|R6|4|1|S|3|N|0|0|0|0|0|0|4|4|0|0|1X|0|B|6S6W|6S82|2DG
3FP|R6|4|1|S|3|N|0|0|0|0|0|0|4|4|0|0|1X|0|B|6S82|6S92|2DG
3FP|R6|4|1|S|16|N|0|0|0|0|0|0|4|4|0|0|1X|0|B|6S92|6SAQ|2DG
3FQ|R6|4|1|S|1|N|0|0|0|0|0|0|4|4|0|0|1X|0|B|6SAS|6SBV|2DH
3FQ|R6|4|1|S|1|N|0|0|0|2|2|0|4|4|0|0|1X|0|B|6SBV|6SD7|2DH
3FR|R6|4|1|S|X|N|0|0|0|0|0|0|4|4|0|0|1X|0|B|6SD9|6SFR|2DI
3FR|R6|4|1|S|3|N|0|0|0|0|0|0|4|4|0|J|C|F|B|6SFR|6SGU|2DI
3FS|R6|4|1|S|3|N|0|0|0|0|0|0|4|4|0|0|1X|0|B|6SGW|6SJN|2DJ
3FS|R6|4|1|D|1|U|1|0|0|0|0|0|4|4|0|0|1X|6|D|6SJN|6SLH|2DJ
3FU|R6|4|1|S|3|N|0|7|0|0|0|0|4|4|0|0|1X|0|B|6SLL|6SMM|2DK
3FV|R6|4|1|S|1|N|0|0|0|0|0|0|4|4|0|0|1X|0|B|6SMO|6SN6|2DL
3FV|R6|4|1|S|6|N|0|0|0|0|0|0|4|4|0|0|1X|0|B|6SN6|6SOO|2DL
3FV|R6|4|1|S|3|N|0|0|0|0|0|0|4|4|0|0|1X|7|B|6SOO|6SPU|2DL
3FW|R6|4|1|S|C|N|0|0|0|0|0|0|4|4|0|0|1X|0|B|6SPW|6SQE|2DM
3FW|R6|4|1|S|H|N|0|0|0|0|0|0|4|4|0|0|1X|0|B|6SQE|6SS5|2DM
3FX|R6|4|1|S|D|N|0|0|0|0|0|0|4|4|0|0|1X|0|B|6SS7|6SUP|2DN
3FX|R6|4|1|S|1|N|0|0|0|0|0|0|4|4|0|2I|1J|E|B|6SUP|6SW4|2DN
3FY|R6|4|1|S|D|N|6|0|0|0|2|0|4|4|0|M|H|E|B|6SW6|6SXR|2DO
3FY|R6|4|1|S|K|N|0|0|0|0|0|0|4|4|0|0|1X|0|B|6SXR|6SZ3|2DO
3FZ|R6|4|1|S|L|N|0|0|0|0|0|0|4|4|0|M|H|E|B|6SZ5|6T0W|2DP
3FZ|R6|4|1|S|1|N|0|0|0|0|0|0|4|4|0|0|1X|0|B|6T0W|6T1Q|2DP
3G2|R7|4|2|S|1|N|0|0|0|0|0|0|4|4|0|0|1X|0|B|6T2U|6T3B|2DQ
3G5|R8|4|2|H|1|N|0|0|0|0|0|0|4|4|0|0|1X|2|0|6T4F|6T4X|2DR
3G7|R8|4|2|S|1|N|0|0|1|0|0|0|4|4|0|0|1X|0|B|6T6F|6T7I|2DS
3G8|R8|4|2|S|1|N|0|0|0|0|0|0|4|4|0|0|1X|0|B|6T7K|6T8K|2DT
3G8|R8|4|2|S|7|N|0|0|0|0|0|0|4|4|0|0|1X|0|B|6T8K|6T8W|2DT
3G9|R8|4|2|S|1M|N|0|0|2|0|0|0|4|4|0|2Y|1Q|E|B|6T8Y|6TC7|2DU
3GA|R8|4|2|S|7|N|0|0|0|0|0|0|4|4|0|0|1X|7|B|6TC9|6TDR|2DV
3GC|R8|4|2|S|K|N|0|0|0|0|0|0|4|4|0|J|C|F|B|6TDV|6TFV|2DW
3GC|R8|4|2|S|G|N|0|0|0|0|0|0|4|4|0|0|1X|0|B|6TFV|6TIP|2DW
3GC|R8|4|2|S|1|N|0|0|0|0|0|0|4|4|0|0|1X|0|B|6TIP|6TJ7|2DW
3GD|R8|4|2|S|I|N|0|0|0|0|0|0|4|4|0|0|1X|0|B|6TJ9|6TLL|2DX
3GD|R8|4|2|S|D|N|0|A|0|0|0|0|4|4|0|0|1X|0|B|6TLL|6TO0|2DX
3GD|R8|4|2|S|1|N|0|0|0|0|0|0|4|4|0|0|1X|0|B|6TO0|6TOX|2DX
3GE|R8|4|2|S|1|N|0|0|0|0|0|0|4|4|0|2Y|1Q|E|B|6TOZ|6TQ5|2DY
3GE|R8|4|2|S|1|N|0|0|0|0|0|0|4|4|0|0|1X|0|B|6TQ5|6TQZ|2DY
3GE|R8|4|2|S|3|N|0|0|0|0|0|0|4|4|0|J|C|F|B|6TQZ|6TT8|2DY
3GG|R9|4|2|H|1|N|0|0|0|0|0|0|4|4|0|0|1X|2|0|6TTC|6TTU|2DZ
3GI|R9|4|2|S|1|N|0|0|5|0|0|0|4|4|0|0|1X|0|B|6TVC|6TW6|2E0
3GI|R9|4|2|S|7|N|0|0|0|0|0|0|4|4|0|0|1X|7|B|6TW6|6TWL|2E0
3GI|R9|4|2|S|K|N|0|8|0|0|29|0|4|4|0|0|1X|0|B|6TWL|6TYF|2E0
3GJ|R9|4|2|S|X|N|0|0|2|0|0|0|4|4|0|0|1X|7|B|6TYH|6U0H|2E1
3GJ|R9|4|2|S|3|N|5|H|0|0|0|0|4|4|0|0|1X|0|B|6U0H|6U1N|2E1
3GK|R9|4|2|S|1|N|0|0|0|0|0|0|4|4|0|0|1X|0|B|6U1P|6U2V|2E2
3GK|R9|4|2|S|55|N|0|0|0|0|0|0|4|4|0|0|1X|7|B|6U2V|6U3Y|2E2
3GL|R9|4|2|S|I|N|0|F|0|0|0|0|4|4|0|0|1X|0|B|6U40|6U5I|2E3
3GL|R9|4|2|S|1|N|0|0|0|0|0|0|4|4|0|3A|1I|D|B|6U5I|6U5U|2E3
3GN|RA|4|2|H|1|N|0|0|0|0|0|0|4|4|0|0|1X|2|0|6U5Y|6U6J|2E4
3GP|RA|4|2|S|1|N|0|1|0|0|0|0|4|4|0|0|1X|0|B|6U81|6U8Q|2E5
3GQ|RA|4|2|S|1|N|0|0|0|0|0|0|4|4|0|0|1X|0|B|6U8S|6U9P|2E6
3GQ|RA|4|2|S|C|N|0|0|0|0|0|0|4|4|0|0|1X|0|B|6U9P|6UB1|2E6
3GQ|RA|4|2|S|3|N|0|0|0|0|0|0|4|4|0|0|1X|0|B|6UB1|6UC7|2E6
3GR|RA|4|2|S|L|N|0|0|0|0|0|0|4|4|0|2G|1I|D|B|6UC9|6UDI|2E7
3GR|RA|4|2|S|2|N|0|0|0|0|0|0|4|4|0|0|1X|0|B|6UDI|6UFU|2E7
3GS|RA|4|2|S|4|N|0|0|0|0|0|0|4|4|0|0|1X|0|B|6UFW|6UIT|2E8
3GS|RA|4|2|S|1|N|0|0|0|0|0|0|4|4|0|0|1X|0|B|6UIT|6UK2|2E8
3GT|RA|4|2|S|2Z|N|0|0|0|1|0|0|4|4|0|0|1X|0|B|6UK4|6UNV|2E9
3GU|RA|4|2|D|1|U|1|0|0|0|0|0|4|4|0|0|1X|6|D|6UNX|6UQ4|2EA
3GW|RA|4|2|S|1|N|0|3|0|0|0|0|4|4|0|0|1X|0|B|6UQ8|6UQX|2EB
3GX|RA|4|2|S|1|N|0|0|0|0|0|0|4|4|0|0|1X|0|B|6UQZ|6US2|2EC
3GX|RA|4|2|S|I|N|0|0|0|0|0|0|4|4|0|2G|1I|D|B|6US2|6USQ|2EC
3GX|RA|4|2|S|L|N|0|0|0|0|0|0|4|4|0|3B|1Z|D|B|6USQ|6UUE|2EC
3GX|RA|4|2|S|C|N|0|0|0|0|0|0|4|4|0|0|1X|0|B|6UUE|6UVN|2EC
3GY|RA|4|2|S|3|N|0|0|0|0|0|0|4|4|0|0|1X|0|B|6UVP|6UXM|2ED
3GZ|RA|4|2|S|1|N|0|0|0|0|0|0|4|4|0|0|1X|0|B|6UXO|6V1R|2EE
3H0|RA|4|2|D|1|Y|1|0|0|0|0|0|4|4|0|0|1X|6|D|6V1T|6V3Y|2EF
3H2|RA|4|2|S|3|N|0|A|0|0|0|0|4|4|0|0|1X|0|B|6V42|6V53|2EG
3H3|RA|4|2|S|1|N|0|H|0|0|0|0|4|4|0|0|1X|0|B|6V55|6V6E|2EH
3H3|RA|4|2|S|Z|N|0|A|0|0|0|0|4|4|0|J|C|F|B|6V6E|6V9N|2EH
3H4|RA|4|2|S|3|N|0|0|0|0|7|0|4|4|0|2Y|1Q|E|B|6V9P|6VCU|2EI
3H4|RA|4|2|S|2Q|N|0|0|0|0|0|0|4|4|0|0|1X|0|B|6VCU|6VDR|2EI
3H5|RA|4|2|S|3|N|0|0|0|1|0|0|4|4|0|2G|1I|D|B|6VDT|6VFK|2EJ
3H5|RA|4|2|S|7|N|0|0|0|0|0|0|4|4|0|0|1X|8|B|6VFK|6VGB|2EJ
3H5|RA|4|2|S|J|N|0|0|0|0|0|0|4|4|0|0|1X|0|B|6VGB|6VIZ|2EJ
3H5|RA|4|2|S|1|N|0|0|0|1|0|0|4|4|0|0|1X|0|B|6VIZ|6VKT|2EJ
3H5|RA|4|2|S|1|N|0|0|0|0|0|0|4|4|0|0|1X|0|B|6VKT|6VLB|2EJ
3H6|RA|4|2|D|1|U|1|0|0|0|0|0|4|4|0|0|1X|6|D|6VLD|6VMV|2EK
3H8|RA|4|2|S|3|N|0|8|0|0|0|0|4|4|0|0|1X|0|B|6VMZ|6VO0|2EL
3H9|RA|4|2|S|1|N|0|0|0|0|0|0|4|4|0|0|1X|0|B|6VO2|6VOK|2EM
3H9|RA|4|2|S|3|N|0|0|0|0|0|0|4|4|0|0|1X|0|B|6VOK|6VPB|2EM
3HA|RA|4|2|S|1|N|0|0|0|0|0|0|4|4|0|0|1X|0|B|6VPD|6VQD|2EN
3HA|RA|4|2|S|D|N|0|0|0|0|0|0|4|4|0|0|1X|0|B|6VQD|6VQY|2EN
3HA|RA|4|2|S|3|N|0|0|0|0|J|0|4|4|0|3C|Z|E|B|6VQY|6VTY|2EN
3HB|RA|4|2|S|5|N|0|0|0|0|0|0|4|4|0|0|1X|0|B|6VU0|6VUO|2EO
3HB|RA|4|2|S|1|N|0|0|0|0|0|0|4|4|0|0|1X|0|B|6VUO|6VVO|2EO
3HB|RA|4|2|S|D|N|0|0|0|0|0|0|4|4|0|0|1X|0|B|6VVO|6VWX|2EO
3HC|RA|4|2|S|3|N|0|0|0|1|0|0|4|4|0|0|1X|0|B|6VWZ|6VY2|2EP
3HC|RA|4|2|S|3|N|0|0|0|1|0|0|4|4|0|0|1X|0|B|6VY2|6VZ2|2EP
3HC|RA|4|2|S|4D|N|0|0|0|0|0|0|4|4|0|0|1X|0|B|6VZ2|6W1H|2EP
3HD|RA|4|2|D|1|U|1|G|0|0|0|0|4|4|0|0|1X|6|D|6W1J|6W3P|2EQ
3HF|RA|4|2|S|3|N|0|9|0|0|0|0|4|4|0|0|1X|0|B|6W3T|6W4U|2ER
3HG|RA|4|2|S|D|N|0|0|0|0|0|0|4|4|0|2G|1I|D|B|6W4W|6W5T|2ES
3HG|RA|4|2|D|3|C|0|0|0|0|0|0|4|4|0|0|1X|O|D|6W5T|6W8T|2ES
3HG|RA|4|2|S|O|N|0|0|0|0|0|0|4|4|0|0|1X|0|B|6W8T|6WAH|2ES
3HH|RA|4|2|S|P|N|0|0|0|0|0|0|4|4|0|0|1X|0|B|6WAJ|6WC7|2ET
3HH|RA|4|2|D|8|C|0|0|0|0|0|0|4|4|0|0|1X|6|D|6WC7|6WE4|2ET
3HH|RA|4|2|S|3|N|0|0|0|0|0|0|4|4|0|0|1X|0|B|6WE4|6WFP|2ET
3HI|RA|4|2|S|3|N|0|0|0|0|0|0|4|4|0|0|1X|0|B|6WFR|6WGR|2EU
3HI|RA|4|2|S|3|N|0|0|0|0|0|0|4|4|0|0|1X|0|B|6WGR|6WIC|2EU
3HJ|RA|4|2|S|1|N|0|H|0|0|0|0|4|4|0|0|1X|0|B|6WIE|6WJS|2EV
3HJ|RA|4|2|S|O|N|0|0|0|0|0|0|4|4|0|0|1X|0|B|6WJS|6WLO|2EV
3HK|RA|4|2|D|1|U|1|0|0|0|0|0|4|4|0|0|1X|6|D|6WLQ|6WNO|2EW
3HM|RA|4|2|S|1|N|0|7|0|0|0|0|4|4|0|0|1X|0|B|6WNS|6WOH|2EX
3HN|RA|4|2|S|1|N|0|5|0|0|0|0|4|4|0|0|1X|0|B|6WOJ|6WPJ|2EY
3HN|RA|4|2|S|1|N|0|G|2|0|0|0|4|4|3|0|1X|0|B|6WPJ|6WRV|2EY
3HO|RA|4|2|S|1|N|0|5|0|0|0|0|4|4|0|0|1X|0|B|6WRX|6WSU|2EZ
3HO|RA|4|2|S|C|N|0|7|0|0|0|0|4|4|0|0|1X|0|B|6WSU|6WTL|2EZ
3HO|RA|4|2|S|3|N|0|0|0|0|0|0|4|4|0|0|1X|0|B|6WTL|6WUR|2EZ
3HO|RA|4|2|S|3|N|0|0|0|0|0|0|4|4|0|0|1X|0|B|6WUR|6WW0|2EZ
3HP|RA|4|2|S|3|N|0|0|0|0|0|0|4|4|0|3D|20|F|B|6WW2|6WXT|2F0
3HQ|RA|4|2|S|3|N|0|0|0|0|7|0|4|4|0|0|1X|0|B|6WXV|6WZW|2F1
3HR|RA|4|2|S|6|N|0|0|0|0|P|0|4|4|0|Y|F|E|B|6WZY|6X27|2F2
3HR|RA|4|2|S|3|N|0|0|0|0|0|0|4|4|0|0|1X|0|B|6X27|6X3S|2F2
3HS|RA|4|2|D|1|U|1|0|0|0|0|0|4|4|0|0|1X|6|D|6X3U|6X5J|2F3
3HV|RB|4|3|S|1|N|0|0|0|0|0|0|4|4|0|0|1X|0|B|6X6N|6X74|2F4
3HY|RC|4|3|H|1|N|0|0|0|0|0|0|4|4|0|0|1X|2|0|6X88|6X8Q|2F5
3I0|RC|4|3|S|L|N|5|0|5|0|0|0|4|4|0|M|H|E|B|6XA8|6XDN|2F6
3I1|RC|4|3|S|8|N|0|0|2|0|0|0|4|4|0|0|1X|0|B|6XDP|6XEV|2F7
3I2|RC|4|3|S|1|N|0|0|0|1|0|0|4|4|0|0|1X|8|B|6XEX|6XFR|2F8
3I2|RC|4|3|S|3|N|0|0|0|0|0|0|4|4|0|0|1X|0|B|6XFR|6XH6|2F8
3I3|RC|4|3|S|1|N|0|0|5|0|0|0|4|4|0|0|1X|0|B|6XH8|6XIH|2F9
3I5|RC|4|3|S|3|N|0|0|2|1|0|0|4|4|3|0|1X|0|B|6XIL|6XLL|2FA
3I5|RC|4|3|S|1|N|0|0|0|0|0|0|4|4|3|0|1X|0|B|6XLL|6XMC|2FA
3I6|RC|4|3|S|X|N|0|0|0|0|0|0|4|4|0|0|1X|0|B|6XME|6XOB|2FB
3I7|RC|4|3|S|3|N|0|0|0|1|0|0|4|4|0|0|1X|0|B|6XOD|6XRA|2FC
3I7|RC|4|3|S|5|N|0|0|0|0|0|0|4|4|0|0|1X|0|B|6XRA|6XT1|2FC
3I8|RC|4|3|S|3|N|0|0|1|0|0|0|4|4|3|0|1X|0|B|6XT3|6XUL|2FD
3I8|RC|4|3|S|1|N|0|0|2|0|0|0|4|4|3|0|1X|0|B|6XUL|6XVF|2FD
3I8|RC|4|3|S|4|N|0|0|1|1|0|0|4|4|3|0|1X|0|B|6XVF|6XX9|2FD
3I8|RC|4|3|S|L|N|0|0|0|1|0|0|4|4|0|0|1X|0|B|6XX9|6Y1I|2FD
3I9|RC|4|3|S|1X|N|0|0|0|0|0|0|4|4|0|0|1X|0|B|6Y1K|6Y45|2FE
3IB|RD|4|3|H|1|N|0|0|0|0|0|0|4|4|0|0|1X|2|0|6Y49|6Y50|2FF
3ID|RD|4|3|S|1|N|0|0|0|0|0|0|4|4|0|0|1X|0|B|6Y6I|6Y76|2FG
3ID|RD|4|3|S|3|N|0|0|0|0|0|0|4|4|0|0|1X|0|B|6Y76|6Y7R|2FG
3IE|RD|4|3|S|1|N|0|0|0|0|0|0|4|4|0|0|1X|0|B|6Y7T|6Y8E|2FH
3IE|RD|4|3|S|1|N|0|0|0|0|0|0|4|4|0|0|1X|0|B|6Y8E|6Y8T|2FH
3IE|RD|4|3|S|1|N|0|0|0|7|0|0|4|4|0|0|1X|0|B|6Y8T|6YBH|2FH
3IF|RD|4|3|S|1|N|0|C|0|0|0|0|4|4|0|0|1X|0|B|6YBJ|6YCP|2FI
3IF|RD|4|3|S|3|N|0|0|0|0|0|0|4|4|0|2G|1I|D|B|6YCP|6YDD|2FI
3IF|RD|4|3|S|1|N|0|0|0|0|0|0|4|4|0|0|1X|0|B|6YDD|6YE4|2FI
3IF|RD|4|3|S|D|N|0|0|0|2|0|0|4|4|0|0|1X|0|B|6YE4|6YFS|2FI
3IH|RE|4|3|H|1|N|0|0|0|0|0|0|4|4|0|0|1X|2|0|6YFW|6YGH|2FJ
3IJ|RE|4|3|S|1|N|0|1|0|0|0|0|4|4|0|0|1X|0|B|6YHZ|6YIO|2FK
3IK|RE|4|3|S|1|N|0|1|0|0|0|0|4|4|0|0|1X|0|B|6YIQ|6YJQ|2FL
3IK|RE|4|3|S|1|N|0|2|0|0|0|0|4|4|3|0|1X|0|B|6YJQ|6YL5|2FL
3IK|RE|4|3|S|3|N|0|0|0|0|0|0|4|4|0|0|1X|0|B|6YL5|6YMH|2FL
3IK|RE|4|3|S|1|N|0|1|0|0|0|0|4|4|3|0|1X|0|B|6YMH|6YOH|2FL
3IK|RE|4|3|S|1|N|0|0|0|1|0|0|4|4|0|0|1X|0|B|6YOH|6YPE|2FL
3IL|RE|4|3|S|1|N|0|0|0|0|0|0|4|4|0|0|1X|0|B|6YPG|6YRP|2FM
3IL|RE|4|3|S|1|N|0|1|0|0|0|0|4|4|0|0|1X|0|B|6YRP|6YS4|2FM
3IM|RE|4|3|S|3|N|0|0|0|0|0|0|4|4|0|0|1X|7|B|6YS6|6YU6|2FN
3IN|RE|4|3|S|1|N|0|2|0|1|0|0|4|4|0|0|1X|0|B|6YU8|6YVE|2FO
3IN|RE|4|3|S|5|N|0|1|0|2|0|0|4|4|0|0|1X|0|B|6YVE|6YWN|2FO
3IN|RE|4|3|S|1|N|0|0|0|0|0|0|4|4|0|0|1X|0|B|6YWN|6YXN|2FO
3IO|RE|4|3|D|1|U|1|0|0|0|0|0|4|4|0|0|1X|6|D|6YXP|6YZ6|2FP
3IQ|RE|4|3|S|3|N|0|3|0|0|0|0|4|4|0|0|1X|0|B|6YZA|6Z0B|2FQ
3IR|RE|4|3|S|8|N|0|3|0|0|0|0|4|4|0|0|1X|0|B|6Z0D|6Z1V|2FR
3IR|RE|4|3|S|C|N|0|0|0|0|0|0|4|4|0|0|1X|0|B|6Z1V|6Z2V|2FR
3IR|RE|4|3|S|1|N|0|6|0|0|0|0|4|4|0|0|1X|0|B|6Z2V|6Z3J|2FR
3IR|RE|4|3|S|3|N|0|0|0|0|0|0|4|4|0|0|1X|0|B|6Z3J|6Z4G|2FR
3IS|RE|4|3|S|1|N|0|0|0|0|0|0|4|4|0|0|1X|0|B|6Z4I|6Z5L|2FS
3IS|RE|4|3|S|C|N|0|0|0|0|0|0|4|4|3|0|1X|0|B|6Z5L|6Z63|2FS
3IT|RE|4|3|S|C|N|0|0|0|1|0|0|4|4|0|0|1X|0|B|6Z65|6Z7W|2FT
3IT|RE|4|3|S|1|N|0|0|0|0|0|0|4|4|0|0|1X|0|B|6Z7W|6Z8T|2FT
3IU|RE|4|3|S|3|N|0|0|0|0|0|0|4|4|0|0|1X|0|B|6Z8V|6ZAP|2FU
3IU|RE|4|3|S|3|N|0|0|0|0|0|0|4|4|0|0|1X|0|B|6ZAP|6ZBM|2FU
3IU|RE|4|3|S|1|N|0|0|0|2|0|0|4|4|0|0|1X|0|B|6ZBM|6ZCA|2FU
3IV|RE|4|3|S|3|N|0|0|0|1|0|0|4|4|0|0|1X|0|B|6ZCC|6ZE3|2FV
3IV|RE|4|3|S|1|N|0|0|0|0|0|0|4|4|0|0|1X|0|B|6ZE3|6ZFQ|2FV
3IV|RE|4|3|S|1|N|0|0|0|0|0|0|4|4|0|0|1X|0|B|6ZFQ|6ZGK|2FV
3IW|RE|4|3|D|1|Y|1|0|0|0|0|0|4|4|0|0|1X|6|D|6ZGM|6ZIO|2FW
3IY|RE|4|3|S|3|N|0|A|0|0|0|0|4|4|0|0|1X|0|B|6ZIS|6ZJT|2FX
3IZ|RE|4|3|S|1|N|0|0|0|0|0|0|4|4|0|0|1X|0|B|6ZJV|6ZKG|2FY
3IZ|RE|4|3|S|1|N|0|0|0|0|0|0|4|4|0|0|1X|0|B|6ZKG|6ZLY|2FY
3IZ|RE|4|3|S|3|N|0|0|0|0|0|0|4|4|0|0|1X|0|B|6ZLY|6ZMS|2FY
3IZ|RE|4|3|S|3|N|0|0|0|0|0|0|4|4|0|0|1X|0|B|6ZMS|6ZNY|2FY
3IZ|RE|4|3|S|3|N|0|0|0|0|0|0|4|4|0|0|1X|0|B|6ZNY|6ZOS|2FY
3IZ|RE|4|3|S|L|N|0|0|0|2|0|0|4|4|0|6|2|E|B|6ZOS|6ZQG|2FY
3J0|RE|4|3|S|3|N|0|0|0|0|5|0|4|4|0|0|1X|0|B|6ZQI|6ZS0|2FZ
3J0|RE|4|3|S|3|N|0|0|0|0|0|0|4|4|0|0|1X|0|B|6ZS0|6ZSX|2FZ
3J0|RE|4|3|S|3|N|0|0|0|0|0|0|4|4|0|0|1X|0|B|6ZSX|6ZU3|2FZ
3J1|RE|4|3|S|1R|N|0|0|0|1|0|0|4|4|0|0|1X|0|B|6ZU5|6ZWH|2G0
3J2|RE|4|3|S|3|N|0|0|0|0|0|0|4|4|0|0|1X|7|B|6ZWJ|6ZYM|2G1
3J3|RE|4|3|S|1|N|0|0|0|0|0|0|4|4|0|0|1X|0|B|6ZYO|700X|2G2
3J5|RE|4|3|S|3|N|0|8|0|0|0|0|4|4|0|0|1X|0|B|7011|7022|2G3
3J6|RE|4|3|S|3|N|0|0|0|0|1|0|4|4|0|14|R|D|B|7024|703G|2G4
3J6|RE|4|3|D|3|C|0|0|0|1|0|0|4|4|0|0|1X|6|D|703G|704V|2G4
3J7|RE|4|3|S|3|N|0|0|0|0|0|0|4|4|0|0|1X|0|B|704X|706X|2G5
3J7|RE|4|3|S|1|N|0|0|0|0|0|0|4|4|0|0|1X|0|B|706X|707R|2G5
3J7|RE|4|3|S|1|N|0|0|0|0|5|0|4|4|0|0|1X|0|B|707R|708L|2G5
3J7|RE|4|3|S|3|N|0|0|0|0|0|0|4|4|0|0|1X|0|B|708L|70AL|2G5
3J7|RE|4|3|S|3|N|0|0|0|0|0|0|4|4|0|0|1X|0|B|70AL|70CC|2G5
3J7|RE|4|3|S|1|N|0|0|0|0|0|0|4|4|0|0|1X|0|B|70CC|70E9|2G5
3J8|RE|4|3|S|O|N|0|0|0|0|0|0|4|4|0|0|1X|7|B|70EB|70FK|2G6
3J8|RE|4|3|S|C|N|0|8|0|0|0|0|4|4|0|0|1X|0|B|70FK|70GB|2G6
3J9|RE|4|3|S|3|N|0|0|0|0|15|0|4|4|0|0|1X|0|B|70GD|70IJ|2G7
3JA|RE|4|3|D|1|U|1|0|0|0|0|0|4|4|0|0|1X|6|D|70IL|70KB|2G8
3JC|RE|4|3|S|1|N|0|9|0|0|0|0|4|4|0|0|1X|0|B|70KF|70L4|2G9
3JD|RE|4|3|S|3|N|0|0|0|0|0|0|4|4|0|0|1X|0|B|70L6|70M3|2GA
3JD|RE|4|3|S|1|N|0|0|0|0|0|0|4|4|0|0|1X|0|B|70M3|70N9|2GA
3JD|RE|4|3|S|1|N|0|F|0|0|0|0|4|4|0|0|1X|0|B|70N9|70OR|2GA
3JE|RE|4|3|S|A|N|0|0|0|0|0|0|4|4|0|0|1X|0|B|70OT|70QH|2GB
3JE|RE|4|3|S|1|N|0|0|0|1|0|0|4|4|0|0|1X|0|B|70QH|70RK|2GB
3JE|RE|4|3|S|7|N|0|0|0|1|0|0|4|4|0|0|1X|0|B|70RK|70TN|2GB
3JE|RE|4|3|S|1|N|0|0|0|2|0|0|4|4|0|0|1X|0|B|70TN|70V2|2GB
3JF|RE|4|3|D|1|Y|1|0|0|0|0|0|4|4|0|0|1X|6|D|70V4|70X6|2GC
3JH|RE|4|3|S|1|N|0|7|0|0|0|0|4|4|0|0|1X|0|B|70XA|70XZ|2GD
3JI|RE|4|3|S|Z|N|0|5|0|0|0|0|4|4|0|0|1X|0|B|70Y1|70ZY|2GE
3JJ|RE|4|3|S|17|N|0|7|0|0|0|0|4|4|0|M|H|E|B|7100|713O|2GF
3JK|RE|4|3|S|C|N|0|0|0|0|0|0|4|4|0|0|1X|0|B|713Q|7158|2GG
3JK|RE|4|3|S|2W|N|0|G|0|0|0|0|4|4|0|0|1X|0|B|7158|7178|2GG
3JL|RE|4|3|S|42|N|0|0|0|1|0|0|4|4|0|0|1X|0|B|717A|718Y|2GH
3JL|RE|4|3|S|14|N|0|0|0|0|0|0|4|4|0|0|1X|0|B|718Y|719J|2GH
3JM|RE|4|3|D|1|D|1|0|0|0|0|0|4|4|0|0|1X|6|D|719L|71BF|2GI
3JP|RF|4|4|S|1|N|0|0|0|0|0|0|4|4|0|0|1X|0|B|71CJ|71D0|2GJ
3JS|RG|4|4|H|1|N|0|0|0|0|0|0|4|4|0|0|1X|2|0|71E4|71EM|2GK
3JU|RG|4|4|S|1|N|0|0|0|0|0|0|4|4|0|2B|1A|F|B|71G4|71I1|2GL
3JU|RG|4|4|S|I|N|0|0|0|0|0|0|4|4|0|0|1X|0|B|71I1|71IY|2GL
3JV|RG|4|4|S|3|N|0|0|0|1|0|0|4|4|0|3E|1I|D|B|71J0|71KC|2GM
3JW|RG|4|4|S|3|N|5|0|0|0|0|0|4|4|0|3F|R|D|B|71KE|71LW|2GN
3JX|RG|4|4|S|7|N|0|0|0|0|0|0|4|4|0|0|1X|0|B|71LY|71NM|2GO
3JY|RG|4|4|S|3|N|0|0|0|0|0|0|4|4|0|3G|1Q|F|B|71NO|71OO|2GP
3JZ|RG|4|4|S|6|N|0|0|0|0|0|0|4|4|0|0|1X|0|B|71OQ|71QB|2GQ
3JZ|RG|4|4|S|3|N|0|0|0|0|0|0|4|4|0|0|1X|0|B|71QB|71R5|2GQ
3K1|RG|4|4|S|52|N|0|0|0|0|0|0|4|4|0|0|1X|0|B|71R9|71TU|2GR
3K1|RG|4|4|S|2H|N|0|0|0|0|7|0|4|4|0|0|1X|0|B|71TU|71VU|2GR
3K2|RG|4|4|S|I|N|0|0|0|0|0|0|4|4|0|2Y|1Q|E|B|71VW|71XH|2GS
3K2|RG|4|4|S|1|N|0|0|0|0|0|0|4|4|0|2B|1A|F|B|71XH|71YE|2GS
3K2|RG|4|4|S|L|N|0|0|0|0|0|0|4|4|0|0|1X|7|B|71YE|7208|2GS
3K3|RG|4|4|S|U|N|0|0|0|2|0|0|4|4|0|0|1X|0|B|720A|723P|2GT
3K4|RG|4|4|S|1|N|0|0|0|0|0|0|4|4|0|16|G|D|B|723R|725R|2GU
3K4|RG|4|4|S|C|N|0|0|0|1|0|0|4|4|0|0|1X|0|B|725R|726C|2GU
3K5|RG|4|4|S|D|N|0|0|0|0|0|0|4|4|0|0|1X|0|B|726E|7282|2GV
3K5|RG|4|4|S|Z|N|7|7|0|1|0|0|4|4|0|1F|X|Q|B|7282|72BP|2GV
3K5|RG|4|4|S|1|N|0|0|0|0|0|0|4|4|0|2Y|1Q|E|B|72BP|72CA|2GV
3K6|RG|4|4|S|3|N|0|0|0|0|0|0|4|4|0|0|1X|0|B|72CC|72DL|2GW
3K6|RG|4|4|S|6|N|0|0|0|0|0|0|4|4|0|0|1X|0|B|72DL|72FW|2GW
3K6|RG|4|4|S|3|N|0|0|0|0|0|0|4|4|0|0|1X|0|B|72FW|72HZ|2GW
3K8|RH|4|4|H|1|N|0|0|0|0|0|0|4|4|0|0|1X|2|0|72I3|72IU|2GX
3KA|RH|4|4|S|1|N|0|0|0|0|0|0|4|4|0|0|1X|0|B|72KC|72KX|2GY
3KA|RH|4|4|S|1|N|0|0|0|0|0|0|4|4|0|0|1X|0|B|72KX|72LC|2GY
3KB|RH|4|4|S|X|N|0|0|0|0|0|0|4|4|0|0|1X|0|B|72LE|72MN|2GZ
3KC|RH|4|4|S|2|N|0|0|0|0|0|0|4|4|0|0|1X|0|B|72MP|72NY|2H0
3KD|RH|4|4|S|1|N|0|0|0|0|0|0|4|4|0|2Y|1Q|E|B|72O0|72OL|2H1
3KD|RH|4|4|S|3|N|0|0|0|0|0|0|4|4|0|0|1X|0|B|72OL|72PO|2H1
3KD|RH|4|4|S|7|N|0|0|0|0|0|0|4|4|0|7|6|F|B|72PO|72QF|2H1
3KD|RH|4|4|S|D|N|0|0|0|0|0|0|4|4|0|0|1X|0|B|72QF|72R0|2H1
3KE|RH|4|4|S|1|N|0|0|0|0|0|0|4|4|0|0|1X|0|B|72R2|72RZ|2H2
3KE|RH|4|4|S|1|N|0|0|0|0|0|0|4|4|0|0|1X|0|B|72RZ|72ST|2H2
3KE|RH|4|4|S|1|N|0|0|0|0|0|0|4|4|0|0|1X|0|B|72ST|72TK|2H2
3KG|RI|4|4|H|1|N|0|0|0|0|0|0|4|4|0|0|1X|2|0|72TO|72U9|2H3
3KI|RI|4|4|S|1|N|0|1|0|0|0|0|4|4|0|0|1X|0|B|72VR|72WM|2H4
3KJ|RI|4|4|S|1|N|0|0|0|0|0|0|4|4|0|0|1X|0|B|72WO|72X3|2H5
3KJ|RI|4|4|S|R|N|0|0|0|0|0|0|4|4|0|0|1X|0|B|72X3|72ZF|2H5
3KJ|RI|4|4|S|3|N|0|0|0|0|0|0|4|4|0|0|1X|0|B|72ZF|730X|2H5
3KJ|RI|4|4|S|8|N|0|0|0|0|0|0|4|4|0|0|1X|0|B|730X|7328|2H5
3KK|RI|4|4|S|3|N|0|0|0|0|2|0|4|4|0|0|1X|0|B|732A|733G|2H6
3KK|RI|4|4|D|1|L|1|0|0|0|0|0|4|4|0|0|1X|6|D|733G|7353|2H6
3KL|RI|4|4|S|32|N|0|0|0|0|0|0|4|4|0|0|1X|7|B|7355|737Z|2H7
3KL|RI|4|4|S|1|N|0|0|0|0|0|0|4|4|0|0|1X|0|B|737Z|7395|2H7
3KM|RI|4|4|D|1|U|1|0|0|0|0|0|4|4|0|0|1X|6|D|7397|73AO|2H8
3KO|RI|4|4|S|1|N|0|3|0|0|0|0|4|4|0|0|1X|0|B|73AS|73BN|2H9
3KP|RI|4|4|S|2|N|0|0|0|0|0|0|4|4|0|0|1X|0|B|73BP|73CA|2HA
3KP|RI|4|4|S|1|N|0|0|0|0|0|0|4|4|0|0|1X|0|B|73CA|73CY|2HA
3KP|RI|4|4|S|C|N|0|0|0|0|0|0|4|4|0|0|1X|0|B|73CY|73FM|2HA
3KQ|RI|4|4|S|3|N|0|0|0|0|0|0|4|4|0|J|C|F|B|73FO|73HL|2HB
3KQ|RI|4|4|S|1|N|0|0|0|0|0|0|4|4|0|0|1X|0|B|73HL|73I3|2HB
3KR|RI|4|4|S|3|N|0|0|0|0|0|0|4|4|0|0|1X|0|B|73I5|73JB|2HC
3KR|RI|4|4|D|H|C|0|0|0|0|0|0|4|4|0|0|1X|L|D|73JB|73KZ|2HC
3KR|RI|4|4|D|1|C|0|0|0|0|0|0|4|4|0|0|1X|6|D|73KZ|73LW|2HC
3KR|RI|4|4|S|5|N|0|0|0|0|0|0|4|4|0|0|1X|0|B|73LW|73NE|2HC
3KS|RI|4|4|D|1|U|1|0|0|0|0|0|4|4|0|0|1X|6|D|73NG|73OL|2HD
3KU|RI|4|4|S|1|N|0|A|0|0|0|0|4|4|0|0|1X|0|B|73OP|73PK|2HE
3KV|RI|4|4|S|A|N|0|0|0|0|0|0|4|4|0|0|1X|0|B|73PM|73QP|2HF
3KV|RI|4|4|S|A|N|0|0|0|0|0|0|4|4|0|J|C|F|B|73QP|73S7|2HF
3KV|RI|4|4|S|1|N|0|0|0|0|0|0|4|4|0|0|1X|0|B|73S7|73T4|2HF
3KV|RI|4|4|S|1|N|0|0|0|0|0|0|4|4|0|0|1X|0|B|73T4|73U4|2HF
3KW|RI|4|4|S|3|N|0|0|0|0|0|0|4|4|0|0|1X|7|B|73U6|73V9|2HG
3KW|RI|4|4|S|H|N|0|0|0|0|0|0|4|4|0|0|1X|0|B|73V9|73WO|2HG
3KW|RI|4|4|S|3|N|0|0|0|0|0|0|4|4|0|0|1X|0|B|73WO|73XI|2HG
3KX|RI|4|4|S|1|N|0|0|0|0|0|0|4|4|0|0|1X|0|B|73XK|73Z2|2HH
3KZ|RI|4|4|S|1|N|0|8|0|0|0|0|4|4|0|0|1X|0|B|73Z6|7401|2HI
3L0|RI|4|4|S|1|N|0|0|0|0|0|0|4|4|0|0|1X|0|B|7403|740I|2HJ
3L0|RI|4|4|S|3|N|0|0|0|0|0|0|4|4|0|7|6|F|B|740I|7439|2HJ
3L0|RI|4|4|S|3|N|0|0|0|0|0|0|4|4|0|0|1X|0|B|7439|744F|2HJ
3L0|RI|4|4|S|3|N|0|0|0|0|0|0|4|4|0|0|1X|0|B|744F|746C|2HJ
3L1|RI|4|4|S|D|N|0|0|0|1|0|0|4|4|0|0|1X|7|B|746E|747T|2HK
3L1|RI|4|4|S|1X|N|0|0|0|0|0|0|4|4|0|0|1X|0|B|747T|749B|2HK
3L1|RI|4|4|S|3|N|0|0|0|0|0|0|4|4|0|2Y|1Q|E|B|749B|74AK|2HK
3L1|RI|4|4|S|1|N|0|0|0|0|0|0|4|4|0|0|1X|0|B|74AK|74BK|2HK
3L2|RI|4|4|S|4|N|0|0|0|0|0|0|4|4|0|0|1X|0|B|74BM|74CY|2HL
3L2|RI|4|4|S|O|N|0|0|0|0|0|0|4|4|0|1I|Z|E|B|74CY|74E1|2HL
3L3|RI|4|4|D|1|U|1|0|0|0|0|0|4|4|0|0|1X|6|D|74E3|74FW|2HM
3L5|RI|4|4|S|1|N|0|9|0|0|0|0|4|4|0|0|1X|0|B|74G0|74GP|2HN
3L6|RI|4|4|S|C|N|0|0|0|0|0|0|4|4|0|0|1X|0|B|74GR|74HO|2HO
3L6|RI|4|4|S|3|N|0|0|0|0|0|0|4|4|0|0|1X|0|B|74HO|74IR|2HO
3L6|RI|4|4|D|4N|C|0|0|0|0|0|0|4|4|0|0|1X|O|D|74IR|74KC|2HO
3L7|RI|4|4|S|3|N|0|0|0|1|0|0|4|4|0|12|2|E|B|74KE|74MB|2HP
3L7|RI|4|4|S|C|N|0|0|0|0|0|0|4|4|0|0|1X|0|B|74MB|74N2|2HP
3L7|RI|4|4|S|D|N|0|0|0|0|0|0|4|4|0|0|1X|0|B|74N2|74O5|2HP
3L8|RI|4|4|S|L|N|0|0|0|2|0|0|4|4|0|7|6|F|B|74O7|74PY|2HQ
3L8|RI|4|4|S|6|N|0|0|0|0|0|0|4|4|0|0|1X|0|B|74PY|74RD|2HQ
3L9|RI|4|4|D|1|Y|1|0|0|0|0|0|4|4|0|0|1X|6|D|74RF|74TQ|2HR
3LB|RI|4|4|S|1|N|0|7|0|0|0|0|4|4|0|0|1X|0|B|74TU|74UP|2HS
3LC|RI|4|4|S|1|N|0|0|0|0|0|0|4|4|0|0|1X|0|B|74UR|74V6|2HT
3LC|RI|4|4|S|1X|N|0|0|0|0|0|0|4|4|0|0|1X|7|B|74V6|74XL|2HT
3LC|RI|4|4|S|7|N|0|0|0|0|0|0|4|4|0|0|1X|0|B|74XL|74Y6|2HT
3LD|RI|4|4|S|1|N|0|0|0|0|0|0|4|4|0|0|1X|0|B|74Y8|74ZH|2HU
3LD|RI|4|4|S|7|N|0|0|0|0|0|0|4|4|0|0|1X|0|B|74ZH|750Q|2HU
3LD|RI|4|4|S|1|N|0|0|0|0|0|0|4|4|0|0|1X|0|B|750Q|7522|2HU
3LE|RI|4|4|S|P|N|5|0|0|0|0|0|4|4|0|0|1X|0|B|7524|7553|2HV
3LE|RI|4|4|S|14|N|0|0|0|0|0|0|4|4|0|0|1X|0|B|7553|755U|2HV
3LE|RI|4|4|S|24|N|0|0|0|0|0|0|4|4|0|14|R|D|B|755U|758C|2HV
3LF|RI|4|4|D|4|C|0|0|0|1|0|0|4|4|0|0|1X|6|D|758E|759N|2HW
3LF|RI|4|4|D|25|C|0|0|0|0|0|0|4|4|0|0|1X|6|D|759N|75BE|2HW
3LG|RI|4|4|D|1|U|1|0|0|0|0|0|4|4|0|0|1X|6|D|75BG|75DN|2HX
3LJ|RJ|4|5|S|1|N|0|0|0|0|0|0|4|4|0|0|1X|0|B|75ER|75F8|2HY
3LM|RK|4|5|H|1|N|0|0|0|0|0|0|4|4|0|0|1X|2|0|75GC|75GU|2HZ
3LO|RK|4|5|S|3|N|0|0|0|0|0|0|4|4|0|0|1X|0|B|75IC|75JO|2I0
3LP|RK|4|5|S|1|N|0|0|0|0|0|0|4|4|0|0|1X|0|B|75JQ|75LW|2I1
3LP|RK|4|5|S|1|N|0|0|0|0|0|0|4|4|0|0|1X|0|B|75LW|75ME|2I1
3LQ|RK|4|5|S|I|N|0|0|0|0|0|0|4|4|0|0|1X|0|B|75MG|75O7|2I2
3LR|RK|4|5|S|4|N|0|0|0|2|0|0|4|4|0|0|1X|0|B|75O9|75PO|2I3
3LR|RK|4|5|S|O|N|0|0|0|0|0|0|4|4|0|0|1X|0|B|75PO|75QL|2I3
3LS|RK|4|5|S|3|N|0|0|2|0|0|0|4|4|0|0|1X|0|B|75QN|75RN|2I4
3LU|RK|4|5|S|T|N|0|0|0|0|0|0|4|4|0|2G|1I|Q|B|75RR|75VI|2I5
3LV|RK|4|5|S|1|N|0|0|0|0|0|0|4|4|0|0|1X|0|B|75VK|75WZ|2I6
3LV|RK|4|5|S|K|N|0|0|0|0|0|0|4|4|0|0|1X|0|B|75WZ|75YK|2I6
3LW|RK|4|5|S|2J|N|0|0|0|1|0|0|4|4|0|1R|X|D|B|75YM|762A|2I7
3LX|RK|4|5|S|1|N|0|0|0|2|0|0|4|4|0|0|1X|0|B|762C|763L|2I8
3LX|RK|4|5|S|I|N|0|0|0|0|0|0|4|4|0|0|1X|0|B|763L|765C|2I8
3LY|RK|4|5|S|3|N|0|0|0|0|0|0|4|4|0|0|1X|0|B|765E|766T|2I9
3LY|RK|4|5|S|13|N|0|0|0|0|0|0|4|4|0|H|6|F|B|766T|768Q|2I9
3LZ|RK|4|5|S|3|N|0|0|0|0|0|0|4|4|0|0|1X|0|B|768S|76A1|2IA
3LZ|RK|4|5|S|1|N|0|0|0|0|0|0|4|4|0|0|1X|0|B|76A1|76B1|2IA
3M1|RL|4|5|H|1|N|0|0|0|0|0|0|4|4|0|0|1X|2|0|76B5|76BN|2IB
3M3|RL|4|5|S|1|N|0|0|0|0|0|0|4|4|0|0|1X|0|B|76D5|76EK|2IC
3M3|RL|4|5|S|3Z|N|0|0|0|1|19|0|4|4|0|0|1X|U|B|76EK|76GN|2IC
3M3|RL|4|5|S|7|N|0|0|0|0|0|0|4|4|0|0|1X|0|B|76GN|76H8|2IC
3M4|RL|4|5|S|2|N|0|0|0|0|0|0|4|4|0|0|1X|0|B|76HA|76IP|2ID
3M5|RL|4|5|S|1|N|0|2|0|0|0|0|4|4|0|0|1X|0|B|76IR|76K3|2IE
3M5|RL|4|5|S|X|N|0|1|0|0|0|0|4|4|0|0|1X|0|B|76K3|76L0|2IE
3M5|RL|4|5|S|7|N|0|0|0|0|5|0|4|4|0|0|1X|0|B|76L0|76LX|2IE
3M5|RL|4|5|S|3|N|0|0|0|0|0|0|4|4|0|0|1X|7|B|76LX|76MO|2IE
3M5|RL|4|5|S|1|N|0|0|0|0|0|0|4|4|0|0|1X|0|B|76MO|76N9|2IE
3M7|RM|4|5|H|1|N|0|0|0|0|0|0|4|4|0|0|1X|2|0|76ND|76NV|2IF
3M9|RM|4|5|S|3A|N|6|0|0|0|0|0|4|4|0|2J|X|D|B|76PD|76RP|2IG
3MB|RN|4|5|H|1|N|0|0|0|0|0|0|4|4|0|0|1X|2|0|76RT|76SE|2IH
3MD|RN|4|5|S|3|N|0|1|0|0|0|0|4|4|0|0|1X|0|B|76TW|76UX|2II
3ME|RN|4|5|S|2|N|0|0|0|0|0|0|4|4|0|0|1X|0|B|76UZ|76WE|2IJ
3ME|RN|4|5|S|1|N|0|B|0|0|0|0|4|4|0|0|1X|0|B|76WE|76XQ|2IJ
3ME|RN|4|5|S|3|N|0|0|0|0|0|0|4|4|0|0|1X|0|B|76XQ|76YN|2IJ
3ME|RN|4|5|S|3|N|0|0|0|0|0|0|4|4|0|0|1X|7|B|76YN|76ZQ|2IJ
3MF|RN|4|5|S|D|N|0|0|0|0|0|0|4|4|0|0|1X|0|B|76ZS|7717|2IK
3MF|RN|4|5|S|3|N|0|0|0|0|0|0|4|4|0|0|1X|0|B|7717|772A|2IK
3MF|RN|4|5|S|3|N|0|0|0|0|0|0|4|4|0|0|1X|0|B|772A|773A|2IK
3MG|RN|4|5|S|3|N|0|0|0|0|25|0|4|4|0|0|1X|0|B|773C|775F|2IL
3MG|RN|4|5|S|3|N|0|0|0|1|0|0|4|4|0|0|1X|0|B|775F|776O|2IL
3MH|RN|4|5|S|3|N|0|0|0|0|0|0|4|4|0|0|1X|0|B|776Q|7794|2IM
3MH|RN|4|5|S|1|N|0|0|0|0|0|0|4|4|0|0|1X|0|B|7794|77A7|2IM
3MH|RN|4|5|S|56|N|0|0|0|0|0|0|4|4|0|0|1X|0|B|77A7|77BL|2IM
3MH|RN|4|5|S|D|N|0|0|0|0|0|0|4|4|0|0|1X|0|B|77BL|77CZ|2IM
3MI|RN|4|5|D|1|U|1|0|0|0|0|0|4|4|0|0|1X|6|D|77D1|77EZ|2IN
3MK|RN|4|5|S|3|N|0|3|0|0|0|0|4|4|0|0|1X|0|B|77F3|77G4|2IO
3ML|RN|4|5|S|2|N|0|0|0|0|0|0|4|4|0|0|1X|0|B|77G6|77HC|2IP
3ML|RN|4|5|S|1X|N|0|0|0|0|0|0|4|4|0|0|1X|0|B|77HC|77JO|2IP
3MM|RN|4|5|S|K|N|0|0|0|0|0|0|4|4|0|0|1X|7|B|77JQ|77LT|2IQ
3MN|RN|4|5|S|1|N|0|0|0|0|0|0|4|4|0|0|1X|0|B|77LV|77NJ|2IR
3MN|RN|4|5|S|7|N|0|0|0|0|0|0|4|4|0|0|1X|0|B|77NJ|77OP|2IR
3MO|RN|4|5|S|3|N|0|0|0|1|0|0|4|4|0|0|1X|0|B|77OR|77R0|2IS
3MO|RN|4|5|S|3|N|0|0|0|1|0|0|4|4|0|0|1X|8|B|77R0|77S3|2IS
3MP|RN|4|5|S|I|N|0|0|0|2|0|0|4|4|0|0|1X|0|B|77S5|77TK|2IT
3MQ|RN|4|5|D|1|Y|1|0|0|0|0|0|4|4|0|0|1X|6|D|77TM|77VO|2IU
3MS|RN|4|5|S|3|N|0|A|0|0|0|0|4|4|0|0|1X|0|B|77VS|77WT|2IV
3MT|RN|4|5|S|2|N|0|0|0|0|0|0|4|4|0|0|1X|0|B|77WV|77Y1|2IW
3MT|RN|4|5|S|Z|N|0|A|0|0|0|0|4|4|0|0|1X|0|B|77Y1|77ZJ|2IW
3MT|RN|4|5|S|1|N|0|0|0|0|0|0|4|4|0|0|1X|0|B|77ZJ|780S|2IW
3MU|RN|4|5|S|L|N|0|0|0|0|0|0|4|4|0|2J|X|D|B|780U|7829|2IX
3MU|RN|4|5|S|C|N|0|0|0|0|0|0|4|4|0|0|1X|0|B|7829|782X|2IX
3MV|RN|4|5|S|3|N|0|0|0|0|L|0|4|4|0|0|1X|0|B|782Z|783Z|2IY
3MW|RN|4|5|S|D|N|0|0|0|2|0|0|4|4|0|0|1X|0|B|7841|785Y|2IZ
3MW|RN|4|5|S|3|N|0|0|0|0|0|0|4|4|0|0|1X|0|B|785Y|786Y|2IZ
3MX|RN|4|5|S|3|N|0|0|0|1|0|0|4|4|0|2G|1I|D|B|7870|788L|2J0
3MY|RN|4|5|S|X|N|0|0|0|1|0|0|4|4|0|3H|21|E|B|788N|78AN|2J1
3MY|RN|4|5|S|3H|N|0|0|0|2|0|0|4|4|0|G|D|E|B|78AN|78CH|2J1
3MZ|RN|4|5|D|1|Y|1|0|0|0|0|0|4|4|0|0|1X|6|D|78CJ|78ES|2J2
3N1|RN|4|5|S|1|N|0|8|0|0|0|0|4|4|0|0|1X|0|B|78EW|78FL|2J3
3N2|RN|4|5|S|1|N|0|0|0|0|0|0|4|4|0|0|1X|0|B|78FN|78G5|2J4
3N2|RN|4|5|S|7|N|0|C|0|0|0|0|4|4|0|0|1X|0|B|78G5|78IB|2J4
3N2|RN|4|5|S|8|N|0|0|0|0|0|0|4|4|0|0|1X|0|B|78IB|78J2|2J4
3N3|RN|4|5|S|1|N|0|1|0|0|0|0|4|4|0|0|1X|0|B|78J4|78KR|2J5
3N3|RN|4|5|S|57|N|0|0|0|0|0|0|4|4|0|0|1X|0|B|78KR|78N2|2J5
3N4|RN|4|5|S|6|N|0|0|0|1|0|0|4|4|0|0|1X|0|B|78N4|78P7|2J6
3N5|RN|4|5|D|1|Y|1|0|0|0|0|0|4|4|0|0|1X|6|D|78P9|78RC|2J7
3N7|RN|4|5|S|1|N|0|9|0|0|0|0|4|4|0|0|1X|0|B|78RG|78S5|2J8
3N8|RN|4|5|S|1|N|0|0|0|0|0|0|4|4|0|0|1X|0|B|78S7|78SS|2J9
3N8|RN|4|5|S|3|N|0|0|0|0|0|0|4|4|0|0|1X|0|B|78SS|78TD|2J9
3N8|RN|4|5|S|3|N|0|0|0|0|0|0|4|4|0|0|1X|0|B|78TD|78UA|2J9
3N9|RN|4|5|S|1|N|0|0|0|0|0|0|4|4|0|0|1X|0|B|78UC|78V6|2JA
3N9|RN|4|5|S|3|N|0|0|0|0|0|0|4|4|0|0|1X|0|B|78V6|78W6|2JA
3NA|RN|4|5|S|1|N|0|0|0|2|0|0|4|4|0|G|D|E|B|78W8|78XE|2JB
3NA|RN|4|5|S|1|N|0|0|0|1|0|0|4|4|0|A|9|E|B|78XE|78Y5|2JB
3NB|RN|4|5|D|3|C|0|0|0|0|6|0|4|4|0|0|1X|6|D|78Y7|7901|2JC
3NC|RN|4|5|D|1|U|1|0|0|0|0|0|4|4|0|0|1X|6|D|7903|791L|2JD
